2026-08-17 21:50:36 - o.h.validator.internal.util.Version - HV000001: Hibernate Validator 9.1.0.Final
2026-08-17 21:50:36 - c.r.E.ExpenseTrackerApplication - Starting ExpenseTrackerApplication using Java 25.0.2 with PID 6849 (/Users/rakeshkuratti/Desktop/Projcts/ExpenseTracker/target/classes started by rakeshkuratti in /Users/rakeshkuratti/Desktop/Projcts/ExpenseTracker)
2026-08-17 21:50:36 - c.r.E.ExpenseTrackerApplication - No active profile set, falling back to 1 default profile: "default"
2026-08-17 21:50:37 - o.s.d.r.c.RepositoryConfigurationDelegate - Bootstrapping Spring Data JPA repositories in DEFAULT mode.
2026-08-17 21:50:37 - o.s.d.r.c.RepositoryConfigurationDelegate - Finished Spring Data repository scanning in 38 ms. Found 1 JPA repository interface.
2026-08-17 21:50:37 - o.s.boot.tomcat.TomcatWebServer - Tomcat initialized with port 8082 (http)
2026-08-17 21:50:37 - o.a.coyote.http11.Http11NioProtocol - Initializing ProtocolHandler ["http-nio-8082"]
2026-08-17 21:50:37 - o.a.catalina.core.StandardService - Starting service [Tomcat]
2026-08-17 21:50:37 - o.a.catalina.core.StandardEngine - Starting Servlet engine: [Apache Tomcat/11.0.22]
2026-08-17 21:50:37 - o.s.b.w.c.s.WebApplicationContextInitializer - Root WebApplicationContext: initialization completed in 1072 ms
2026-08-17 21:50:38 - org.hibernate.orm.jpa - HHH008540: Processing PersistenceUnitInfo [name: default]
2026-08-17 21:50:38 - org.hibernate.orm.core - HHH000001: Hibernate ORM core version 7.4.1.Final
2026-08-17 21:50:38 - o.s.o.j.p.SpringPersistenceUnitInfo - No LoadTimeWeaver setup: ignoring JPA class transformer
2026-08-17 21:50:38 - com.zaxxer.hikari.HikariDataSource - HikariPool-1 - Starting...
2026-08-17 21:50:38 - com.zaxxer.hikari.pool.HikariPool - HikariPool-1 - Added connection com.mysql.cj.jdbc.ConnectionImpl@8ee03f5
2026-08-17 21:50:38 - com.zaxxer.hikari.HikariDataSource - HikariPool-1 - Start completed.
2026-08-17 21:50:38 - org.hibernate.orm.deprecation - HHH90000025: MySQLDialect does not need to be specified explicitly using 'hibernate.dialect' (remove the property setting and it will be selected by default)
2026-08-17 21:50:38 - o.hibernate.orm.connections.pooling - HHH10001005: Database info:
	Database JDBC URL [jdbc:mysql://localhost:3306/ExpenseTracker]
	Database driver: MySQL Connector/J
	Database dialect: MySQLDialect
	Database version: 8.0.45
	Default catalog/schema: ExpenseTracker/undefined
	Autocommit mode: undefined/unknown
	Isolation level: REPEATABLE_READ [default REPEATABLE_READ]
	JDBC fetch size: none
	Pool: DataSourceConnectionProvider
	Minimum pool size: undefined/unknown
	Maximum pool size: undefined/unknown
2026-08-17 21:50:39 - org.hibernate.orm.core - HHH000489: No JTA platform available (set 'hibernate.transaction.jta.platform' to enable JTA platform integration)
2026-08-17 21:50:39 - o.s.o.j.LocalContainerEntityManagerFactoryBean - Initialized JPA EntityManagerFactory for persistence unit 'default'
2026-08-17 21:50:39 - o.s.d.j.r.q.QueryEnhancerFactories - Hibernate is in classpath; If applicable, HQL parser will be used.
2026-08-17 21:50:39 - o.s.b.j.a.JpaBaseConfiguration$JpaWebConfiguration - spring.jpa.open-in-view is enabled by default. Therefore, database queries may be performed during view rendering. Explicitly configure spring.jpa.open-in-view to disable this warning
2026-08-17 21:50:40 - o.a.coyote.http11.Http11NioProtocol - Starting ProtocolHandler ["http-nio-8082"]
2026-08-17 21:50:40 - o.s.boot.tomcat.TomcatWebServer - Tomcat started on port 8082 (http) with context path '/'
2026-08-17 21:50:40 - c.r.E.ExpenseTrackerApplication - Started ExpenseTrackerApplication in 3.968 seconds (process running for 4.498)
2026-08-17 21:50:54 - o.s.boot.tomcat.GracefulShutdown - Commencing graceful shutdown. Waiting for active requests to complete
2026-08-17 21:50:56 - o.s.boot.tomcat.GracefulShutdown - Graceful shutdown complete
2026-08-17 21:50:56 - o.s.o.j.LocalContainerEntityManagerFactoryBean - Closing JPA EntityManagerFactory for persistence unit 'default'
2026-08-17 21:50:56 - com.zaxxer.hikari.HikariDataSource - HikariPool-1 - Shutdown initiated...
2026-08-17 21:50:56 - com.zaxxer.hikari.HikariDataSource - HikariPool-1 - Shutdown completed.
2026-08-17 21:51:29 - o.h.validator.internal.util.Version - HV000001: Hibernate Validator 9.1.0.Final
2026-08-17 21:51:29 - c.r.E.ExpenseTrackerApplication - Starting ExpenseTrackerApplication using Java 25.0.2 with PID 6862 (/Users/rakeshkuratti/Desktop/Projcts/ExpenseTracker/target/classes started by rakeshkuratti in /Users/rakeshkuratti/Desktop/Projcts/ExpenseTracker)
2026-08-17 21:51:29 - c.r.E.ExpenseTrackerApplication - No active profile set, falling back to 1 default profile: "default"
2026-08-17 21:51:29 - o.s.d.r.c.RepositoryConfigurationDelegate - Bootstrapping Spring Data JPA repositories in DEFAULT mode.
2026-08-17 21:51:29 - o.s.d.r.c.RepositoryConfigurationDelegate - Finished Spring Data repository scanning in 41 ms. Found 1 JPA repository interface.
2026-08-17 21:51:30 - o.s.boot.tomcat.TomcatWebServer - Tomcat initialized with port 8082 (http)
2026-08-17 21:51:30 - o.a.coyote.http11.Http11NioProtocol - Initializing ProtocolHandler ["http-nio-8082"]
2026-08-17 21:51:30 - o.a.catalina.core.StandardService - Starting service [Tomcat]
2026-08-17 21:51:30 - o.a.catalina.core.StandardEngine - Starting Servlet engine: [Apache Tomcat/11.0.22]
2026-08-17 21:51:30 - o.s.b.w.c.s.WebApplicationContextInitializer - Root WebApplicationContext: initialization completed in 1165 ms
2026-08-17 21:51:30 - org.hibernate.orm.jpa - HHH008540: Processing PersistenceUnitInfo [name: default]
2026-08-17 21:51:30 - org.hibernate.orm.core - HHH000001: Hibernate ORM core version 7.4.1.Final
2026-08-17 21:51:31 - o.s.o.j.p.SpringPersistenceUnitInfo - No LoadTimeWeaver setup: ignoring JPA class transformer
2026-08-17 21:51:31 - com.zaxxer.hikari.HikariDataSource - HikariPool-1 - Starting...
2026-08-17 21:51:31 - com.zaxxer.hikari.pool.HikariPool - HikariPool-1 - Added connection com.mysql.cj.jdbc.ConnectionImpl@2b3b1124
2026-08-17 21:51:31 - com.zaxxer.hikari.HikariDataSource - HikariPool-1 - Start completed.
2026-08-17 21:51:31 - org.hibernate.orm.deprecation - HHH90000025: MySQLDialect does not need to be specified explicitly using 'hibernate.dialect' (remove the property setting and it will be selected by default)
2026-08-17 21:51:31 - o.hibernate.orm.connections.pooling - HHH10001005: Database info:
	Database JDBC URL [jdbc:mysql://localhost:3306/ExpenseTracker]
	Database driver: MySQL Connector/J
	Database dialect: MySQLDialect
	Database version: 8.0.45
	Default catalog/schema: ExpenseTracker/undefined
	Autocommit mode: undefined/unknown
	Isolation level: REPEATABLE_READ [default REPEATABLE_READ]
	JDBC fetch size: none
	Pool: DataSourceConnectionProvider
	Minimum pool size: undefined/unknown
	Maximum pool size: undefined/unknown
2026-08-17 21:51:32 - org.hibernate.orm.core - HHH000489: No JTA platform available (set 'hibernate.transaction.jta.platform' to enable JTA platform integration)
2026-08-17 21:51:32 - o.s.o.j.LocalContainerEntityManagerFactoryBean - Initialized JPA EntityManagerFactory for persistence unit 'default'
2026-08-17 21:51:32 - o.s.d.j.r.q.QueryEnhancerFactories - Hibernate is in classpath; If applicable, HQL parser will be used.
2026-08-17 21:51:32 - o.s.b.j.a.JpaBaseConfiguration$JpaWebConfiguration - spring.jpa.open-in-view is enabled by default. Therefore, database queries may be performed during view rendering. Explicitly configure spring.jpa.open-in-view to disable this warning
2026-08-17 21:51:32 - o.a.coyote.http11.Http11NioProtocol - Starting ProtocolHandler ["http-nio-8082"]
2026-08-17 21:51:32 - o.s.boot.tomcat.TomcatWebServer - Tomcat started on port 8082 (http) with context path '/'
2026-08-17 21:51:32 - c.r.E.ExpenseTrackerApplication - Started ExpenseTrackerApplication in 4.121 seconds (process running for 4.558)
2026-08-17 21:51:55 - o.a.coyote.http11.Http11Processor - Error parsing HTTP request header
 Note: further occurrences of HTTP request parsing errors will be logged at DEBUG level.
java.lang.IllegalArgumentException: Invalid character found in method name [0x160x030x010x020x000x010x000x010xfc0x030x03%0xaa0x1d0x920x8f0xc80x07X0xde0xba;50xba:s0xf7E0x070x020xfd0xdb0xe0"0x9a0x83y0x9d90xe10xe0AW ]. HTTP method names must be tokens
	at org.apache.coyote.http11.Http11InputBuffer.parseRequestLine(Http11InputBuffer.java:391)
	at org.apache.coyote.http11.Http11Processor.service(Http11Processor.java:270)
	at org.apache.coyote.AbstractProcessorLight.process(AbstractProcessorLight.java:63)
	at org.apache.coyote.AbstractProtocol$ConnectionHandler.process(AbstractProtocol.java:1272)
	at org.apache.tomcat.util.net.NioEndpoint$SocketProcessor.doRun(NioEndpoint.java:1801)
	at org.apache.tomcat.util.net.SocketProcessorBase.run(SocketProcessorBase.java:52)
	at org.apache.tomcat.util.threads.ThreadPoolExecutor.runWorker(ThreadPoolExecutor.java:946)
	at org.apache.tomcat.util.threads.ThreadPoolExecutor$Worker.run(ThreadPoolExecutor.java:480)
	at org.apache.tomcat.util.threads.TaskThread$WrappingRunnable.run(TaskThread.java:57)
	at java.base/java.lang.Thread.run(Thread.java:1474)
2026-08-17 21:52:13 - o.a.coyote.http11.Http11Processor - Error parsing HTTP request header
 Note: further occurrences of HTTP request parsing errors will be logged at DEBUG level.
java.lang.IllegalArgumentException: Invalid character found in method name [0x160x030x010x020x000x010x000x010xfc0x030x03n0xe90xfcWX0xf70x8c0xc50xab0xebx0x170x83?0xda0xc30xc70xc5y0x1bf70x1d/0x7f0xff[0xe00xf80xf1 ]. HTTP method names must be tokens
	at org.apache.coyote.http11.Http11InputBuffer.parseRequestLine(Http11InputBuffer.java:391)
	at org.apache.coyote.http11.Http11Processor.service(Http11Processor.java:270)
	at org.apache.coyote.AbstractProcessorLight.process(AbstractProcessorLight.java:63)
	at org.apache.coyote.AbstractProtocol$ConnectionHandler.process(AbstractProtocol.java:1272)
	at org.apache.tomcat.util.net.NioEndpoint$SocketProcessor.doRun(NioEndpoint.java:1801)
	at org.apache.tomcat.util.net.SocketProcessorBase.run(SocketProcessorBase.java:52)
	at org.apache.tomcat.util.threads.ThreadPoolExecutor.runWorker(ThreadPoolExecutor.java:946)
	at org.apache.tomcat.util.threads.ThreadPoolExecutor$Worker.run(ThreadPoolExecutor.java:480)
	at org.apache.tomcat.util.threads.TaskThread$WrappingRunnable.run(TaskThread.java:57)
	at java.base/java.lang.Thread.run(Thread.java:1474)
2026-08-17 21:53:13 - o.s.boot.tomcat.GracefulShutdown - Commencing graceful shutdown. Waiting for active requests to complete
2026-08-17 21:53:15 - o.s.boot.tomcat.GracefulShutdown - Graceful shutdown complete
2026-08-17 21:53:15 - o.s.o.j.LocalContainerEntityManagerFactoryBean - Closing JPA EntityManagerFactory for persistence unit 'default'
2026-08-17 21:53:15 - com.zaxxer.hikari.HikariDataSource - HikariPool-1 - Shutdown initiated...
2026-08-17 21:53:15 - com.zaxxer.hikari.HikariDataSource - HikariPool-1 - Shutdown completed.
2026-08-17 21:53:25 - o.h.validator.internal.util.Version - HV000001: Hibernate Validator 9.1.0.Final
2026-08-17 21:53:25 - c.r.E.ExpenseTrackerApplication - Starting ExpenseTrackerApplication using Java 25.0.2 with PID 6884 (/Users/rakeshkuratti/Desktop/Projcts/ExpenseTracker/target/classes started by rakeshkuratti in /Users/rakeshkuratti/Desktop/Projcts/ExpenseTracker)
2026-08-17 21:53:25 - c.r.E.ExpenseTrackerApplication - No active profile set, falling back to 1 default profile: "default"
2026-08-17 21:53:25 - o.s.d.r.c.RepositoryConfigurationDelegate - Bootstrapping Spring Data JPA repositories in DEFAULT mode.
2026-08-17 21:53:25 - o.s.d.r.c.RepositoryConfigurationDelegate - Finished Spring Data repository scanning in 51 ms. Found 1 JPA repository interface.
2026-08-17 21:53:26 - o.s.boot.tomcat.TomcatWebServer - Tomcat initialized with port 8082 (http)
2026-08-17 21:53:26 - o.a.coyote.http11.Http11NioProtocol - Initializing ProtocolHandler ["http-nio-8082"]
2026-08-17 21:53:26 - o.a.catalina.core.StandardService - Starting service [Tomcat]
2026-08-17 21:53:26 - o.a.catalina.core.StandardEngine - Starting Servlet engine: [Apache Tomcat/11.0.22]
2026-08-17 21:53:26 - o.s.b.w.c.s.WebApplicationContextInitializer - Root WebApplicationContext: initialization completed in 1086 ms
2026-08-17 21:53:26 - org.hibernate.orm.jpa - HHH008540: Processing PersistenceUnitInfo [name: default]
2026-08-17 21:53:26 - org.hibernate.orm.core - HHH000001: Hibernate ORM core version 7.4.1.Final
2026-08-17 21:53:27 - o.s.o.j.p.SpringPersistenceUnitInfo - No LoadTimeWeaver setup: ignoring JPA class transformer
2026-08-17 21:53:27 - com.zaxxer.hikari.HikariDataSource - HikariPool-1 - Starting...
2026-08-17 21:53:27 - com.zaxxer.hikari.pool.HikariPool - HikariPool-1 - Added connection com.mysql.cj.jdbc.ConnectionImpl@2b3b1124
2026-08-17 21:53:27 - com.zaxxer.hikari.HikariDataSource - HikariPool-1 - Start completed.
2026-08-17 21:53:27 - org.hibernate.orm.deprecation - HHH90000025: MySQLDialect does not need to be specified explicitly using 'hibernate.dialect' (remove the property setting and it will be selected by default)
2026-08-17 21:53:27 - o.hibernate.orm.connections.pooling - HHH10001005: Database info:
	Database JDBC URL [jdbc:mysql://localhost:3306/ExpenseTracker]
	Database driver: MySQL Connector/J
	Database dialect: MySQLDialect
	Database version: 8.0.45
	Default catalog/schema: ExpenseTracker/undefined
	Autocommit mode: undefined/unknown
	Isolation level: REPEATABLE_READ [default REPEATABLE_READ]
	JDBC fetch size: none
	Pool: DataSourceConnectionProvider
	Minimum pool size: undefined/unknown
	Maximum pool size: undefined/unknown
2026-08-17 21:53:28 - org.hibernate.orm.core - HHH000489: No JTA platform available (set 'hibernate.transaction.jta.platform' to enable JTA platform integration)
2026-08-17 21:53:28 - o.s.o.j.LocalContainerEntityManagerFactoryBean - Initialized JPA EntityManagerFactory for persistence unit 'default'
2026-08-17 21:53:28 - o.s.d.j.r.q.QueryEnhancerFactories - Hibernate is in classpath; If applicable, HQL parser will be used.
2026-08-17 21:53:28 - o.s.b.j.a.JpaBaseConfiguration$JpaWebConfiguration - spring.jpa.open-in-view is enabled by default. Therefore, database queries may be performed during view rendering. Explicitly configure spring.jpa.open-in-view to disable this warning
2026-08-17 21:53:29 - o.a.coyote.http11.Http11NioProtocol - Starting ProtocolHandler ["http-nio-8082"]
2026-08-17 21:53:29 - o.s.boot.tomcat.TomcatWebServer - Tomcat started on port 8082 (http) with context path '/'
2026-08-17 21:53:29 - c.r.E.ExpenseTrackerApplication - Started ExpenseTrackerApplication in 4.234 seconds (process running for 4.634)
2026-08-17 21:56:46 - o.a.c.c.C.[Tomcat].[localhost].[/] - Initializing Spring DispatcherServlet 'dispatcherServlet'
2026-08-17 21:56:46 - o.s.web.servlet.DispatcherServlet - Initializing Servlet 'dispatcherServlet'
2026-08-17 21:56:46 - o.s.web.servlet.DispatcherServlet - Completed initialization in 1 ms
2026-08-17 21:56:46 - c.r.E.controller.expenseController - Service method called using @Slf4j
2026-08-17 21:59:38 - c.r.E.controller.expenseController - Service method called using @Slf4j
2026-08-17 21:59:50 - c.r.E.controller.expenseController - Service method called using @Slf4j
2026-08-17 22:00:34 - c.r.E.controller.expenseController - Service method called using @Slf4j
2026-08-17 22:01:43 - c.r.E.controller.expenseController - Service method called using @Slf4j
2026-08-17 22:02:45 - o.s.boot.tomcat.GracefulShutdown - Commencing graceful shutdown. Waiting for active requests to complete
2026-08-17 22:02:47 - o.s.boot.tomcat.GracefulShutdown - Graceful shutdown complete
2026-08-17 22:02:47 - o.s.o.j.LocalContainerEntityManagerFactoryBean - Closing JPA EntityManagerFactory for persistence unit 'default'
2026-08-17 22:02:47 - com.zaxxer.hikari.HikariDataSource - HikariPool-1 - Shutdown initiated...
2026-08-17 22:02:47 - com.zaxxer.hikari.HikariDataSource - HikariPool-1 - Shutdown completed.
2026-08-17 22:10:05 - o.h.validator.internal.util.Version - HV000001: Hibernate Validator 9.1.0.Final
2026-08-17 22:10:05 - c.r.E.ExpenseTrackerApplication - Starting ExpenseTrackerApplication using Java 25.0.2 with PID 7038 (/Users/rakeshkuratti/Desktop/Projcts/ExpenseTracker/target/classes started by rakeshkuratti in /Users/rakeshkuratti/Desktop/Projcts/ExpenseTracker)
2026-08-17 22:10:05 - c.r.E.ExpenseTrackerApplication - No active profile set, falling back to 1 default profile: "default"
2026-08-17 22:10:06 - o.s.d.r.c.RepositoryConfigurationDelegate - Bootstrapping Spring Data JPA repositories in DEFAULT mode.
2026-08-17 22:10:06 - o.s.d.r.c.RepositoryConfigurationDelegate - Finished Spring Data repository scanning in 43 ms. Found 1 JPA repository interface.
2026-08-17 22:10:06 - o.s.boot.tomcat.TomcatWebServer - Tomcat initialized with port 8082 (http)
2026-08-17 22:10:06 - o.a.coyote.http11.Http11NioProtocol - Initializing ProtocolHandler ["http-nio-8082"]
2026-08-17 22:10:06 - o.a.catalina.core.StandardService - Starting service [Tomcat]
2026-08-17 22:10:06 - o.a.catalina.core.StandardEngine - Starting Servlet engine: [Apache Tomcat/11.0.22]
2026-08-17 22:10:06 - o.s.b.w.c.s.WebApplicationContextInitializer - Root WebApplicationContext: initialization completed in 1082 ms
2026-08-17 22:10:06 - org.hibernate.orm.jpa - HHH008540: Processing PersistenceUnitInfo [name: default]
2026-08-17 22:10:07 - org.hibernate.orm.core - HHH000001: Hibernate ORM core version 7.4.1.Final
2026-08-17 22:10:07 - o.s.o.j.p.SpringPersistenceUnitInfo - No LoadTimeWeaver setup: ignoring JPA class transformer
2026-08-17 22:10:07 - com.zaxxer.hikari.HikariDataSource - HikariPool-1 - Starting...
2026-08-17 22:10:07 - com.zaxxer.hikari.pool.HikariPool - HikariPool-1 - Added connection com.mysql.cj.jdbc.ConnectionImpl@144440f5
2026-08-17 22:10:07 - com.zaxxer.hikari.HikariDataSource - HikariPool-1 - Start completed.
2026-08-17 22:10:07 - org.hibernate.orm.deprecation - HHH90000025: MySQLDialect does not need to be specified explicitly using 'hibernate.dialect' (remove the property setting and it will be selected by default)
2026-08-17 22:10:07 - o.hibernate.orm.connections.pooling - HHH10001005: Database info:
	Database JDBC URL [jdbc:mysql://localhost:3306/ExpenseTracker]
	Database driver: MySQL Connector/J
	Database dialect: MySQLDialect
	Database version: 8.0.45
	Default catalog/schema: ExpenseTracker/undefined
	Autocommit mode: undefined/unknown
	Isolation level: REPEATABLE_READ [default REPEATABLE_READ]
	JDBC fetch size: none
	Pool: DataSourceConnectionProvider
	Minimum pool size: undefined/unknown
	Maximum pool size: undefined/unknown
2026-08-17 22:10:08 - org.hibernate.orm.core - HHH000489: No JTA platform available (set 'hibernate.transaction.jta.platform' to enable JTA platform integration)
2026-08-17 22:10:08 - o.s.o.j.LocalContainerEntityManagerFactoryBean - Initialized JPA EntityManagerFactory for persistence unit 'default'
2026-08-17 22:10:08 - o.s.d.j.r.q.QueryEnhancerFactories - Hibernate is in classpath; If applicable, HQL parser will be used.
2026-08-17 22:10:08 - o.s.b.j.a.JpaBaseConfiguration$JpaWebConfiguration - spring.jpa.open-in-view is enabled by default. Therefore, database queries may be performed during view rendering. Explicitly configure spring.jpa.open-in-view to disable this warning
2026-08-17 22:10:09 - o.a.coyote.http11.Http11NioProtocol - Starting ProtocolHandler ["http-nio-8082"]
2026-08-17 22:10:09 - o.s.boot.tomcat.TomcatWebServer - Tomcat started on port 8082 (http) with context path '/'
2026-08-17 22:10:09 - c.r.E.ExpenseTrackerApplication - Started ExpenseTrackerApplication in 3.975 seconds (process running for 4.416)
2026-08-17 22:10:28 - o.a.c.c.C.[Tomcat].[localhost].[/] - Initializing Spring DispatcherServlet 'dispatcherServlet'
2026-08-17 22:10:28 - o.s.web.servlet.DispatcherServlet - Initializing Servlet 'dispatcherServlet'
2026-08-17 22:10:28 - o.s.web.servlet.DispatcherServlet - Completed initialization in 1 ms
2026-08-17 22:11:20 - o.s.boot.tomcat.GracefulShutdown - Commencing graceful shutdown. Waiting for active requests to complete
2026-08-17 22:11:22 - o.s.boot.tomcat.GracefulShutdown - Graceful shutdown complete
2026-08-17 22:11:22 - o.s.o.j.LocalContainerEntityManagerFactoryBean - Closing JPA EntityManagerFactory for persistence unit 'default'
2026-08-17 22:11:22 - com.zaxxer.hikari.HikariDataSource - HikariPool-1 - Shutdown initiated...
2026-08-17 22:11:22 - com.zaxxer.hikari.HikariDataSource - HikariPool-1 - Shutdown completed.
2026-08-17 22:11:24 - org.jboss.logging - Logging Provider: org.jboss.logging.Slf4jLoggerProvider found via system property
2026-08-17 22:11:24 - o.h.validator.internal.util.Version - HV000001: Hibernate Validator 9.1.0.Final
2026-08-17 22:11:24 - o.h.v.i.x.config.ValidationXmlParser - Trying to load META-INF/validation.xml for XML based Validator configuration.
2026-08-17 22:11:24 - o.h.v.i.x.c.ResourceLoaderHelper - Trying to load META-INF/validation.xml via TCCL
2026-08-17 22:11:24 - o.h.v.i.x.c.ResourceLoaderHelper - Trying to load META-INF/validation.xml via Hibernate Validator's class loader
2026-08-17 22:11:24 - o.h.v.i.x.config.ValidationXmlParser - No META-INF/validation.xml found. Using annotation based configuration only.
2026-08-17 22:11:24 - o.h.v.i.e.r.TraversableResolvers - Found jakarta.persistence.Persistence on classpath containing 'getPersistenceUtil'. Assuming Jakarta Persistence environment. Trying to instantiate Jakarta Persistence aware TraversableResolver
2026-08-17 22:11:24 - o.h.v.i.e.r.TraversableResolvers - Instantiated Jakarta Persistence aware TraversableResolver of type org.hibernate.validator.internal.engine.resolver.JPATraversableResolver.
2026-08-17 22:11:24 - o.h.v.m.ResourceBundleMessageInterpolator - Loaded expression factory via original TCCL
2026-08-17 22:11:24 - c.r.E.ExpenseTrackerApplication - Starting ExpenseTrackerApplication using Java 25.0.2 with PID 7063 (/Users/rakeshkuratti/Desktop/Projcts/ExpenseTracker/target/classes started by rakeshkuratti in /Users/rakeshkuratti/Desktop/Projcts/ExpenseTracker)
2026-08-17 22:11:24 - c.r.E.ExpenseTrackerApplication - Running with Spring Boot v4.1.0, Spring v7.0.8
2026-08-17 22:11:24 - c.r.E.ExpenseTrackerApplication - No active profile set, falling back to 1 default profile: "default"
2026-08-17 22:11:24 - o.s.boot.SpringApplication - Loading source class com.rakesh.ExpenseTracker.ExpenseTrackerApplication
2026-08-17 22:11:24 - o.s.b.w.s.s.c.AnnotationConfigServletWebServerApplicationContext - Refreshing org.springframework.boot.web.server.servlet.context.AnnotationConfigServletWebServerApplicationContext@1951b871
2026-08-17 22:11:24 - o.h.v.i.e.ValidatorFactoryConfigurationHelper - HV000252: Using org.hibernate.validator.internal.engine.DefaultPropertyNodeNameProvider as property node name provider.
2026-08-17 22:11:24 - o.s.b.f.s.DefaultListableBeanFactory - Creating shared instance of singleton bean 'org.springframework.context.annotation.internalConfigurationAnnotationProcessor'
2026-08-17 22:11:24 - o.h.v.i.e.ValidatorFactoryConfigurationHelper - HV000234: Using org.hibernate.validator.messageinterpolation.ResourceBundleMessageInterpolator as ValidatorFactory-scoped message interpolator.
2026-08-17 22:11:24 - o.h.v.i.e.ValidatorFactoryConfigurationHelper - HV000234: Using org.hibernate.validator.internal.engine.resolver.JPATraversableResolver as ValidatorFactory-scoped traversable resolver.
2026-08-17 22:11:24 - o.h.v.i.e.ValidatorFactoryConfigurationHelper - HV000234: Using org.hibernate.validator.internal.util.ExecutableParameterNameProvider as ValidatorFactory-scoped parameter name provider.
2026-08-17 22:11:24 - o.h.v.i.e.ValidatorFactoryConfigurationHelper - HV000234: Using org.hibernate.validator.internal.engine.DefaultClockProvider as ValidatorFactory-scoped clock provider.
2026-08-17 22:11:24 - o.h.v.i.e.ValidatorFactoryConfigurationHelper - HV000234: Using org.hibernate.validator.internal.engine.scripting.DefaultScriptEvaluatorFactory as ValidatorFactory-scoped script evaluator factory.
2026-08-17 22:11:24 - o.s.b.f.s.DefaultListableBeanFactory - Creating shared instance of singleton bean 'org.springframework.boot.autoconfigure.internalCachingMetadataReaderFactory'
2026-08-17 22:11:24 - o.s.c.a.ClassPathBeanDefinitionScanner - Identified candidate component class: file [/Users/rakeshkuratti/Desktop/Projcts/ExpenseTracker/target/classes/com/rakesh/ExpenseTracker/controller/expenseController.class]
2026-08-17 22:11:24 - o.s.c.a.ClassPathBeanDefinitionScanner - Identified candidate component class: file [/Users/rakeshkuratti/Desktop/Projcts/ExpenseTracker/target/classes/com/rakesh/ExpenseTracker/service/expenseServiceImpl.class]
2026-08-17 22:11:25 - o.s.d.r.c.RepositoryConfigurationDelegate - Bootstrapping Spring Data JPA repositories in DEFAULT mode.
2026-08-17 22:11:25 - o.s.b.f.s.DefaultListableBeanFactory - Creating shared instance of singleton bean 'org.springframework.boot.autoconfigure.AutoConfigurationPackages'
2026-08-17 22:11:25 - o.s.b.a.AutoConfigurationPackages - @EnableAutoConfiguration was declared on a class in the package 'com.rakesh.ExpenseTracker'. Automatic @Repository and @Entity scanning is enabled.
2026-08-17 22:11:25 - o.s.d.r.c.RepositoryConfigurationDelegate - Scanning for JPA repositories in packages com.rakesh.ExpenseTracker.
2026-08-17 22:11:25 - o.s.d.r.c.RepositoryComponentProvider - Identified candidate component class: file [/Users/rakeshkuratti/Desktop/Projcts/ExpenseTracker/target/classes/com/rakesh/ExpenseTracker/repository/ExpenseRepository.class]
2026-08-17 22:11:25 - o.s.c.a.ClassPathScanningCandidateComponentProvider - Identified candidate component class: file [/Users/rakeshkuratti/Desktop/Projcts/ExpenseTracker/target/classes/com/rakesh/ExpenseTracker/service/expenseServiceImpl.class]
2026-08-17 22:11:25 - o.s.d.r.c.RepositoryConfigurationDelegate - Finished Spring Data repository scanning in 43 ms. Found 1 JPA repository interface.
2026-08-17 22:11:25 - o.s.b.f.s.DefaultListableBeanFactory - Creating shared instance of singleton bean 'propertySourcesPlaceholderConfigurer'
2026-08-17 22:11:25 - o.s.b.f.s.DefaultListableBeanFactory - Creating shared instance of singleton bean 'org.springframework.boot.sql.init.dependency.DatabaseInitializationDependencyConfigurer$DependsOnDatabaseInitializationPostProcessor'
2026-08-17 22:11:25 - o.s.b.f.s.DefaultListableBeanFactory - Creating shared instance of singleton bean 'org.springframework.context.event.internalEventListenerProcessor'
2026-08-17 22:11:25 - o.s.b.f.s.DefaultListableBeanFactory - Creating shared instance of singleton bean 'bootstrapExecutorAliasPostProcessor'
2026-08-17 22:11:25 - o.s.b.f.s.DefaultListableBeanFactory - Creating shared instance of singleton bean 'preserveErrorControllerTargetClassPostProcessor'
2026-08-17 22:11:25 - o.s.b.f.s.DefaultListableBeanFactory - Creating shared instance of singleton bean 'org.springframework.context.event.internalEventListenerFactory'
2026-08-17 22:11:25 - o.s.b.f.s.DefaultListableBeanFactory - Creating shared instance of singleton bean 'org.springframework.transaction.config.internalTransactionalEventListenerFactory'
2026-08-17 22:11:25 - o.s.b.f.s.DefaultListableBeanFactory - Creating shared instance of singleton bean 'org.springframework.context.annotation.internalAutowiredAnnotationProcessor'
2026-08-17 22:11:25 - o.s.b.f.s.DefaultListableBeanFactory - Creating shared instance of singleton bean 'org.springframework.context.annotation.internalCommonAnnotationProcessor'
2026-08-17 22:11:25 - o.s.b.f.s.DefaultListableBeanFactory - Creating shared instance of singleton bean 'org.springframework.context.annotation.internalPersistenceAnnotationProcessor'
2026-08-17 22:11:25 - o.s.b.f.s.DefaultListableBeanFactory - Creating shared instance of singleton bean 'org.springframework.boot.context.properties.ConfigurationPropertiesBindingPostProcessor'
2026-08-17 22:11:25 - o.s.b.f.s.DefaultListableBeanFactory - Creating shared instance of singleton bean 'org.springframework.boot.context.internalConfigurationPropertiesBinder'
2026-08-17 22:11:25 - o.s.b.f.s.DefaultListableBeanFactory - Creating shared instance of singleton bean 'jdbcConnectionDetailsHikariBeanPostProcessor'
2026-08-17 22:11:25 - o.s.b.f.s.DefaultListableBeanFactory - Creating shared instance of singleton bean 'methodValidationPostProcessor'
2026-08-17 22:11:25 - o.s.b.f.s.DefaultListableBeanFactory - Autowiring by type from bean name 'methodValidationPostProcessor' via factory method to bean named 'environment'
2026-08-17 22:11:25 - o.s.b.f.s.DefaultListableBeanFactory - Creating shared instance of singleton bean 'org.springframework.boot.context.properties.EnableConfigurationPropertiesRegistrar.methodValidationExcludeFilter'
2026-08-17 22:11:25 - o.s.b.f.s.DefaultListableBeanFactory - Creating shared instance of singleton bean 'org.springframework.aop.framework.autoproxy.defaultProxyConfig'
2026-08-17 22:11:25 - o.s.b.f.s.DefaultListableBeanFactory - Creating shared instance of singleton bean 'org.springframework.aop.config.internalAutoProxyCreator'
2026-08-17 22:11:25 - o.s.b.f.s.DefaultListableBeanFactory - Creating shared instance of singleton bean 'persistenceExceptionTranslationPostProcessor'
2026-08-17 22:11:25 - o.s.b.f.s.DefaultListableBeanFactory - Autowiring by type from bean name 'persistenceExceptionTranslationPostProcessor' via factory method to bean named 'environment'
2026-08-17 22:11:25 - o.s.b.f.s.DefaultListableBeanFactory - Creating shared instance of singleton bean 'projectingArgumentResolverBeanPostProcessor'
2026-08-17 22:11:25 - o.s.b.f.s.DefaultListableBeanFactory - Creating shared instance of singleton bean 'org.springframework.transaction.config.internalTransactionAdvisor'
2026-08-17 22:11:25 - o.s.b.f.s.DefaultListableBeanFactory - Creating shared instance of singleton bean 'org.springframework.transaction.annotation.ProxyTransactionManagementConfiguration'
2026-08-17 22:11:25 - o.s.b.f.s.DefaultListableBeanFactory - Creating shared instance of singleton bean 'transactionAttributeSource'
2026-08-17 22:11:25 - o.s.b.f.s.DefaultListableBeanFactory - Creating shared instance of singleton bean 'transactionInterceptor'
2026-08-17 22:11:25 - o.s.b.f.s.DefaultListableBeanFactory - Autowiring by type from bean name 'transactionInterceptor' via factory method to bean named 'transactionAttributeSource'
2026-08-17 22:11:25 - o.s.b.f.s.DefaultListableBeanFactory - Autowiring by type from bean name 'org.springframework.transaction.config.internalTransactionAdvisor' via factory method to bean named 'transactionAttributeSource'
2026-08-17 22:11:25 - o.s.b.f.s.DefaultListableBeanFactory - Autowiring by type from bean name 'org.springframework.transaction.config.internalTransactionAdvisor' via factory method to bean named 'transactionInterceptor'
2026-08-17 22:11:25 - o.s.b.f.s.DefaultListableBeanFactory - Creating shared instance of singleton bean 'webServerFactoryCustomizerBeanPostProcessor'
2026-08-17 22:11:25 - o.s.b.f.s.DefaultListableBeanFactory - Creating shared instance of singleton bean 'errorPageRegistrarBeanPostProcessor'
2026-08-17 22:11:25 - o.s.b.f.s.DefaultListableBeanFactory - Creating shared instance of singleton bean 'tomcatServletWebServerFactory'
2026-08-17 22:11:25 - o.s.b.f.s.DefaultListableBeanFactory - Creating shared instance of singleton bean 'org.springframework.boot.tomcat.autoconfigure.servlet.TomcatServletWebServerAutoConfiguration'
2026-08-17 22:11:25 - o.s.b.f.s.DefaultListableBeanFactory - Creating shared instance of singleton bean 'server.tomcat-org.springframework.boot.tomcat.autoconfigure.TomcatServerProperties'
2026-08-17 22:11:25 - o.s.b.f.s.DefaultListableBeanFactory - Creating shared instance of singleton bean 'org.springframework.boot.context.properties.BoundConfigurationProperties'
2026-08-17 22:11:25 - o.s.b.f.s.DefaultListableBeanFactory - Autowiring by type from bean name 'org.springframework.boot.tomcat.autoconfigure.servlet.TomcatServletWebServerAutoConfiguration' via constructor to bean named 'server.tomcat-org.springframework.boot.tomcat.autoconfigure.TomcatServerProperties'
2026-08-17 22:11:25 - o.s.b.f.s.DefaultListableBeanFactory - Creating shared instance of singleton bean 'servletWebServerFactoryCustomizer'
2026-08-17 22:11:25 - o.s.b.f.s.DefaultListableBeanFactory - Creating shared instance of singleton bean 'org.springframework.boot.web.server.autoconfigure.servlet.ServletWebServerConfiguration'
2026-08-17 22:11:25 - o.s.b.f.s.DefaultListableBeanFactory - Creating shared instance of singleton bean 'server-org.springframework.boot.web.server.autoconfigure.ServerProperties'
2026-08-17 22:11:25 - o.s.b.f.s.DefaultListableBeanFactory - Autowiring by type from bean name 'servletWebServerFactoryCustomizer' via factory method to bean named 'server-org.springframework.boot.web.server.autoconfigure.ServerProperties'
2026-08-17 22:11:25 - o.s.b.f.s.DefaultListableBeanFactory - Creating shared instance of singleton bean 'sslBundleRegistry'
2026-08-17 22:11:25 - o.s.b.f.s.DefaultListableBeanFactory - Creating shared instance of singleton bean 'org.springframework.boot.autoconfigure.ssl.SslAutoConfiguration'
2026-08-17 22:11:25 - o.s.b.f.s.DefaultListableBeanFactory - Creating shared instance of singleton bean 'spring.ssl-org.springframework.boot.autoconfigure.ssl.SslProperties'
2026-08-17 22:11:25 - o.s.b.f.s.DefaultListableBeanFactory - Autowiring by type from bean name 'org.springframework.boot.autoconfigure.ssl.SslAutoConfiguration' via constructor to bean named 'org.springframework.boot.web.server.servlet.context.AnnotationConfigServletWebServerApplicationContext@1951b871'
2026-08-17 22:11:25 - o.s.b.f.s.DefaultListableBeanFactory - Autowiring by type from bean name 'org.springframework.boot.autoconfigure.ssl.SslAutoConfiguration' via constructor to bean named 'spring.ssl-org.springframework.boot.autoconfigure.ssl.SslProperties'
2026-08-17 22:11:25 - o.s.b.f.s.DefaultListableBeanFactory - Creating shared instance of singleton bean 'sslPropertiesSslBundleRegistrar'
2026-08-17 22:11:25 - o.s.b.f.s.DefaultListableBeanFactory - Creating shared instance of singleton bean 'fileWatcher'
2026-08-17 22:11:25 - o.s.b.f.s.DefaultListableBeanFactory - Autowiring by type from bean name 'sslPropertiesSslBundleRegistrar' via factory method to bean named 'fileWatcher'
2026-08-17 22:11:25 - o.s.b.f.s.DefaultListableBeanFactory - Creating shared instance of singleton bean 'webSocketWebServerCustomizer'
2026-08-17 22:11:25 - o.s.b.f.s.DefaultListableBeanFactory - Creating shared instance of singleton bean 'org.springframework.boot.tomcat.autoconfigure.TomcatWebServerConfiguration$TomcatWebSocketConfiguration'
2026-08-17 22:11:25 - o.s.b.f.s.DefaultListableBeanFactory - Creating shared instance of singleton bean 'tomcatWebServerFactoryCustomizer'
2026-08-17 22:11:25 - o.s.b.f.s.DefaultListableBeanFactory - Creating shared instance of singleton bean 'org.springframework.boot.tomcat.autoconfigure.TomcatWebServerConfiguration'
2026-08-17 22:11:25 - o.s.b.f.s.DefaultListableBeanFactory - Creating shared instance of singleton bean 'spring.web-org.springframework.boot.autoconfigure.web.WebProperties'
2026-08-17 22:11:25 - o.s.b.f.s.DefaultListableBeanFactory - Autowiring by type from bean name 'tomcatWebServerFactoryCustomizer' via factory method to bean named 'environment'
2026-08-17 22:11:25 - o.s.b.f.s.DefaultListableBeanFactory - Autowiring by type from bean name 'tomcatWebServerFactoryCustomizer' via factory method to bean named 'server-org.springframework.boot.web.server.autoconfigure.ServerProperties'
2026-08-17 22:11:25 - o.s.b.f.s.DefaultListableBeanFactory - Autowiring by type from bean name 'tomcatWebServerFactoryCustomizer' via factory method to bean named 'server.tomcat-org.springframework.boot.tomcat.autoconfigure.TomcatServerProperties'
2026-08-17 22:11:25 - o.s.b.f.s.DefaultListableBeanFactory - Autowiring by type from bean name 'tomcatWebServerFactoryCustomizer' via factory method to bean named 'spring.web-org.springframework.boot.autoconfigure.web.WebProperties'
2026-08-17 22:11:25 - o.s.b.f.s.DefaultListableBeanFactory - Creating shared instance of singleton bean 'tomcatServletWebServerFactoryCustomizer'
2026-08-17 22:11:25 - o.s.b.f.s.DefaultListableBeanFactory - Autowiring by type from bean name 'tomcatServletWebServerFactoryCustomizer' via factory method to bean named 'server.tomcat-org.springframework.boot.tomcat.autoconfigure.TomcatServerProperties'
2026-08-17 22:11:25 - o.s.b.f.s.DefaultListableBeanFactory - Creating shared instance of singleton bean 'errorPageCustomizer'
2026-08-17 22:11:25 - o.s.b.f.s.DefaultListableBeanFactory - Creating shared instance of singleton bean 'org.springframework.boot.webmvc.autoconfigure.error.ErrorMvcAutoConfiguration'
2026-08-17 22:11:25 - o.s.b.f.s.DefaultListableBeanFactory - Autowiring by type from bean name 'org.springframework.boot.webmvc.autoconfigure.error.ErrorMvcAutoConfiguration' via constructor to bean named 'spring.web-org.springframework.boot.autoconfigure.web.WebProperties'
2026-08-17 22:11:25 - o.s.b.f.s.DefaultListableBeanFactory - Creating shared instance of singleton bean 'dispatcherServletRegistration'
2026-08-17 22:11:25 - o.s.b.f.s.DefaultListableBeanFactory - Creating shared instance of singleton bean 'org.springframework.boot.webmvc.autoconfigure.DispatcherServletAutoConfiguration$DispatcherServletRegistrationConfiguration'
2026-08-17 22:11:25 - o.s.b.f.s.DefaultListableBeanFactory - Creating shared instance of singleton bean 'dispatcherServlet'
2026-08-17 22:11:25 - o.s.b.f.s.DefaultListableBeanFactory - Creating shared instance of singleton bean 'org.springframework.boot.webmvc.autoconfigure.DispatcherServletAutoConfiguration$DispatcherServletConfiguration'
2026-08-17 22:11:25 - o.s.b.f.s.DefaultListableBeanFactory - Creating shared instance of singleton bean 'spring.mvc-org.springframework.boot.webmvc.autoconfigure.WebMvcProperties'
2026-08-17 22:11:25 - o.s.b.f.s.DefaultListableBeanFactory - Autowiring by type from bean name 'dispatcherServlet' via factory method to bean named 'spring.mvc-org.springframework.boot.webmvc.autoconfigure.WebMvcProperties'
2026-08-17 22:11:25 - o.s.b.f.s.DefaultListableBeanFactory - Autowiring by type from bean name 'dispatcherServletRegistration' via factory method to bean named 'dispatcherServlet'
2026-08-17 22:11:25 - o.s.b.f.s.DefaultListableBeanFactory - Autowiring by type from bean name 'dispatcherServletRegistration' via factory method to bean named 'spring.mvc-org.springframework.boot.webmvc.autoconfigure.WebMvcProperties'
2026-08-17 22:11:25 - o.s.b.f.s.DefaultListableBeanFactory - Creating shared instance of singleton bean 'multipartConfigElement'
2026-08-17 22:11:25 - o.s.b.f.s.DefaultListableBeanFactory - Creating shared instance of singleton bean 'org.springframework.boot.servlet.autoconfigure.MultipartAutoConfiguration'
2026-08-17 22:11:25 - o.s.b.f.s.DefaultListableBeanFactory - Creating shared instance of singleton bean 'spring.servlet.multipart-org.springframework.boot.servlet.autoconfigure.MultipartProperties'
2026-08-17 22:11:25 - o.s.b.f.s.DefaultListableBeanFactory - Autowiring by type from bean name 'org.springframework.boot.servlet.autoconfigure.MultipartAutoConfiguration' via constructor to bean named 'spring.servlet.multipart-org.springframework.boot.servlet.autoconfigure.MultipartProperties'
2026-08-17 22:11:25 - o.s.b.f.s.DefaultListableBeanFactory - Autowiring by type from bean name 'errorPageCustomizer' via factory method to bean named 'dispatcherServletRegistration'
2026-08-17 22:11:25 - o.s.b.t.s.TomcatServletWebServerFactory - Code archive: /Users/rakeshkuratti/.m2/repository/org/springframework/boot/spring-boot-web-server/4.1.0/spring-boot-web-server-4.1.0.jar
2026-08-17 22:11:25 - o.s.b.t.s.TomcatServletWebServerFactory - Code archive: /Users/rakeshkuratti/.m2/repository/org/springframework/boot/spring-boot-web-server/4.1.0/spring-boot-web-server-4.1.0.jar
2026-08-17 22:11:25 - o.s.b.t.s.TomcatServletWebServerFactory - None of the document roots [src/main/webapp, public, static] point to a directory and will be ignored.
2026-08-17 22:11:25 - o.s.boot.tomcat.TomcatWebServer - Tomcat initialized with port 8082 (http)
2026-08-17 22:11:25 - o.a.coyote.http11.Http11NioProtocol - Initializing ProtocolHandler ["http-nio-8082"]
2026-08-17 22:11:25 - o.a.catalina.core.StandardService - Starting service [Tomcat]
2026-08-17 22:11:25 - o.a.catalina.core.StandardEngine - Starting Servlet engine: [Apache Tomcat/11.0.22]
2026-08-17 22:11:25 - o.s.b.w.c.s.WebApplicationContextInitializer - Published root WebApplicationContext as ServletContext attribute with name [org.springframework.web.context.WebApplicationContext.ROOT]
2026-08-17 22:11:25 - o.s.b.w.c.s.WebApplicationContextInitializer - Root WebApplicationContext: initialization completed in 1080 ms
2026-08-17 22:11:25 - o.s.b.f.s.DefaultListableBeanFactory - Creating shared instance of singleton bean 'requestContextFilter'
2026-08-17 22:11:25 - o.s.b.f.s.DefaultListableBeanFactory - Creating shared instance of singleton bean 'formContentFilter'
2026-08-17 22:11:25 - o.s.b.f.s.DefaultListableBeanFactory - Creating shared instance of singleton bean 'org.springframework.boot.webmvc.autoconfigure.WebMvcAutoConfiguration'
2026-08-17 22:11:25 - o.s.b.f.s.DefaultListableBeanFactory - Creating shared instance of singleton bean 'characterEncodingFilter'
2026-08-17 22:11:25 - o.s.b.f.s.DefaultListableBeanFactory - Creating shared instance of singleton bean 'org.springframework.boot.servlet.autoconfigure.HttpEncodingAutoConfiguration'
2026-08-17 22:11:25 - o.s.b.f.s.DefaultListableBeanFactory - Creating shared instance of singleton bean 'spring.servlet.encoding-org.springframework.boot.servlet.autoconfigure.ServletEncodingProperties'
2026-08-17 22:11:25 - o.s.b.f.s.DefaultListableBeanFactory - Autowiring by type from bean name 'characterEncodingFilter' via factory method to bean named 'spring.servlet.encoding-org.springframework.boot.servlet.autoconfigure.ServletEncodingProperties'
2026-08-17 22:11:25 - o.s.b.w.s.ServletContextInitializerBeans - Mapping filters: characterEncodingFilter urls=[/*] order=-2147483648, formContentFilter urls=[/*] order=-9900, requestContextFilter urls=[/*] order=-105
2026-08-17 22:11:25 - o.s.b.w.s.ServletContextInitializerBeans - Mapping servlets: dispatcherServlet urls=[/]
2026-08-17 22:11:25 - o.s.b.s.f.OrderedRequestContextFilter - Filter 'requestContextFilter' configured for use
2026-08-17 22:11:25 - o.s.b.s.f.OrderedCharacterEncodingFilter - Filter 'characterEncodingFilter' configured for use
2026-08-17 22:11:25 - o.s.b.s.f.OrderedFormContentFilter - Filter 'formContentFilter' configured for use
2026-08-17 22:11:25 - o.s.b.f.s.DefaultListableBeanFactory - Creating shared instance of singleton bean 'applicationTaskExecutor'
2026-08-17 22:11:25 - o.s.b.f.s.DefaultListableBeanFactory - Creating shared instance of singleton bean 'org.springframework.boot.autoconfigure.task.TaskExecutorConfigurations$TaskExecutorConfiguration'
2026-08-17 22:11:25 - o.s.b.f.s.DefaultListableBeanFactory - Creating shared instance of singleton bean 'threadPoolTaskExecutorBuilder'
2026-08-17 22:11:25 - o.s.b.f.s.DefaultListableBeanFactory - Creating shared instance of singleton bean 'org.springframework.boot.autoconfigure.task.TaskExecutorConfigurations$ThreadPoolTaskExecutorBuilderConfiguration'
2026-08-17 22:11:25 - o.s.b.f.s.DefaultListableBeanFactory - Creating shared instance of singleton bean 'spring.task.execution-org.springframework.boot.autoconfigure.task.TaskExecutionProperties'
2026-08-17 22:11:25 - o.s.b.f.s.DefaultListableBeanFactory - Autowiring by type from bean name 'threadPoolTaskExecutorBuilder' via factory method to bean named 'spring.task.execution-org.springframework.boot.autoconfigure.task.TaskExecutionProperties'
2026-08-17 22:11:25 - o.s.b.f.s.DefaultListableBeanFactory - Autowiring by type from bean name 'applicationTaskExecutor' via factory method to bean named 'threadPoolTaskExecutorBuilder'
2026-08-17 22:11:25 - o.s.s.c.ThreadPoolTaskExecutor - Initializing ExecutorService 'applicationTaskExecutor'
2026-08-17 22:11:25 - o.s.b.f.s.DefaultListableBeanFactory - Creating shared instance of singleton bean 'dataSourceScriptDatabaseInitializer'
2026-08-17 22:11:25 - o.s.b.f.s.DefaultListableBeanFactory - Creating shared instance of singleton bean 'org.springframework.boot.jdbc.autoconfigure.DataSourceInitializationAutoConfiguration'
2026-08-17 22:11:25 - o.s.b.f.s.DefaultListableBeanFactory - Creating shared instance of singleton bean 'dataSource'
2026-08-17 22:11:25 - o.s.b.f.s.DefaultListableBeanFactory - Creating shared instance of singleton bean 'org.springframework.boot.jdbc.autoconfigure.DataSourceConfiguration$Hikari'
2026-08-17 22:11:25 - o.s.b.f.s.DefaultListableBeanFactory - Creating shared instance of singleton bean 'spring.datasource-org.springframework.boot.jdbc.autoconfigure.DataSourceProperties'
2026-08-17 22:11:25 - o.s.b.f.s.DefaultListableBeanFactory - Creating shared instance of singleton bean 'jdbcConnectionDetails'
2026-08-17 22:11:25 - o.s.b.f.s.DefaultListableBeanFactory - Creating shared instance of singleton bean 'org.springframework.boot.jdbc.autoconfigure.DataSourceAutoConfiguration$PooledDataSourceConfiguration'
2026-08-17 22:11:25 - o.s.b.f.s.DefaultListableBeanFactory - Autowiring by type from bean name 'jdbcConnectionDetails' via factory method to bean named 'spring.datasource-org.springframework.boot.jdbc.autoconfigure.DataSourceProperties'
2026-08-17 22:11:25 - o.s.b.f.s.DefaultListableBeanFactory - Autowiring by type from bean name 'dataSource' via factory method to bean named 'spring.datasource-org.springframework.boot.jdbc.autoconfigure.DataSourceProperties'
2026-08-17 22:11:25 - o.s.b.f.s.DefaultListableBeanFactory - Autowiring by type from bean name 'dataSource' via factory method to bean named 'jdbcConnectionDetails'
2026-08-17 22:11:25 - o.s.b.f.s.DefaultListableBeanFactory - Autowiring by type from bean name 'dataSource' via factory method to bean named 'environment'
2026-08-17 22:11:25 - com.zaxxer.hikari.util.UtilityElf - Class com.mysql.cj.jdbc.Driver found in Thread context class loader jdk.internal.loader.ClassLoaders$AppClassLoader@14dad5dc
2026-08-17 22:11:25 - o.s.b.f.s.DefaultListableBeanFactory - Creating shared instance of singleton bean 'spring.sql.init-org.springframework.boot.sql.autoconfigure.init.SqlInitializationProperties'
2026-08-17 22:11:25 - o.s.b.f.s.DefaultListableBeanFactory - Autowiring by type from bean name 'dataSourceScriptDatabaseInitializer' via factory method to bean named 'dataSource'
2026-08-17 22:11:25 - o.s.b.f.s.DefaultListableBeanFactory - Autowiring by type from bean name 'dataSourceScriptDatabaseInitializer' via factory method to bean named 'spring.sql.init-org.springframework.boot.sql.autoconfigure.init.SqlInitializationProperties'
2026-08-17 22:11:25 - o.s.b.f.s.DefaultListableBeanFactory - Creating shared instance of singleton bean 'entityManagerFactory'
2026-08-17 22:11:25 - o.s.b.f.s.DefaultListableBeanFactory - Creating shared instance of singleton bean 'org.springframework.boot.hibernate.autoconfigure.HibernateJpaConfiguration'
2026-08-17 22:11:25 - o.s.b.f.s.DefaultListableBeanFactory - Creating shared instance of singleton bean 'spring.jpa-org.springframework.boot.jpa.autoconfigure.JpaProperties'
2026-08-17 22:11:25 - o.s.b.f.s.DefaultListableBeanFactory - Creating shared instance of singleton bean 'spring.jpa.hibernate-org.springframework.boot.hibernate.autoconfigure.HibernateProperties'
2026-08-17 22:11:25 - o.s.b.f.s.DefaultListableBeanFactory - Autowiring by type from bean name 'org.springframework.boot.hibernate.autoconfigure.HibernateJpaConfiguration' via constructor to bean named 'dataSource'
2026-08-17 22:11:25 - o.s.b.f.s.DefaultListableBeanFactory - Autowiring by type from bean name 'org.springframework.boot.hibernate.autoconfigure.HibernateJpaConfiguration' via constructor to bean named 'spring.jpa-org.springframework.boot.jpa.autoconfigure.JpaProperties'
2026-08-17 22:11:25 - o.s.b.f.s.DefaultListableBeanFactory - Autowiring by type from bean name 'org.springframework.boot.hibernate.autoconfigure.HibernateJpaConfiguration' via constructor to bean named 'spring.jpa.hibernate-org.springframework.boot.hibernate.autoconfigure.HibernateProperties'
2026-08-17 22:11:25 - o.s.b.f.s.DefaultListableBeanFactory - Creating shared instance of singleton bean 'hikariPoolDataSourceMetadataProvider'
2026-08-17 22:11:25 - o.s.b.f.s.DefaultListableBeanFactory - Creating shared instance of singleton bean 'org.springframework.boot.jdbc.autoconfigure.DataSourcePoolMetadataProvidersConfiguration$HikariPoolDataSourceMetadataProviderConfiguration'
2026-08-17 22:11:25 - o.s.b.f.s.DefaultListableBeanFactory - Creating shared instance of singleton bean 'entityManagerFactoryBuilder'
2026-08-17 22:11:25 - o.s.b.f.s.DefaultListableBeanFactory - Creating shared instance of singleton bean 'jpaVendorAdapter'
2026-08-17 22:11:25 - o.s.b.f.s.DefaultListableBeanFactory - Autowiring by type from bean name 'entityManagerFactoryBuilder' via factory method to bean named 'jpaVendorAdapter'
2026-08-17 22:11:25 - o.s.b.f.s.DefaultListableBeanFactory - Autowiring by type from bean name 'entityManagerFactoryBuilder' via factory method to bean named 'applicationTaskExecutor'
2026-08-17 22:11:25 - o.s.b.f.s.DefaultListableBeanFactory - Creating shared instance of singleton bean 'persistenceManagedTypes'
2026-08-17 22:11:25 - o.s.b.f.s.DefaultListableBeanFactory - Autowiring by type from bean name 'persistenceManagedTypes' via factory method to bean named 'org.springframework.beans.factory.support.DefaultListableBeanFactory@290b1b2e'
2026-08-17 22:11:25 - o.s.b.f.s.DefaultListableBeanFactory - Autowiring by type from bean name 'persistenceManagedTypes' via factory method to bean named 'org.springframework.boot.web.server.servlet.context.AnnotationConfigServletWebServerApplicationContext@1951b871'
2026-08-17 22:11:25 - o.s.b.f.s.DefaultListableBeanFactory - Autowiring by type from bean name 'entityManagerFactory' via factory method to bean named 'entityManagerFactoryBuilder'
2026-08-17 22:11:25 - o.s.b.f.s.DefaultListableBeanFactory - Autowiring by type from bean name 'entityManagerFactory' via factory method to bean named 'persistenceManagedTypes'
2026-08-17 22:11:25 - o.s.o.j.LocalContainerEntityManagerFactoryBean - Building JPA container EntityManagerFactory for persistence unit 'default'
2026-08-17 22:11:26 - org.hibernate.orm.jpa - HHH008541: PersistenceUnitInfo [
	name: default
	persistence provider classname: null
	classloader: jdk.internal.loader.ClassLoaders$AppClassLoader@14dad5dc
	excludeUnlistedClasses: true
	JTA datasource: null
	Non JTA datasource: HikariDataSource (null)
	Transaction type: RESOURCE_LOCAL
	PU root URL: file:/Users/rakeshkuratti/Desktop/Projcts/ExpenseTracker/target/classes/
	Shared Cache Mode: UNSPECIFIED
	Validation Mode: AUTO
	Jar files URLs []
	Managed classes names [
		com.rakesh.ExpenseTracker.entity.Expense]
	Mapping files names []
	Properties []
2026-08-17 22:11:26 - org.hibernate.orm.service - HHH010455: Adding integrator: org.hibernate.boot.beanvalidation.BeanValidationIntegrator
2026-08-17 22:11:26 - org.hibernate.orm.service - HHH010455: Adding integrator: org.hibernate.cache.internal.CollectionCacheInvalidator
2026-08-17 22:11:26 - org.hibernate.orm.core - HHH000001: Hibernate ORM core version 7.4.1.Final
2026-08-17 22:11:26 - org.hibernate.orm.core - HHH000206: 'hibernate.properties' not found
2026-08-17 22:11:26 - o.s.o.j.h.SpringBeanContainer - Falling back to Hibernate's default producer after bean creation failure for interface org.hibernate.engine.jdbc.connections.spi.MultiTenantConnectionProvider: org.springframework.beans.factory.BeanCreationException: Error creating bean with name 'org.hibernate.engine.jdbc.connections.spi.MultiTenantConnectionProvider': Failed to instantiate [org.hibernate.engine.jdbc.connections.spi.MultiTenantConnectionProvider]: Specified class is an interface
2026-08-17 22:11:26 - org.hibernate.orm.cache - HHH90001031: Cannot default RegionFactory since no RegionFactory strategies were registered
2026-08-17 22:11:26 - org.hibernate.orm.cache - HHH90001029: Second-level cache disabled
2026-08-17 22:11:26 - o.s.o.j.p.SpringPersistenceUnitInfo - No LoadTimeWeaver setup: ignoring JPA class transformer
2026-08-17 22:11:26 - com.zaxxer.hikari.HikariConfig - HikariPool-1 - configuration:
2026-08-17 22:11:26 - com.zaxxer.hikari.HikariConfig - allowPoolSuspension.............false
2026-08-17 22:11:26 - com.zaxxer.hikari.HikariConfig - autoCommit......................true
2026-08-17 22:11:26 - com.zaxxer.hikari.HikariConfig - catalog.........................none
2026-08-17 22:11:26 - com.zaxxer.hikari.HikariConfig - connectionInitSql...............none
2026-08-17 22:11:26 - com.zaxxer.hikari.HikariConfig - connectionTestQuery.............none
2026-08-17 22:11:26 - com.zaxxer.hikari.HikariConfig - connectionTimeout...............30000
2026-08-17 22:11:26 - com.zaxxer.hikari.HikariConfig - credentials.....................com.zaxxer.hikari.util.Credentials@6c421123
2026-08-17 22:11:26 - com.zaxxer.hikari.HikariConfig - credentialsProvider.............none
2026-08-17 22:11:26 - com.zaxxer.hikari.HikariConfig - credentialsProviderClassName....none
2026-08-17 22:11:26 - com.zaxxer.hikari.HikariConfig - dataSource......................none
2026-08-17 22:11:26 - com.zaxxer.hikari.HikariConfig - dataSourceClassName.............none
2026-08-17 22:11:26 - com.zaxxer.hikari.HikariConfig - dataSourceJNDI..................none
2026-08-17 22:11:26 - com.zaxxer.hikari.HikariConfig - dataSourceProperties............{password=<masked>}
2026-08-17 22:11:26 - com.zaxxer.hikari.HikariConfig - driverClassName................."com.mysql.cj.jdbc.Driver"
2026-08-17 22:11:26 - com.zaxxer.hikari.HikariConfig - exceptionOverride...............none
2026-08-17 22:11:26 - com.zaxxer.hikari.HikariConfig - exceptionOverrideClassName......none
2026-08-17 22:11:26 - com.zaxxer.hikari.HikariConfig - healthCheckProperties...........{}
2026-08-17 22:11:26 - com.zaxxer.hikari.HikariConfig - healthCheckRegistry.............none
2026-08-17 22:11:26 - com.zaxxer.hikari.HikariConfig - idleTimeout.....................600000
2026-08-17 22:11:26 - com.zaxxer.hikari.HikariConfig - initializationFailTimeout.......1
2026-08-17 22:11:26 - com.zaxxer.hikari.HikariConfig - isolateInternalQueries..........false
2026-08-17 22:11:26 - com.zaxxer.hikari.HikariConfig - jdbcUrl.........................jdbc:mysql://localhost:3306/ExpenseTracker
2026-08-17 22:11:26 - com.zaxxer.hikari.HikariConfig - keepaliveTime...................120000
2026-08-17 22:11:26 - com.zaxxer.hikari.HikariConfig - leakDetectionThreshold..........0
2026-08-17 22:11:26 - com.zaxxer.hikari.HikariConfig - maxLifetime.....................1800000
2026-08-17 22:11:26 - com.zaxxer.hikari.HikariConfig - maximumPoolSize.................10
2026-08-17 22:11:26 - com.zaxxer.hikari.HikariConfig - metricRegistry..................none
2026-08-17 22:11:26 - com.zaxxer.hikari.HikariConfig - metricsTrackerFactory...........none
2026-08-17 22:11:26 - com.zaxxer.hikari.HikariConfig - minimumIdle.....................10
2026-08-17 22:11:26 - com.zaxxer.hikari.HikariConfig - password........................<masked>
2026-08-17 22:11:26 - com.zaxxer.hikari.HikariConfig - poolName........................"HikariPool-1"
2026-08-17 22:11:26 - com.zaxxer.hikari.HikariConfig - readOnly........................false
2026-08-17 22:11:26 - com.zaxxer.hikari.HikariConfig - registerMbeans..................false
2026-08-17 22:11:26 - com.zaxxer.hikari.HikariConfig - scheduledExecutor...............none
2026-08-17 22:11:26 - com.zaxxer.hikari.HikariConfig - schema..........................none
2026-08-17 22:11:26 - com.zaxxer.hikari.HikariConfig - threadFactory...................internal
2026-08-17 22:11:26 - com.zaxxer.hikari.HikariConfig - transactionIsolation............default
2026-08-17 22:11:26 - com.zaxxer.hikari.HikariConfig - username........................"root"
2026-08-17 22:11:26 - com.zaxxer.hikari.HikariConfig - validationTimeout...............5000
2026-08-17 22:11:26 - com.zaxxer.hikari.HikariDataSource - HikariPool-1 - Starting...
2026-08-17 22:11:26 - com.zaxxer.hikari.pool.PoolBase - HikariPool-1 - Attempting to create/setup new connection (f75531c4-5cc0-4a66-b130-11dc5f76f9e8)
2026-08-17 22:11:26 - com.zaxxer.hikari.pool.PoolBase - HikariPool-1 - Established new connection (f75531c4-5cc0-4a66-b130-11dc5f76f9e8)
2026-08-17 22:11:26 - com.zaxxer.hikari.pool.HikariPool - HikariPool-1 - Added connection com.mysql.cj.jdbc.ConnectionImpl@71285693
2026-08-17 22:11:26 - com.zaxxer.hikari.HikariDataSource - HikariPool-1 - Start completed.
2026-08-17 22:11:26 - org.hibernate.orm.jdbc - HHH100017: Database:
	name: MySQL
	version: 8.0.45
	major: 8
	minor: 0
2026-08-17 22:11:26 - org.hibernate.orm.jdbc - HHH100018: Driver:
	name: MySQL Connector/J
	version: mysql-connector-j-9.7.0 (Revision: 0aade1f13bcc98faf7dda5c02e782481eb291f62)
	major: 9
	minor: 7
	JDBC version: 4.2
2026-08-17 22:11:26 - org.hibernate.orm.deprecation - HHH90000025: MySQLDialect does not need to be specified explicitly using 'hibernate.dialect' (remove the property setting and it will be selected by default)
2026-08-17 22:11:26 - org.hibernate.orm.dialect - HHH035001: Using dialect: org.hibernate.dialect.MySQLDialect, version: 8.0.45
2026-08-17 22:11:26 - o.h.e.j.e.s.IdentifierHelperBuilder - IdentifierCaseStrategy for both quoted and unquoted identifiers was set to the same strategy [MIXED]; that will likely lead to problems in schema update and validation if using quoted identifiers
2026-08-17 22:11:26 - org.hibernate.orm.jdbc - HHH100122: Using default JDBC fetch size: 0
2026-08-17 22:11:26 - o.hibernate.orm.connections.pooling - HHH10001005: Database info:
	Database JDBC URL [jdbc:mysql://localhost:3306/ExpenseTracker]
	Database driver: MySQL Connector/J
	Database dialect: MySQLDialect
	Database version: 8.0.45
	Default catalog/schema: ExpenseTracker/undefined
	Autocommit mode: undefined/unknown
	Isolation level: REPEATABLE_READ [default REPEATABLE_READ]
	JDBC fetch size: none
	Pool: DataSourceConnectionProvider
	Minimum pool size: undefined/unknown
	Maximum pool size: undefined/unknown
2026-08-17 22:11:26 - com.zaxxer.hikari.pool.HikariPool - HikariPool-1 - Pool stats (total=1/10, idle=1/10, active=0, waiting=0)
2026-08-17 22:11:26 - com.zaxxer.hikari.pool.PoolBase - HikariPool-1 - Attempting to create/setup new connection (c8239917-f823-4a0c-b11b-7458ba3da2ba)
2026-08-17 22:11:26 - com.zaxxer.hikari.pool.PoolBase - HikariPool-1 - Established new connection (c8239917-f823-4a0c-b11b-7458ba3da2ba)
2026-08-17 22:11:26 - com.zaxxer.hikari.pool.HikariPool - HikariPool-1 - Added connection com.mysql.cj.jdbc.ConnectionImpl@730d09d2
2026-08-17 22:11:27 - com.zaxxer.hikari.pool.HikariPool - HikariPool-1 - After adding stats (total=2/10, idle=2/10, active=0, waiting=0)
2026-08-17 22:11:27 - com.zaxxer.hikari.pool.PoolBase - HikariPool-1 - Attempting to create/setup new connection (2e982894-468f-4f71-8f92-e83ddf4daa7c)
2026-08-17 22:11:27 - com.zaxxer.hikari.pool.PoolBase - HikariPool-1 - Established new connection (2e982894-468f-4f71-8f92-e83ddf4daa7c)
2026-08-17 22:11:27 - com.zaxxer.hikari.pool.HikariPool - HikariPool-1 - Added connection com.mysql.cj.jdbc.ConnectionImpl@323003e9
2026-08-17 22:11:27 - com.zaxxer.hikari.pool.HikariPool - HikariPool-1 - After adding stats (total=3/10, idle=3/10, active=0, waiting=0)
2026-08-17 22:11:27 - com.zaxxer.hikari.pool.PoolBase - HikariPool-1 - Attempting to create/setup new connection (1284e091-d818-4d26-9607-aa5c86d3477c)
2026-08-17 22:11:27 - com.zaxxer.hikari.pool.PoolBase - HikariPool-1 - Established new connection (1284e091-d818-4d26-9607-aa5c86d3477c)
2026-08-17 22:11:27 - com.zaxxer.hikari.pool.HikariPool - HikariPool-1 - Added connection com.mysql.cj.jdbc.ConnectionImpl@34876cd
2026-08-17 22:11:27 - o.s.o.j.h.SpringBeanContainer - Falling back to Hibernate's default producer after bean creation failure for interface org.hibernate.context.spi.CurrentTenantIdentifierResolver: org.springframework.beans.factory.NoSuchBeanDefinitionException: No qualifying bean of type 'org.hibernate.context.spi.CurrentTenantIdentifierResolver<?>' available
2026-08-17 22:11:27 - o.s.o.j.h.SpringBeanContainer - Falling back to Hibernate's default producer after bean creation failure for interface org.hibernate.context.spi.TenantSchemaMapper: org.springframework.beans.factory.NoSuchBeanDefinitionException: No qualifying bean of type 'org.hibernate.context.spi.TenantSchemaMapper<?>' available
2026-08-17 22:11:27 - o.s.o.j.h.SpringBeanContainer - Falling back to Hibernate's default producer after bean creation failure for interface org.hibernate.context.spi.TenantCredentialsMapper: org.springframework.beans.factory.NoSuchBeanDefinitionException: No qualifying bean of type 'org.hibernate.context.spi.TenantCredentialsMapper<?>' available
2026-08-17 22:11:27 - com.zaxxer.hikari.pool.HikariPool - HikariPool-1 - After adding stats (total=4/10, idle=4/10, active=0, waiting=0)
2026-08-17 22:11:27 - com.zaxxer.hikari.pool.PoolBase - HikariPool-1 - Attempting to create/setup new connection (39f0c133-a166-4c4e-bab7-405d8e55952a)
2026-08-17 22:11:27 - com.zaxxer.hikari.pool.PoolBase - HikariPool-1 - Established new connection (39f0c133-a166-4c4e-bab7-405d8e55952a)
2026-08-17 22:11:27 - com.zaxxer.hikari.pool.HikariPool - HikariPool-1 - Added connection com.mysql.cj.jdbc.ConnectionImpl@4fee95fe
2026-08-17 22:11:27 - org.hibernate.orm.factory - HHH90020001: Instantiating factory [b1f73d25-7181-40b4-a524-c1123dffe2bd] with settings: {hibernate.format_sql=true, java.specification.version=25, hibernate.resource.beans.container=org.springframework.orm.jpa.hibernate.SpringBeanContainer@55e4dd68, hibernate.connection.handling_mode=DELAYED_ACQUISITION_AND_HOLD, sun.jnu.encoding=UTF-8, hibernate.dialect=org.hibernate.dialect.MySQLDialect, hibernate.implicit_naming_strategy=org.springframework.boot.hibernate.SpringImplicitNamingStrategy, java.class.path=/Users/rakeshkuratti/Desktop/Projcts/ExpenseTracker/target/classes:/Users/rakeshkuratti/.m2/repository/org/springframework/boot/spring-boot-starter-data-jpa/4.1.0/spring-boot-starter-data-jpa-4.1.0.jar:/Users/rakeshkuratti/.m2/repository/org/springframework/boot/spring-boot-starter/4.1.0/spring-boot-starter-4.1.0.jar:/Users/rakeshkuratti/.m2/repository/org/springframework/boot/spring-boot-starter-logging/4.1.0/spring-boot-starter-logging-4.1.0.jar:/Users/rakeshkuratti/.m2/repository/ch/qos/logback/logback-classic/1.5.34/logback-classic-1.5.34.jar:/Users/rakeshkuratti/.m2/repository/ch/qos/logback/logback-core/1.5.34/logback-core-1.5.34.jar:/Users/rakeshkuratti/.m2/repository/org/apache/logging/log4j/log4j-to-slf4j/2.25.4/log4j-to-slf4j-2.25.4.jar:/Users/rakeshkuratti/.m2/repository/org/apache/logging/log4j/log4j-api/2.25.4/log4j-api-2.25.4.jar:/Users/rakeshkuratti/.m2/repository/org/slf4j/jul-to-slf4j/2.0.18/jul-to-slf4j-2.0.18.jar:/Users/rakeshkuratti/.m2/repository/org/springframework/boot/spring-boot-autoconfigure/4.1.0/spring-boot-autoconfigure-4.1.0.jar:/Users/rakeshkuratti/.m2/repository/jakarta/annotation/jakarta.annotation-api/3.0.0/jakarta.annotation-api-3.0.0.jar:/Users/rakeshkuratti/.m2/repository/org/yaml/snakeyaml/2.6/snakeyaml-2.6.jar:/Users/rakeshkuratti/.m2/repository/org/springframework/boot/spring-boot-starter-jdbc/4.1.0/spring-boot-starter-jdbc-4.1.0.jar:/Users/rakeshkuratti/.m2/repository/com/zaxxer/HikariCP/7.0.2/HikariCP-7.0.2.jar:/Users/rakeshkuratti/.m2/repository/org/slf4j/slf4j-api/2.0.18/slf4j-api-2.0.18.jar:/Users/rakeshkuratti/.m2/repository/org/springframework/boot/spring-boot-data-jpa/4.1.0/spring-boot-data-jpa-4.1.0.jar:/Users/rakeshkuratti/.m2/repository/org/springframework/boot/spring-boot-data-commons/4.1.0/spring-boot-data-commons-4.1.0.jar:/Users/rakeshkuratti/.m2/repository/org/springframework/boot/spring-boot-persistence/4.1.0/spring-boot-persistence-4.1.0.jar:/Users/rakeshkuratti/.m2/repository/org/springframework/data/spring-data-commons/4.1.0/spring-data-commons-4.1.0.jar:/Users/rakeshkuratti/.m2/repository/org/springframework/boot/spring-boot-hibernate/4.1.0/spring-boot-hibernate-4.1.0.jar:/Users/rakeshkuratti/.m2/repository/org/springframework/boot/spring-boot-jpa/4.1.0/spring-boot-jpa-4.1.0.jar:/Users/rakeshkuratti/.m2/repository/jakarta/persistence/jakarta.persistence-api/3.2.0/jakarta.persistence-api-3.2.0.jar:/Users/rakeshkuratti/.m2/repository/org/hibernate/orm/hibernate-core/7.4.1.Final/hibernate-core-7.4.1.Final.jar:/Users/rakeshkuratti/.m2/repository/jakarta/transaction/jakarta.transaction-api/2.0.1/jakarta.transaction-api-2.0.1.jar:/Users/rakeshkuratti/.m2/repository/org/hibernate/models/hibernate-models/1.1.1/hibernate-models-1.1.1.jar:/Users/rakeshkuratti/.m2/repository/org/glassfish/jaxb/jaxb-runtime/4.0.9/jaxb-runtime-4.0.9.jar:/Users/rakeshkuratti/.m2/repository/org/glassfish/jaxb/jaxb-core/4.0.9/jaxb-core-4.0.9.jar:/Users/rakeshkuratti/.m2/repository/org/eclipse/angus/angus-activation/2.0.3/angus-activation-2.0.3.jar:/Users/rakeshkuratti/.m2/repository/org/glassfish/jaxb/txw2/4.0.9/txw2-4.0.9.jar:/Users/rakeshkuratti/.m2/repository/com/sun/istack/istack-commons-runtime/4.1.2/istack-commons-runtime-4.1.2.jar:/Users/rakeshkuratti/.m2/repository/jakarta/inject/jakarta.inject-api/2.0.1/jakarta.inject-api-2.0.1.jar:/Users/rakeshkuratti/.m2/repository/org/springframework/spring-orm/7.0.8/spring-orm-7.0.8.jar:/Users/rakeshkuratti/.m2/repository/org/springframework/data/spring-data-jpa/4.1.0/spring-data-jpa-4.1.0.jar:/Users/rakeshkuratti/.m2/repository/org/springframework/spring-context/7.0.8/spring-context-7.0.8.jar:/Users/rakeshkuratti/.m2/repository/org/springframework/spring-aop/7.0.8/spring-aop-7.0.8.jar:/Users/rakeshkuratti/.m2/repository/org/springframework/spring-tx/7.0.8/spring-tx-7.0.8.jar:/Users/rakeshkuratti/.m2/repository/org/springframework/spring-beans/7.0.8/spring-beans-7.0.8.jar:/Users/rakeshkuratti/.m2/repository/org/antlr/antlr4-runtime/4.13.2/antlr4-runtime-4.13.2.jar:/Users/rakeshkuratti/.m2/repository/org/springframework/spring-aspects/7.0.8/spring-aspects-7.0.8.jar:/Users/rakeshkuratti/.m2/repository/org/aspectj/aspectjweaver/1.9.25.1/aspectjweaver-1.9.25.1.jar:/Users/rakeshkuratti/.m2/repository/org/springframework/boot/spring-boot-jdbc/4.1.0/spring-boot-jdbc-4.1.0.jar:/Users/rakeshkuratti/.m2/repository/org/springframework/boot/spring-boot/4.1.0/spring-boot-4.1.0.jar:/Users/rakeshkuratti/.m2/repository/org/springframework/boot/spring-boot-sql/4.1.0/spring-boot-sql-4.1.0.jar:/Users/rakeshkuratti/.m2/repository/org/springframework/boot/spring-boot-transaction/4.1.0/spring-boot-transaction-4.1.0.jar:/Users/rakeshkuratti/.m2/repository/org/springframework/spring-jdbc/7.0.8/spring-jdbc-7.0.8.jar:/Users/rakeshkuratti/.m2/repository/org/springframework/boot/spring-boot-starter-validation/4.1.0/spring-boot-starter-validation-4.1.0.jar:/Users/rakeshkuratti/.m2/repository/org/springframework/boot/spring-boot-validation/4.1.0/spring-boot-validation-4.1.0.jar:/Users/rakeshkuratti/.m2/repository/org/apache/tomcat/embed/tomcat-embed-el/11.0.22/tomcat-embed-el-11.0.22.jar:/Users/rakeshkuratti/.m2/repository/org/hibernate/validator/hibernate-validator/9.1.0.Final/hibernate-validator-9.1.0.Final.jar:/Users/rakeshkuratti/.m2/repository/jakarta/validation/jakarta.validation-api/3.1.1/jakarta.validation-api-3.1.1.jar:/Users/rakeshkuratti/.m2/repository/org/jboss/logging/jboss-logging/3.6.3.Final/jboss-logging-3.6.3.Final.jar:/Users/rakeshkuratti/.m2/repository/com/fasterxml/classmate/1.7.3/classmate-1.7.3.jar:/Users/rakeshkuratti/.m2/repository/org/springframework/boot/spring-boot-starter-webmvc/4.1.0/spring-boot-starter-webmvc-4.1.0.jar:/Users/rakeshkuratti/.m2/repository/org/springframework/boot/spring-boot-starter-jackson/4.1.0/spring-boot-starter-jackson-4.1.0.jar:/Users/rakeshkuratti/.m2/repository/org/springframework/boot/spring-boot-jackson/4.1.0/spring-boot-jackson-4.1.0.jar:/Users/rakeshkuratti/.m2/repository/tools/jackson/core/jackson-databind/3.1.4/jackson-databind-3.1.4.jar:/Users/rakeshkuratti/.m2/repository/com/fasterxml/jackson/core/jackson-annotations/2.21/jackson-annotations-2.21.jar:/Users/rakeshkuratti/.m2/repository/tools/jackson/core/jackson-core/3.1.4/jackson-core-3.1.4.jar:/Users/rakeshkuratti/.m2/repository/org/springframework/boot/spring-boot-starter-tomcat/4.1.0/spring-boot-starter-tomcat-4.1.0.jar:/Users/rakeshkuratti/.m2/repository/org/springframework/boot/spring-boot-starter-tomcat-runtime/4.1.0/spring-boot-starter-tomcat-runtime-4.1.0.jar:/Users/rakeshkuratti/.m2/repository/org/apache/tomcat/embed/tomcat-embed-core/11.0.22/tomcat-embed-core-11.0.22.jar:/Users/rakeshkuratti/.m2/repository/org/apache/tomcat/embed/tomcat-embed-websocket/11.0.22/tomcat-embed-websocket-11.0.22.jar:/Users/rakeshkuratti/.m2/repository/org/springframework/boot/spring-boot-tomcat/4.1.0/spring-boot-tomcat-4.1.0.jar:/Users/rakeshkuratti/.m2/repository/org/springframework/boot/spring-boot-http-converter/4.1.0/spring-boot-http-converter-4.1.0.jar:/Users/rakeshkuratti/.m2/repository/org/springframework/spring-web/7.0.8/spring-web-7.0.8.jar:/Users/rakeshkuratti/.m2/repository/io/micrometer/micrometer-observation/1.17.0/micrometer-observation-1.17.0.jar:/Users/rakeshkuratti/.m2/repository/io/micrometer/micrometer-commons/1.17.0/micrometer-commons-1.17.0.jar:/Users/rakeshkuratti/.m2/repository/org/springframework/boot/spring-boot-webmvc/4.1.0/spring-boot-webmvc-4.1.0.jar:/Users/rakeshkuratti/.m2/repository/org/springframework/boot/spring-boot-servlet/4.1.0/spring-boot-servlet-4.1.0.jar:/Users/rakeshkuratti/.m2/repository/org/springframework/spring-webmvc/7.0.8/spring-webmvc-7.0.8.jar:/Users/rakeshkuratti/.m2/repository/org/springframework/spring-expression/7.0.8/spring-expression-7.0.8.jar:/Users/rakeshkuratti/.m2/repository/com/mysql/mysql-connector-j/9.7.0/mysql-connector-j-9.7.0.jar:/Users/rakeshkuratti/.m2/repository/org/projectlombok/lombok/1.18.46/lombok-1.18.46.jar:/Users/rakeshkuratti/.m2/repository/jakarta/xml/bind/jakarta.xml.bind-api/4.0.5/jakarta.xml.bind-api-4.0.5.jar:/Users/rakeshkuratti/.m2/repository/jakarta/activation/jakarta.activation-api/2.1.4/jakarta.activation-api-2.1.4.jar:/Users/rakeshkuratti/.m2/repository/net/bytebuddy/byte-buddy/1.18.10/byte-buddy-1.18.10.jar:/Users/rakeshkuratti/.m2/repository/org/springframework/spring-core/7.0.8/spring-core-7.0.8.jar:/Users/rakeshkuratti/.m2/repository/commons-logging/commons-logging/1.3.6/commons-logging-1.3.6.jar:/Users/rakeshkuratti/.m2/repository/org/jspecify/jspecify/1.0.0/jspecify-1.0.0.jar:/Users/rakeshkuratti/.m2/repository/org/springframework/boot/spring-boot-web-server/4.1.0/spring-boot-web-server-4.1.0.jar, java.vm.vendor=Oracle Corporation, sun.arch.data.model=64, catalina.useNaming=false, java.vendor.url=https://java.oracle.com/, user.timezone=Asia/Kolkata, jakarta.persistence.sharedCache.mode=UNSPECIFIED, org.jboss.logging.provider=slf4j, os.name=Mac OS X, java.vm.specification.version=25, APPLICATION_NAME=ExpenseTracker, jakarta.persistence.nonJtaDataSource=HikariDataSource (HikariPool-1), user.country=US, sun.java.launcher=SUN_STANDARD, sun.boot.library.path=/Library/Java/JavaVirtualMachines/jdk-25.jdk/Contents/Home/lib, sun.java.command=com.rakesh.ExpenseTracker.ExpenseTrackerApplication, javax.persistence.nonJtaDataSource=HikariDataSource (HikariPool-1), http.nonProxyHosts=local|*.local|169.254/16|*.169.254/16, jdk.debug=release, sun.cpu.endian=little, hibernate.cdi.extensions=true, user.home=/Users/rakeshkuratti, user.language=en, sun.stderr.encoding=UTF-8, java.specification.vendor=Oracle Corporation, java.version.date=2026-01-20, java.home=/Library/Java/JavaVirtualMachines/jdk-25.jdk/Contents/Home, file.separator=/, java.vm.compressedOopsMode=Zero based, sun.stdout.encoding=UTF-8, line.separator=
, hibernate.persistenceUnitName=default, java.vm.specification.vendor=Oracle Corporation, java.specification.name=Java Platform API Specification, FILE_LOG_CHARSET=UTF-8, hibernate.transaction.coordinator_class=class org.hibernate.resource.transaction.backend.jdbc.internal.JdbcResourceLocalTransactionCoordinatorBuilderImpl, java.awt.headless=true, apple.awt.application.name=ExpenseTrackerApplication, jakarta.persistence.validation.mode=AUTO, hibernate.hbm2ddl.auto=update, sun.management.compiler=HotSpot 64-Bit Tiered Compilers, ftp.nonProxyHosts=local|*.local|169.254/16|*.169.254/16, java.runtime.version=25.0.2+10-LTS-69, user.name=rakeshkuratti, stdout.encoding=UTF-8, path.separator=:, os.version=26.6, java.runtime.name=Java(TM) SE Runtime Environment, file.encoding=UTF-8, java.vm.name=Java HotSpot(TM) 64-Bit Server VM, hibernate.show_sql=true, LOG_FILE=myapp.log, java.vendor.url.bug=https://bugreport.java.com/bugreport/, java.io.tmpdir=/var/folders/d9/17yqn9653js4rz2_zfr7c15m0000gn/T/, catalina.home=/private/var/folders/d9/17yqn9653js4rz2_zfr7c15m0000gn/T/tomcat.8082.10819279079860977762, java.version=25.0.2, hibernate.physical_naming_strategy=org.hibernate.boot.model.naming.PhysicalNamingStrategySnakeCaseImpl, user.dir=/Users/rakeshkuratti/Desktop/Projcts/ExpenseTracker, os.arch=x86_64, java.vm.specification.name=Java Virtual Machine Specification, PID=7063, CONSOLE_LOG_CHARSET=UTF-8, catalina.base=/private/var/folders/d9/17yqn9653js4rz2_zfr7c15m0000gn/T/tomcat.8082.10819279079860977762, hibernate.boot.CfgXmlAccessService.key=org.hibernate.boot.registry.StandardServiceRegistryBuilder$1@28c7fd9d, native.encoding=UTF-8, java.library.path=/Users/rakeshkuratti/Library/Java/Extensions:/Library/Java/Extensions:/Network/Library/Java/Extensions:/System/Library/Java/Extensions:/usr/lib/java:., stderr.encoding=UTF-8, java.vendor=Oracle Corporation, java.vm.info=mixed mode, sharing, java.vm.version=25.0.2+10-LTS-69, stdin.encoding=UTF-8, sun.io.unicode.encoding=UnicodeBig, hibernate.archive.scanner=org.hibernate.boot.archive.scan.internal.DisabledScanner, hibernate.connection.datasource=HikariDataSource (HikariPool-1), socksNonProxyHosts=local|*.local|169.254/16|*.169.254/16, java.class.version=69.0, LOGGED_APPLICATION_NAME=[ExpenseTracker] }
2026-08-17 22:11:27 - com.zaxxer.hikari.pool.HikariPool - HikariPool-1 - After adding stats (total=5/10, idle=5/10, active=0, waiting=0)
2026-08-17 22:11:27 - com.zaxxer.hikari.pool.PoolBase - HikariPool-1 - Attempting to create/setup new connection (84bde887-20e0-4c2a-8996-bc56926f936e)
2026-08-17 22:11:27 - o.h.v.i.x.config.ValidationXmlParser - Trying to load META-INF/validation.xml for XML based Validator configuration.
2026-08-17 22:11:27 - o.h.v.i.x.c.ResourceLoaderHelper - Trying to load META-INF/validation.xml via TCCL
2026-08-17 22:11:27 - o.h.v.i.x.c.ResourceLoaderHelper - Trying to load META-INF/validation.xml via Hibernate Validator's class loader
2026-08-17 22:11:27 - o.h.v.i.x.config.ValidationXmlParser - No META-INF/validation.xml found. Using annotation based configuration only.
2026-08-17 22:11:27 - o.h.v.i.e.r.TraversableResolvers - Found jakarta.persistence.Persistence on classpath containing 'getPersistenceUtil'. Assuming Jakarta Persistence environment. Trying to instantiate Jakarta Persistence aware TraversableResolver
2026-08-17 22:11:27 - o.h.v.i.e.r.TraversableResolvers - Instantiated Jakarta Persistence aware TraversableResolver of type org.hibernate.validator.internal.engine.resolver.JPATraversableResolver.
2026-08-17 22:11:27 - o.h.v.m.ResourceBundleMessageInterpolator - Loaded expression factory via original TCCL
2026-08-17 22:11:27 - o.h.v.i.e.ValidatorFactoryConfigurationHelper - HV000252: Using org.hibernate.validator.internal.engine.DefaultPropertyNodeNameProvider as property node name provider.
2026-08-17 22:11:27 - o.h.v.i.e.ValidatorFactoryConfigurationHelper - HV000234: Using org.hibernate.validator.messageinterpolation.ResourceBundleMessageInterpolator as ValidatorFactory-scoped message interpolator.
2026-08-17 22:11:27 - o.h.v.i.e.ValidatorFactoryConfigurationHelper - HV000234: Using org.hibernate.validator.internal.engine.resolver.JPATraversableResolver as ValidatorFactory-scoped traversable resolver.
2026-08-17 22:11:27 - o.h.v.i.e.ValidatorFactoryConfigurationHelper - HV000234: Using org.hibernate.validator.internal.util.ExecutableParameterNameProvider as ValidatorFactory-scoped parameter name provider.
2026-08-17 22:11:27 - o.h.v.i.e.ValidatorFactoryConfigurationHelper - HV000234: Using org.hibernate.validator.internal.engine.DefaultClockProvider as ValidatorFactory-scoped clock provider.
2026-08-17 22:11:27 - o.h.v.i.e.ValidatorFactoryConfigurationHelper - HV000234: Using org.hibernate.validator.internal.engine.scripting.DefaultScriptEvaluatorFactory as ValidatorFactory-scoped script evaluator factory.
2026-08-17 22:11:27 - com.zaxxer.hikari.pool.PoolBase - HikariPool-1 - Established new connection (84bde887-20e0-4c2a-8996-bc56926f936e)
2026-08-17 22:11:27 - com.zaxxer.hikari.pool.HikariPool - HikariPool-1 - Added connection com.mysql.cj.jdbc.ConnectionImpl@6dab6c41
2026-08-17 22:11:27 - com.zaxxer.hikari.pool.HikariPool - HikariPool-1 - After adding stats (total=6/10, idle=6/10, active=0, waiting=0)
2026-08-17 22:11:27 - com.zaxxer.hikari.pool.PoolBase - HikariPool-1 - Attempting to create/setup new connection (c502d615-0b8c-42b4-9473-0d2d3fdf620b)
2026-08-17 22:11:27 - com.zaxxer.hikari.pool.PoolBase - HikariPool-1 - Established new connection (c502d615-0b8c-42b4-9473-0d2d3fdf620b)
2026-08-17 22:11:27 - com.zaxxer.hikari.pool.HikariPool - HikariPool-1 - Added connection com.mysql.cj.jdbc.ConnectionImpl@298752db
2026-08-17 22:11:27 - org.hibernate.HQL_FUNCTIONS - Available HQL Functions:
	abs(NUMERIC arg)
	Double acos(NUMERIC arg)
	adddate(DATE datetime, INTEGER days)
	addtime(TIME datetime, TIME time)
	Boolean any(BOOLEAN arg)
	Integer ascii(STRING arg)
	Double asin(NUMERIC arg)
	Double atan(NUMERIC arg)
	Double atan2(NUMERIC arg0, NUMERIC arg1)
	avg(arg)
	bit_and(arg)
	Integer bit_length(STRING_OR_CLOB arg)
	bit_or(arg)
	bitand(arg0, arg1)
	bitnot(arg)
	bitor(arg0, arg1)
	bitxor(arg0, arg1)
	cast(arg as Type)
	ceiling(NUMERIC arg)
	Object changesetid(arg)
	Character char(INTEGER arg)
	Integer character_length(STRING_OR_CLOB arg)
	Character chr(INTEGER arg)
	coalesce(arg0[, arg1[, ...]])
	String collate(STRING string as COLLATION collation)
	String concat(STRING string0[, STRING string1[, ...]])
	Double cos(NUMERIC arg)
	Double cosh(NUMERIC arg)
	Double cot(NUMERIC arg)
	Long count([distinct ]{arg|*})
	Integer crc32(arg)
	Double cume_dist([arg0[, ...]])
	Date curdate()
	Date current date
	Date current time
	Date current timestamp
	Date current_date
	Instant current_instant
	Date current_time
	Date current_timestamp
	Date curtime()
	Date date(arg)
	dateadd(TEMPORAL_UNIT field, INTEGER magnitude, TEMPORAL datetime)
	Integer datediff(DATE end, DATE start)
	Integer day(DATE arg)
	String dayname(DATE arg)
	Integer dayofmonth(DATE arg)
	Integer dayofweek(DATE arg)
	Integer dayofyear(DATE arg)
	Double degrees(NUMERIC arg)
	Long dense_rank([arg0[, ...]])
	Boolean every(BOOLEAN arg)
	Double exp(NUMERIC arg)
	extract(TEMPORAL_UNIT field from TEMPORAL arg)
	first_valueANY value
	floor(NUMERIC arg)
	String format(TEMPORAL datetime as STRING pattern)
	greatest(COMPARABLE arg0, COMPARABLE arg1[, arg2[, ...]])
	String hex(arg)
	Integer hour(TIME arg)
	ifnull(arg0, arg1)
	String insert(STRING string, INTEGER start, INTEGER length, STRING replacement)
	Instant instant
	Integer instr(STRING string, STRING pattern[, INTEGER start[, INTEGER occurrence]])
	String json_array([arg0[, ...]])
	String json_array_append(IMPLICIT_JSON arg0, STRING arg1, ANY arg2)
	String json_array_insert(IMPLICIT_JSON arg0, STRING arg1, ANY arg2)
	String json_arrayagg(arg0[, arg1])
	Boolean json_exists(IMPLICIT_JSON arg0, STRING arg1)
	String json_insert(IMPLICIT_JSON arg0, STRING arg1, ANY arg2)
	String json_mergepatch(IMPLICIT_JSON arg0, IMPLICIT_JSON arg1[, arg2[, ...]])
	String json_object( ... )
	String json_objectagg(arg0, arg1[, arg2, arg3])
	String json_query( ... )
	String json_remove(IMPLICIT_JSON arg0, STRING arg1)
	String json_replace(IMPLICIT_JSON arg0, STRING arg1, ANY arg2)
	String json_set(IMPLICIT_JSON arg0, STRING arg1, ANY arg2)
	json_value( ... )
	lagANY value[, INTEGER offset[, ANY default]]
	Date last_day(DATE arg)
	last_valueANY value
	leadANY value[, INTEGER offset[, ANY default]]
	least(COMPARABLE arg0, COMPARABLE arg1[, arg2[, ...]])
	String left(STRING string, INTEGER length)
	Integer length(STRING_OR_CLOB arg)
	String listagg(STRING arg0, STRING arg1)
	Double ln(NUMERIC arg)
	LocalDate local date
	LocalDateTime local datetime
	LocalTime local time
	LocalDate local_date
	LocalDateTime local_datetime
	LocalTime local_time
	Date localtime
	Date localtimestamp
	Integer locate(STRING pattern, STRING string[, INTEGER start])
	Double log(NUMERIC arg0[, NUMERIC arg1])
	Double log10(NUMERIC arg)
	Double log2(NUMERIC arg)
	String lower(STRING string)
	String lpad(string, length[, padding])
	String ltrim(STRING string[, STRING characters])
	Date makedate(INTEGER year, INTEGER dayofyear)
	Date maketime(INTEGER hour, INTEGER min, INTEGER sec)
	max(COMPARABLE arg)
	byte[] md5(arg)
	Integer microsecond(TIME arg)
	min(COMPARABLE arg)
	Integer minute(TIME arg)
	Integer mod(INTEGER arg0, INTEGER arg1)
	ModificationType modificationtype(arg)
	Integer month(DATE arg)
	String monthname(DATE arg)
	Date now()
	nth_valueANY value, INTEGER nth
	nullif(arg0, arg1)
	Integer octet_length(STRING_OR_CLOB arg)
	OffsetDateTime offset datetime
	OffsetDateTime offset_datetime
	Integer ordinal(ENUM arg)
	String overlay(STRING string placing STRING replacement from INTEGER start[ for INTEGER length])
	String pad(STRING string with INTEGER length {leading|trailing}[ STRING character])
	Double percent_rank([arg0[, ...]])
	Double pi
	Integer position(STRING pattern in STRING string)
	Double power(NUMERIC arg0, NUMERIC arg1)
	Integer quarter(DATE arg)
	Double radians(NUMERIC arg)
	Double rand([INTEGER seed])
	Long rank([arg0[, ...]])
	Boolean regexp_like(STRING arg0, STRING arg1[, STRING arg2])
	String repeat(STRING string, INTEGER times)
	String replace(STRING string, STRING pattern, STRING replacement)
	String reverse(STRING arg)
	String right(STRING string, INTEGER length)
	round(NUMERIC number[, INTEGER places])
	Long row_number()
	String rpad(string, length[, padding])
	String rtrim(STRING string[, STRING characters])
	Integer second(TIME arg)
	byte[] sha(arg)
	String sha1(arg)
	String sha2(arg0, arg1)
	Integer sign(NUMERIC arg)
	Double sin(NUMERIC arg)
	Double sinh(NUMERIC arg)
	String soundex(arg)
	String space(INTEGER arg)
	sql
	Double sqrt(NUMERIC arg)
	Double stddev(NUMERIC arg)
	Double stddev_pop(NUMERIC arg)
	Double stddev_samp(NUMERIC arg)
	String str(arg)
	String string(ENUM arg)
	subdate(DATE datetime, INTEGER days)
	String substr(STRING string, INTEGER start[, INTEGER length])
	String substring(STRING string{ from|,} INTEGER start[{ for|,} INTEGER length])
	subtime(TIME datetime, TIME time)
	sum(arg)
	Date sysdate()
	Double tan(NUMERIC arg)
	Double tanh(NUMERIC arg)
	String time(arg)
	Date timestamp(arg0[, arg1])
	timestampadd(TEMPORAL_UNIT field, INTEGER magnitude, TEMPORAL datetime)
	Long|Double timestampdiff(TEMPORAL_UNIT field, TEMPORAL start, TEMPORAL end)
	String trim([[{leading|trailing|both} ][STRING arg0 ]from] STRING arg1)
	trunc( ... )
	truncate( ... )
	String upper(STRING string)
	Date utc_date
	Date utc_time
	Date utc_timestamp
	Double var_pop(NUMERIC arg)
	Double var_samp(NUMERIC arg)
	Double variance(NUMERIC arg)
	Integer week(DATE arg)
	Integer year(DATE arg)

2026-08-17 22:11:27 - com.zaxxer.hikari.pool.HikariPool - HikariPool-1 - After adding stats (total=7/10, idle=7/10, active=0, waiting=0)
2026-08-17 22:11:27 - com.zaxxer.hikari.pool.PoolBase - HikariPool-1 - Attempting to create/setup new connection (d649457c-bc1a-450c-ba50-c5697039d1c1)
2026-08-17 22:11:27 - com.zaxxer.hikari.pool.PoolBase - HikariPool-1 - Established new connection (d649457c-bc1a-450c-ba50-c5697039d1c1)
2026-08-17 22:11:27 - com.zaxxer.hikari.pool.HikariPool - HikariPool-1 - Added connection com.mysql.cj.jdbc.ConnectionImpl@436567bf
2026-08-17 22:11:27 - com.zaxxer.hikari.pool.HikariPool - HikariPool-1 - After adding stats (total=8/10, idle=8/10, active=0, waiting=0)
2026-08-17 22:11:27 - com.zaxxer.hikari.pool.PoolBase - HikariPool-1 - Attempting to create/setup new connection (1b4ac2c5-4049-4ce3-992a-89f8b1ea22c3)
2026-08-17 22:11:27 - com.zaxxer.hikari.pool.PoolBase - HikariPool-1 - Established new connection (1b4ac2c5-4049-4ce3-992a-89f8b1ea22c3)
2026-08-17 22:11:27 - com.zaxxer.hikari.pool.HikariPool - HikariPool-1 - Added connection com.mysql.cj.jdbc.ConnectionImpl@38404549
2026-08-17 22:11:27 - com.zaxxer.hikari.pool.HikariPool - HikariPool-1 - After adding stats (total=9/10, idle=9/10, active=0, waiting=0)
2026-08-17 22:11:27 - com.zaxxer.hikari.pool.PoolBase - HikariPool-1 - Attempting to create/setup new connection (8478a14b-5ac6-40ac-bc18-6cfc093df919)
2026-08-17 22:11:27 - com.zaxxer.hikari.pool.PoolBase - HikariPool-1 - Established new connection (8478a14b-5ac6-40ac-bc18-6cfc093df919)
2026-08-17 22:11:27 - com.zaxxer.hikari.pool.HikariPool - HikariPool-1 - Added connection com.mysql.cj.jdbc.ConnectionImpl@73e8213f
2026-08-17 22:11:27 - com.zaxxer.hikari.pool.HikariPool - HikariPool-1 - After adding stats (total=10/10, idle=10/10, active=0, waiting=0)
2026-08-17 22:11:27 - org.hibernate.orm.core - HHH000513: Unable to create the ReflectionOptimizer for [com.rakesh.ExpenseTracker.entity.Expense]: private accessor [amount]
2026-08-17 22:11:27 - org.hibernate.orm.core - HHH000489: No JTA platform available (set 'hibernate.transaction.jta.platform' to enable JTA platform integration)
2026-08-17 22:11:27 - org.hibernate.orm.service - HHH010454: EventListenerRegistry access via ServiceRegistry is deprecated - use 'sessionFactory.getEventEngine().getListenerRegistry()' instead
2026-08-17 22:11:27 - org.hibernate.mapping.Table - No alter strings for table: expense
2026-08-17 22:11:27 - org.hibernate.mapping.Table - No alter strings for table: expense_seq
2026-08-17 22:11:27 - org.hibernate.orm.factoryRegistry - HHH020384: Registering SessionFactory [b1f73d25-7181-40b4-a524-c1123dffe2bd] (default)
2026-08-17 22:11:27 - o.s.o.j.LocalContainerEntityManagerFactoryBean - Initialized JPA EntityManagerFactory for persistence unit 'default'
2026-08-17 22:11:27 - o.s.b.f.s.DefaultListableBeanFactory - Creating shared instance of singleton bean 'expenseTrackerApplication'
2026-08-17 22:11:27 - o.s.b.f.s.DefaultListableBeanFactory - Creating shared instance of singleton bean 'expenseController'
2026-08-17 22:11:27 - o.s.b.f.s.DefaultListableBeanFactory - Creating shared instance of singleton bean 'expenseServiceImpl'
2026-08-17 22:11:27 - o.s.b.f.s.DefaultListableBeanFactory - Creating shared instance of singleton bean 'expenseRepository'
2026-08-17 22:11:27 - o.s.b.f.s.DefaultListableBeanFactory - Creating shared instance of singleton bean 'jpa.named-queries#0'
2026-08-17 22:11:27 - o.s.b.f.s.DefaultListableBeanFactory - Creating shared instance of singleton bean 'jpa.ExpenseRepository.fragments#0'
2026-08-17 22:11:27 - o.s.b.f.s.DefaultListableBeanFactory - Creating shared instance of singleton bean 'jpaSharedEM_entityManagerFactory'
2026-08-17 22:11:27 - o.s.b.f.s.DefaultListableBeanFactory - Creating shared instance of singleton bean 'jpaMappingContext'
2026-08-17 22:11:27 - o.s.d.j.r.c.JpaMetamodelMappingContextFactoryBean - Initializing JpaMetamodelMappingContext…
2026-08-17 22:11:27 - o.s.d.j.r.c.JpaMetamodelMappingContextFactoryBean - Finished initializing JpaMetamodelMappingContext
2026-08-17 22:11:27 - o.s.d.j.r.q.QueryEnhancerFactories - Hibernate is in classpath; If applicable, HQL parser will be used.
2026-08-17 22:11:27 - o.s.d.r.c.s.RepositoryFactorySupport - Initializing repository instance for com.rakesh.ExpenseTracker.repository.ExpenseRepository…
2026-08-17 22:11:27 - o.s.d.r.c.s.RepositoryFactorySupport - Finished creation of repository instance for com.rakesh.ExpenseTracker.repository.ExpenseRepository.
2026-08-17 22:11:27 - o.s.b.f.s.DefaultListableBeanFactory - Creating shared instance of singleton bean 'org.springframework.boot.autoconfigure.context.PropertyPlaceholderAutoConfiguration'
2026-08-17 22:11:27 - o.s.b.f.s.DefaultListableBeanFactory - Creating shared instance of singleton bean 'org.springframework.boot.webmvc.autoconfigure.DispatcherServletAutoConfiguration'
2026-08-17 22:11:27 - o.s.b.f.s.DefaultListableBeanFactory - Creating shared instance of singleton bean 'org.springframework.boot.autoconfigure.task.TaskExecutorConfigurations$SimpleAsyncTaskExecutorBuilderConfiguration'
2026-08-17 22:11:27 - o.s.b.f.s.DefaultListableBeanFactory - Autowiring by type from bean name 'org.springframework.boot.autoconfigure.task.TaskExecutorConfigurations$SimpleAsyncTaskExecutorBuilderConfiguration' via constructor to bean named 'spring.task.execution-org.springframework.boot.autoconfigure.task.TaskExecutionProperties'
2026-08-17 22:11:27 - o.s.b.f.s.DefaultListableBeanFactory - Creating shared instance of singleton bean 'simpleAsyncTaskExecutorBuilder'
2026-08-17 22:11:27 - o.s.b.f.s.DefaultListableBeanFactory - Creating shared instance of singleton bean 'org.springframework.boot.autoconfigure.task.TaskExecutorConfigurations$AsyncConfigurerConfiguration'
2026-08-17 22:11:27 - o.s.b.f.s.DefaultListableBeanFactory - Creating shared instance of singleton bean 'applicationTaskExecutorAsyncConfigurer'
2026-08-17 22:11:27 - o.s.b.f.s.DefaultListableBeanFactory - Autowiring by type from bean name 'applicationTaskExecutorAsyncConfigurer' via factory method to bean named 'org.springframework.beans.factory.support.DefaultListableBeanFactory@290b1b2e'
2026-08-17 22:11:27 - o.s.b.f.s.DefaultListableBeanFactory - Creating shared instance of singleton bean 'org.springframework.boot.autoconfigure.task.TaskExecutorConfigurations$BootstrapExecutorConfiguration'
2026-08-17 22:11:27 - o.s.b.f.s.DefaultListableBeanFactory - Creating shared instance of singleton bean 'org.springframework.boot.autoconfigure.task.TaskExecutionAutoConfiguration'
2026-08-17 22:11:27 - o.s.b.f.s.DefaultListableBeanFactory - Creating shared instance of singleton bean 'org.springframework.boot.validation.autoconfigure.ValidationAutoConfiguration'
2026-08-17 22:11:27 - o.s.b.f.s.DefaultListableBeanFactory - Creating shared instance of singleton bean 'defaultValidator'
2026-08-17 22:11:27 - o.s.b.f.s.DefaultListableBeanFactory - Autowiring by type from bean name 'defaultValidator' via factory method to bean named 'org.springframework.boot.web.server.servlet.context.AnnotationConfigServletWebServerApplicationContext@1951b871'
2026-08-17 22:11:27 - o.h.v.m.ResourceBundleMessageInterpolator - Loaded expression factory via original TCCL
2026-08-17 22:11:27 - o.h.v.i.e.AbstractConfigurationImpl - Setting custom MessageInterpolator of type org.springframework.validation.beanvalidation.LocaleContextMessageInterpolator
2026-08-17 22:11:27 - o.h.v.i.e.AbstractConfigurationImpl - Setting custom ConstraintValidatorFactory of type org.springframework.validation.beanvalidation.SpringConstraintValidatorFactory
2026-08-17 22:11:27 - o.h.v.i.x.config.ValidationXmlParser - Trying to load META-INF/validation.xml for XML based Validator configuration.
2026-08-17 22:11:27 - o.h.v.i.x.c.ResourceLoaderHelper - Trying to load META-INF/validation.xml via user class loader
2026-08-17 22:11:27 - o.h.v.i.x.c.ResourceLoaderHelper - Trying to load META-INF/validation.xml via TCCL
2026-08-17 22:11:27 - o.h.v.i.x.c.ResourceLoaderHelper - Trying to load META-INF/validation.xml via Hibernate Validator's class loader
2026-08-17 22:11:27 - o.h.v.i.x.config.ValidationXmlParser - No META-INF/validation.xml found. Using annotation based configuration only.
2026-08-17 22:11:27 - o.h.v.i.e.r.TraversableResolvers - Found jakarta.persistence.Persistence on classpath containing 'getPersistenceUtil'. Assuming Jakarta Persistence environment. Trying to instantiate Jakarta Persistence aware TraversableResolver
2026-08-17 22:11:27 - o.h.v.i.e.r.TraversableResolvers - Instantiated Jakarta Persistence aware TraversableResolver of type org.hibernate.validator.internal.engine.resolver.JPATraversableResolver.
2026-08-17 22:11:27 - o.h.v.i.e.ValidatorFactoryConfigurationHelper - HV000252: Using org.hibernate.validator.internal.engine.DefaultPropertyNodeNameProvider as property node name provider.
2026-08-17 22:11:27 - o.h.v.i.e.ValidatorFactoryConfigurationHelper - HV000234: Using org.springframework.validation.beanvalidation.LocaleContextMessageInterpolator as ValidatorFactory-scoped message interpolator.
2026-08-17 22:11:27 - o.h.v.i.e.ValidatorFactoryConfigurationHelper - HV000234: Using org.hibernate.validator.internal.engine.resolver.JPATraversableResolver as ValidatorFactory-scoped traversable resolver.
2026-08-17 22:11:27 - o.h.v.i.e.ValidatorFactoryConfigurationHelper - HV000234: Using org.hibernate.validator.internal.util.ExecutableParameterNameProvider as ValidatorFactory-scoped parameter name provider.
2026-08-17 22:11:27 - o.h.v.i.e.ValidatorFactoryConfigurationHelper - HV000234: Using org.hibernate.validator.internal.engine.DefaultClockProvider as ValidatorFactory-scoped clock provider.
2026-08-17 22:11:27 - o.h.v.i.e.ValidatorFactoryConfigurationHelper - HV000234: Using org.hibernate.validator.internal.engine.scripting.DefaultScriptEvaluatorFactory as ValidatorFactory-scoped script evaluator factory.
2026-08-17 22:11:27 - o.s.b.f.s.DefaultListableBeanFactory - Creating shared instance of singleton bean 'org.springframework.boot.webmvc.autoconfigure.error.ErrorMvcAutoConfiguration$WhitelabelErrorViewConfiguration'
2026-08-17 22:11:27 - o.s.b.f.s.DefaultListableBeanFactory - Creating shared instance of singleton bean 'error'
2026-08-17 22:11:27 - o.s.b.f.s.DefaultListableBeanFactory - Creating shared instance of singleton bean 'beanNameViewResolver'
2026-08-17 22:11:27 - o.s.b.f.s.DefaultListableBeanFactory - Creating shared instance of singleton bean 'org.springframework.boot.webmvc.autoconfigure.error.ErrorMvcAutoConfiguration$DefaultErrorViewResolverConfiguration'
2026-08-17 22:11:27 - o.s.b.f.s.DefaultListableBeanFactory - Autowiring by type from bean name 'org.springframework.boot.webmvc.autoconfigure.error.ErrorMvcAutoConfiguration$DefaultErrorViewResolverConfiguration' via constructor to bean named 'org.springframework.boot.web.server.servlet.context.AnnotationConfigServletWebServerApplicationContext@1951b871'
2026-08-17 22:11:27 - o.s.b.f.s.DefaultListableBeanFactory - Autowiring by type from bean name 'org.springframework.boot.webmvc.autoconfigure.error.ErrorMvcAutoConfiguration$DefaultErrorViewResolverConfiguration' via constructor to bean named 'spring.web-org.springframework.boot.autoconfigure.web.WebProperties'
2026-08-17 22:11:27 - o.s.b.f.s.DefaultListableBeanFactory - Creating shared instance of singleton bean 'conventionErrorViewResolver'
2026-08-17 22:11:27 - o.s.b.f.s.DefaultListableBeanFactory - Creating shared instance of singleton bean 'errorAttributes'
2026-08-17 22:11:27 - o.s.b.f.s.DefaultListableBeanFactory - Creating shared instance of singleton bean 'basicErrorController'
2026-08-17 22:11:27 - o.s.b.f.s.DefaultListableBeanFactory - Autowiring by type from bean name 'basicErrorController' via factory method to bean named 'errorAttributes'
2026-08-17 22:11:27 - o.s.b.f.s.DefaultListableBeanFactory - Creating shared instance of singleton bean 'org.springframework.boot.webmvc.autoconfigure.WebMvcAutoConfiguration$EnableWebMvcConfiguration'
2026-08-17 22:11:27 - o.s.b.f.s.DefaultListableBeanFactory - Autowiring by type from bean name 'org.springframework.boot.webmvc.autoconfigure.WebMvcAutoConfiguration$EnableWebMvcConfiguration' via constructor to bean named 'spring.mvc-org.springframework.boot.webmvc.autoconfigure.WebMvcProperties'
2026-08-17 22:11:27 - o.s.b.f.s.DefaultListableBeanFactory - Autowiring by type from bean name 'org.springframework.boot.webmvc.autoconfigure.WebMvcAutoConfiguration$EnableWebMvcConfiguration' via constructor to bean named 'spring.web-org.springframework.boot.autoconfigure.web.WebProperties'
2026-08-17 22:11:27 - o.s.b.f.s.DefaultListableBeanFactory - Autowiring by type from bean name 'org.springframework.boot.webmvc.autoconfigure.WebMvcAutoConfiguration$EnableWebMvcConfiguration' via constructor to bean named 'org.springframework.beans.factory.support.DefaultListableBeanFactory@290b1b2e'
2026-08-17 22:11:27 - o.s.b.f.s.DefaultListableBeanFactory - Creating shared instance of singleton bean 'org.springframework.boot.webmvc.autoconfigure.WebMvcAutoConfiguration$WebMvcAutoConfigurationAdapter'
2026-08-17 22:11:27 - o.s.b.f.s.DefaultListableBeanFactory - Autowiring by type from bean name 'org.springframework.boot.webmvc.autoconfigure.WebMvcAutoConfiguration$WebMvcAutoConfigurationAdapter' via constructor to bean named 'spring.web-org.springframework.boot.autoconfigure.web.WebProperties'
2026-08-17 22:11:27 - o.s.b.f.s.DefaultListableBeanFactory - Autowiring by type from bean name 'org.springframework.boot.webmvc.autoconfigure.WebMvcAutoConfiguration$WebMvcAutoConfigurationAdapter' via constructor to bean named 'spring.mvc-org.springframework.boot.webmvc.autoconfigure.WebMvcProperties'
2026-08-17 22:11:27 - o.s.b.f.s.DefaultListableBeanFactory - Autowiring by type from bean name 'org.springframework.boot.webmvc.autoconfigure.WebMvcAutoConfiguration$WebMvcAutoConfigurationAdapter' via constructor to bean named 'org.springframework.beans.factory.support.DefaultListableBeanFactory@290b1b2e'
2026-08-17 22:11:27 - o.s.b.f.s.DefaultListableBeanFactory - Creating shared instance of singleton bean 'org.springframework.data.web.config.SpringDataWebConfiguration'
2026-08-17 22:11:27 - o.s.b.f.s.DefaultListableBeanFactory - Autowiring by type from bean name 'org.springframework.data.web.config.SpringDataWebConfiguration' via constructor to bean named 'org.springframework.boot.web.server.servlet.context.AnnotationConfigServletWebServerApplicationContext@1951b871'
2026-08-17 22:11:27 - o.s.b.f.s.DefaultListableBeanFactory - Creating shared instance of singleton bean 'openEntityManagerInViewInterceptorConfigurer'
2026-08-17 22:11:27 - o.s.b.f.s.DefaultListableBeanFactory - Creating shared instance of singleton bean 'org.springframework.boot.jpa.autoconfigure.JpaBaseConfiguration$JpaWebConfiguration'
2026-08-17 22:11:27 - o.s.b.f.s.DefaultListableBeanFactory - Autowiring by type from bean name 'org.springframework.boot.jpa.autoconfigure.JpaBaseConfiguration$JpaWebConfiguration' via constructor to bean named 'spring.jpa-org.springframework.boot.jpa.autoconfigure.JpaProperties'
2026-08-17 22:11:27 - o.s.b.f.s.DefaultListableBeanFactory - Creating shared instance of singleton bean 'openEntityManagerInViewInterceptor'
2026-08-17 22:11:27 - o.s.b.j.a.JpaBaseConfiguration$JpaWebConfiguration - spring.jpa.open-in-view is enabled by default. Therefore, database queries may be performed during view rendering. Explicitly configure spring.jpa.open-in-view to disable this warning
2026-08-17 22:11:27 - o.s.b.f.s.DefaultListableBeanFactory - Autowiring by type from bean name 'openEntityManagerInViewInterceptorConfigurer' via factory method to bean named 'openEntityManagerInViewInterceptor'
2026-08-17 22:11:27 - o.s.b.f.s.DefaultListableBeanFactory - Creating shared instance of singleton bean 'welcomePageHandlerMapping'
2026-08-17 22:11:27 - o.s.b.f.s.DefaultListableBeanFactory - Creating shared instance of singleton bean 'mvcConversionService'
2026-08-17 22:11:27 - o.s.b.f.s.DefaultListableBeanFactory - Creating shared instance of singleton bean 'mvcResourceUrlProvider'
2026-08-17 22:11:27 - o.s.b.f.s.DefaultListableBeanFactory - Autowiring by type from bean name 'welcomePageHandlerMapping' via factory method to bean named 'org.springframework.boot.web.server.servlet.context.AnnotationConfigServletWebServerApplicationContext@1951b871'
2026-08-17 22:11:27 - o.s.b.f.s.DefaultListableBeanFactory - Autowiring by type from bean name 'welcomePageHandlerMapping' via factory method to bean named 'mvcConversionService'
2026-08-17 22:11:27 - o.s.b.f.s.DefaultListableBeanFactory - Autowiring by type from bean name 'welcomePageHandlerMapping' via factory method to bean named 'mvcResourceUrlProvider'
2026-08-17 22:11:27 - o.s.b.f.s.DefaultListableBeanFactory - Creating shared instance of singleton bean 'welcomePageNotAcceptableHandlerMapping'
2026-08-17 22:11:27 - o.s.b.f.s.DefaultListableBeanFactory - Autowiring by type from bean name 'welcomePageNotAcceptableHandlerMapping' via factory method to bean named 'org.springframework.boot.web.server.servlet.context.AnnotationConfigServletWebServerApplicationContext@1951b871'
2026-08-17 22:11:27 - o.s.b.f.s.DefaultListableBeanFactory - Autowiring by type from bean name 'welcomePageNotAcceptableHandlerMapping' via factory method to bean named 'mvcConversionService'
2026-08-17 22:11:27 - o.s.b.f.s.DefaultListableBeanFactory - Autowiring by type from bean name 'welcomePageNotAcceptableHandlerMapping' via factory method to bean named 'mvcResourceUrlProvider'
2026-08-17 22:11:27 - o.s.b.f.s.DefaultListableBeanFactory - Creating shared instance of singleton bean 'localeResolver'
2026-08-17 22:11:27 - o.s.b.f.s.DefaultListableBeanFactory - Creating shared instance of singleton bean 'flashMapManager'
2026-08-17 22:11:27 - o.s.b.f.s.DefaultListableBeanFactory - Creating shared instance of singleton bean 'viewNameTranslator'
2026-08-17 22:11:27 - o.s.b.f.s.DefaultListableBeanFactory - Creating shared instance of singleton bean 'mvcValidator'
2026-08-17 22:11:27 - o.s.b.f.s.DefaultListableBeanFactory - Creating shared instance of singleton bean 'requestMappingHandlerMapping'
2026-08-17 22:11:27 - o.s.b.f.s.DefaultListableBeanFactory - Creating shared instance of singleton bean 'mvcContentNegotiationManager'
2026-08-17 22:11:27 - o.s.b.f.s.DefaultListableBeanFactory - Creating shared instance of singleton bean 'stringHttpMessageConvertersCustomizer'
2026-08-17 22:11:27 - o.s.b.f.s.DefaultListableBeanFactory - Creating shared instance of singleton bean 'org.springframework.boot.http.converter.autoconfigure.HttpMessageConvertersAutoConfiguration$StringHttpMessageConverterConfiguration'
2026-08-17 22:11:27 - o.s.b.f.s.DefaultListableBeanFactory - Creating shared instance of singleton bean 'spring.http.converters-org.springframework.boot.http.converter.autoconfigure.HttpMessageConvertersProperties'
2026-08-17 22:11:27 - o.s.b.f.s.DefaultListableBeanFactory - Autowiring by type from bean name 'stringHttpMessageConvertersCustomizer' via factory method to bean named 'spring.http.converters-org.springframework.boot.http.converter.autoconfigure.HttpMessageConvertersProperties'
2026-08-17 22:11:27 - o.s.b.f.s.DefaultListableBeanFactory - Creating shared instance of singleton bean 'jacksonJsonHttpMessageConvertersCustomizer'
2026-08-17 22:11:27 - o.s.b.f.s.DefaultListableBeanFactory - Creating shared instance of singleton bean 'org.springframework.boot.http.converter.autoconfigure.JacksonHttpMessageConvertersConfiguration$JacksonJsonHttpMessageConverterConfiguration'
2026-08-17 22:11:27 - o.s.b.f.s.DefaultListableBeanFactory - Creating shared instance of singleton bean 'jacksonJsonMapper'
2026-08-17 22:11:27 - o.s.b.f.s.DefaultListableBeanFactory - Creating shared instance of singleton bean 'org.springframework.boot.jackson.autoconfigure.JacksonAutoConfiguration'
2026-08-17 22:11:27 - o.s.b.f.s.DefaultListableBeanFactory - Creating shared instance of singleton bean 'problemDetailJsonMapperBuilderCustomizer'
2026-08-17 22:11:27 - o.s.b.f.s.DefaultListableBeanFactory - Creating shared instance of singleton bean 'org.springframework.boot.jackson.autoconfigure.JacksonAutoConfiguration$JsonProblemDetailsConfiguration'
2026-08-17 22:11:27 - o.s.b.f.s.DefaultListableBeanFactory - Creating shared instance of singleton bean 'standardJsonMapperBuilderCustomizer'
2026-08-17 22:11:27 - o.s.b.f.s.DefaultListableBeanFactory - Creating shared instance of singleton bean 'org.springframework.boot.jackson.autoconfigure.JacksonAutoConfiguration$JacksonJsonCustomizerConfiguration'
2026-08-17 22:11:27 - o.s.b.f.s.DefaultListableBeanFactory - Creating shared instance of singleton bean 'spring.jackson-org.springframework.boot.jackson.autoconfigure.JacksonProperties'
2026-08-17 22:11:27 - o.s.b.f.s.DefaultListableBeanFactory - Autowiring by type from bean name 'org.springframework.boot.jackson.autoconfigure.JacksonAutoConfiguration$JacksonJsonCustomizerConfiguration' via constructor to bean named 'spring.jackson-org.springframework.boot.jackson.autoconfigure.JacksonProperties'
2026-08-17 22:11:27 - o.s.b.f.s.DefaultListableBeanFactory - Autowiring by type from bean name 'standardJsonMapperBuilderCustomizer' via factory method to bean named 'org.springframework.beans.factory.support.DefaultListableBeanFactory@290b1b2e'
2026-08-17 22:11:27 - o.s.b.f.s.DefaultListableBeanFactory - Creating shared instance of singleton bean 'jackson3GeoModule'
2026-08-17 22:11:27 - o.s.b.f.s.DefaultListableBeanFactory - Creating shared instance of singleton bean 'org.springframework.data.web.config.SpringDataJackson3Configuration'
2026-08-17 22:11:27 - o.s.b.f.s.DefaultListableBeanFactory - Creating shared instance of singleton bean 'springDataWebSettings'
2026-08-17 22:11:27 - o.s.b.f.s.DefaultListableBeanFactory - Creating shared instance of singleton bean 'org.springframework.boot.data.autoconfigure.web.DataWebAutoConfiguration'
2026-08-17 22:11:27 - o.s.b.f.s.DefaultListableBeanFactory - Creating shared instance of singleton bean 'spring.data.web-org.springframework.boot.data.autoconfigure.web.DataWebProperties'
2026-08-17 22:11:27 - o.s.b.f.s.DefaultListableBeanFactory - Autowiring by type from bean name 'org.springframework.boot.data.autoconfigure.web.DataWebAutoConfiguration' via constructor to bean named 'spring.data.web-org.springframework.boot.data.autoconfigure.web.DataWebProperties'
2026-08-17 22:11:27 - o.s.b.f.s.DefaultListableBeanFactory - Creating shared instance of singleton bean 'jackson3pageModule'
2026-08-17 22:11:27 - o.s.b.f.s.DefaultListableBeanFactory - Creating shared instance of singleton bean 'jacksonMixinModule'
2026-08-17 22:11:27 - o.s.b.f.s.DefaultListableBeanFactory - Creating shared instance of singleton bean 'org.springframework.boot.jackson.autoconfigure.JacksonAutoConfiguration$JacksonMixinConfiguration'
2026-08-17 22:11:27 - o.s.b.f.s.DefaultListableBeanFactory - Creating shared instance of singleton bean 'jacksonMixinModuleEntries'
2026-08-17 22:11:27 - o.s.b.f.s.DefaultListableBeanFactory - Autowiring by type from bean name 'jacksonMixinModuleEntries' via factory method to bean named 'org.springframework.boot.web.server.servlet.context.AnnotationConfigServletWebServerApplicationContext@1951b871'
2026-08-17 22:11:27 - o.s.b.f.s.DefaultListableBeanFactory - Autowiring by type from bean name 'jacksonMixinModule' via factory method to bean named 'org.springframework.boot.web.server.servlet.context.AnnotationConfigServletWebServerApplicationContext@1951b871'
2026-08-17 22:11:27 - o.s.b.f.s.DefaultListableBeanFactory - Autowiring by type from bean name 'jacksonMixinModule' via factory method to bean named 'jacksonMixinModuleEntries'
2026-08-17 22:11:27 - o.s.b.f.s.DefaultListableBeanFactory - Creating shared instance of singleton bean 'jsonComponentModule'
2026-08-17 22:11:27 - o.s.b.f.s.DefaultListableBeanFactory - Creating shared instance of singleton bean 'jsonFactory'
2026-08-17 22:11:27 - o.s.b.f.s.DefaultListableBeanFactory - Creating shared instance of singleton bean 'standardJsonFactoryBuilderCustomizer'
2026-08-17 22:11:27 - o.s.b.f.s.DefaultListableBeanFactory - Autowiring by type from bean name 'jsonFactory' via factory method to bean named 'standardJsonFactoryBuilderCustomizer'
2026-08-17 22:11:27 - o.s.b.f.s.DefaultListableBeanFactory - Autowiring by type from bean name 'jsonMapperBuilder' via factory method to bean named 'problemDetailJsonMapperBuilderCustomizer'
2026-08-17 22:11:27 - o.s.b.f.s.DefaultListableBeanFactory - Autowiring by type from bean name 'jsonMapperBuilder' via factory method to bean named 'standardJsonMapperBuilderCustomizer'
2026-08-17 22:11:27 - o.s.b.f.s.DefaultListableBeanFactory - Autowiring by type from bean name 'jsonMapperBuilder' via factory method to bean named 'jsonFactory'
2026-08-17 22:11:27 - o.s.b.f.s.DefaultListableBeanFactory - Autowiring by type from bean name 'jacksonJsonMapper' via factory method to bean named 'jsonMapperBuilder'
2026-08-17 22:11:27 - o.s.b.f.s.DefaultListableBeanFactory - Autowiring by type from bean name 'jacksonJsonHttpMessageConvertersCustomizer' via factory method to bean named 'jacksonJsonMapper'
2026-08-17 22:11:27 - o.s.b.f.s.DefaultListableBeanFactory - Creating shared instance of singleton bean 'serverConvertersCustomizer'
2026-08-17 22:11:27 - o.s.b.f.s.DefaultListableBeanFactory - Creating shared instance of singleton bean 'org.springframework.boot.http.converter.autoconfigure.HttpMessageConvertersAutoConfiguration'
2026-08-17 22:11:27 - o.s.b.f.s.DefaultListableBeanFactory - Creating shared instance of singleton bean 'mvcApiVersionStrategy'
2026-08-17 22:11:27 - o.s.b.f.s.DefaultListableBeanFactory - Autowiring by type from bean name 'requestMappingHandlerMapping' via factory method to bean named 'mvcContentNegotiationManager'
2026-08-17 22:11:27 - o.s.b.f.s.DefaultListableBeanFactory - Autowiring by type from bean name 'requestMappingHandlerMapping' via factory method to bean named 'mvcApiVersionStrategy'
2026-08-17 22:11:27 - o.s.b.f.s.DefaultListableBeanFactory - Autowiring by type from bean name 'requestMappingHandlerMapping' via factory method to bean named 'mvcConversionService'
2026-08-17 22:11:27 - o.s.b.f.s.DefaultListableBeanFactory - Autowiring by type from bean name 'requestMappingHandlerMapping' via factory method to bean named 'mvcResourceUrlProvider'
2026-08-17 22:11:28 - _.s.w.s.HandlerMapping.Mappings - 
	c.r.E.c.expenseController:
	{GET [/Expense]}: getAllExpenses()
	{POST [/Expense]}: saveExpense(Expense)
2026-08-17 22:11:28 - _.s.w.s.HandlerMapping.Mappings - 
	o.s.b.w.a.e.BasicErrorController:
	{ [/error]}: error(HttpServletRequest)
	{ [/error], produces [text/html]}: errorHtml(HttpServletRequest,HttpServletResponse)
2026-08-17 22:11:28 - o.s.w.s.m.m.a.RequestMappingHandlerMapping - 4 mappings in 'requestMappingHandlerMapping'
2026-08-17 22:11:28 - o.s.b.f.s.DefaultListableBeanFactory - Creating shared instance of singleton bean 'mvcPatternParser'
2026-08-17 22:11:28 - o.s.b.f.s.DefaultListableBeanFactory - Creating shared instance of singleton bean 'mvcUrlPathHelper'
2026-08-17 22:11:28 - o.s.b.f.s.DefaultListableBeanFactory - Creating shared instance of singleton bean 'mvcPathMatcher'
2026-08-17 22:11:28 - o.s.b.f.s.DefaultListableBeanFactory - Creating shared instance of singleton bean 'viewControllerHandlerMapping'
2026-08-17 22:11:28 - o.s.b.f.s.DefaultListableBeanFactory - Autowiring by type from bean name 'viewControllerHandlerMapping' via factory method to bean named 'mvcConversionService'
2026-08-17 22:11:28 - o.s.b.f.s.DefaultListableBeanFactory - Autowiring by type from bean name 'viewControllerHandlerMapping' via factory method to bean named 'mvcResourceUrlProvider'
2026-08-17 22:11:28 - o.s.b.f.s.DefaultListableBeanFactory - Creating shared instance of singleton bean 'beanNameHandlerMapping'
2026-08-17 22:11:28 - o.s.b.f.s.DefaultListableBeanFactory - Autowiring by type from bean name 'beanNameHandlerMapping' via factory method to bean named 'mvcConversionService'
2026-08-17 22:11:28 - o.s.b.f.s.DefaultListableBeanFactory - Autowiring by type from bean name 'beanNameHandlerMapping' via factory method to bean named 'mvcResourceUrlProvider'
2026-08-17 22:11:28 - _.s.w.s.HandlerMapping.Mappings - 'beanNameHandlerMapping' {}
2026-08-17 22:11:28 - o.s.b.f.s.DefaultListableBeanFactory - Creating shared instance of singleton bean 'routerFunctionMapping'
2026-08-17 22:11:28 - o.s.b.f.s.DefaultListableBeanFactory - Autowiring by type from bean name 'routerFunctionMapping' via factory method to bean named 'mvcConversionService'
2026-08-17 22:11:28 - o.s.b.f.s.DefaultListableBeanFactory - Autowiring by type from bean name 'routerFunctionMapping' via factory method to bean named 'mvcResourceUrlProvider'
2026-08-17 22:11:28 - o.s.b.f.s.DefaultListableBeanFactory - Autowiring by type from bean name 'routerFunctionMapping' via factory method to bean named 'mvcApiVersionStrategy'
2026-08-17 22:11:28 - o.s.b.f.s.DefaultListableBeanFactory - Creating shared instance of singleton bean 'resourceHandlerMapping'
2026-08-17 22:11:28 - o.s.b.f.s.DefaultListableBeanFactory - Autowiring by type from bean name 'resourceHandlerMapping' via factory method to bean named 'mvcContentNegotiationManager'
2026-08-17 22:11:28 - o.s.b.f.s.DefaultListableBeanFactory - Autowiring by type from bean name 'resourceHandlerMapping' via factory method to bean named 'mvcConversionService'
2026-08-17 22:11:28 - o.s.b.f.s.DefaultListableBeanFactory - Autowiring by type from bean name 'resourceHandlerMapping' via factory method to bean named 'mvcResourceUrlProvider'
2026-08-17 22:11:28 - _.s.w.s.HandlerMapping.Mappings - 'resourceHandlerMapping' {/webjars/**=ResourceHttpRequestHandler [classpath [META-INF/resources/webjars/]], /**=ResourceHttpRequestHandler [classpath [META-INF/resources/], classpath [resources/], classpath [static/], classpath [public/], ServletContext [/]]}
2026-08-17 22:11:28 - o.s.b.f.s.DefaultListableBeanFactory - Creating shared instance of singleton bean 'defaultServletHandlerMapping'
2026-08-17 22:11:28 - o.s.b.f.s.DefaultListableBeanFactory - Creating shared instance of singleton bean 'requestMappingHandlerAdapter'
2026-08-17 22:11:28 - o.s.b.f.s.DefaultListableBeanFactory - Autowiring by type from bean name 'requestMappingHandlerAdapter' via factory method to bean named 'mvcContentNegotiationManager'
2026-08-17 22:11:28 - o.s.b.f.s.DefaultListableBeanFactory - Autowiring by type from bean name 'requestMappingHandlerAdapter' via factory method to bean named 'mvcConversionService'
2026-08-17 22:11:28 - o.s.b.f.s.DefaultListableBeanFactory - Autowiring by type from bean name 'requestMappingHandlerAdapter' via factory method to bean named 'mvcValidator'
2026-08-17 22:11:28 - o.s.b.f.s.DefaultListableBeanFactory - Creating shared instance of singleton bean 'sortResolver'
2026-08-17 22:11:28 - o.s.b.f.s.DefaultListableBeanFactory - Creating shared instance of singleton bean 'sortCustomizer'
2026-08-17 22:11:28 - o.s.b.f.s.DefaultListableBeanFactory - Creating shared instance of singleton bean 'pageableResolver'
2026-08-17 22:11:28 - o.s.b.f.s.DefaultListableBeanFactory - Creating shared instance of singleton bean 'pageableCustomizer'
2026-08-17 22:11:28 - o.s.w.s.m.m.a.RequestMappingHandlerAdapter - ControllerAdvice beans: 0 @ModelAttribute, 0 @InitBinder, 2 RequestBodyAdvice, 1 ResponseBodyAdvice
2026-08-17 22:11:28 - o.s.b.f.s.DefaultListableBeanFactory - Creating shared instance of singleton bean 'mvcViewResolver'
2026-08-17 22:11:28 - o.s.b.f.s.DefaultListableBeanFactory - Autowiring by type from bean name 'mvcViewResolver' via factory method to bean named 'mvcContentNegotiationManager'
2026-08-17 22:11:28 - o.s.b.f.s.DefaultListableBeanFactory - Creating shared instance of singleton bean 'defaultViewResolver'
2026-08-17 22:11:28 - o.s.b.f.s.DefaultListableBeanFactory - Creating shared instance of singleton bean 'viewResolver'
2026-08-17 22:11:28 - o.s.b.f.s.DefaultListableBeanFactory - Autowiring by type from bean name 'viewResolver' via factory method to bean named 'org.springframework.beans.factory.support.DefaultListableBeanFactory@290b1b2e'
2026-08-17 22:11:28 - o.s.b.f.s.DefaultListableBeanFactory - Creating shared instance of singleton bean 'viewResolver'
2026-08-17 22:11:28 - o.s.b.f.s.DefaultListableBeanFactory - Creating shared instance of singleton bean 'handlerFunctionAdapter'
2026-08-17 22:11:28 - o.s.b.f.s.DefaultListableBeanFactory - Creating shared instance of singleton bean 'mvcUriComponentsContributor'
2026-08-17 22:11:28 - o.s.b.f.s.DefaultListableBeanFactory - Autowiring by type from bean name 'mvcUriComponentsContributor' via factory method to bean named 'mvcConversionService'
2026-08-17 22:11:28 - o.s.b.f.s.DefaultListableBeanFactory - Autowiring by type from bean name 'mvcUriComponentsContributor' via factory method to bean named 'requestMappingHandlerAdapter'
2026-08-17 22:11:28 - o.s.b.f.s.DefaultListableBeanFactory - Creating shared instance of singleton bean 'httpRequestHandlerAdapter'
2026-08-17 22:11:28 - o.s.b.f.s.DefaultListableBeanFactory - Creating shared instance of singleton bean 'simpleControllerHandlerAdapter'
2026-08-17 22:11:28 - o.s.b.f.s.DefaultListableBeanFactory - Creating shared instance of singleton bean 'handlerExceptionResolver'
2026-08-17 22:11:28 - o.s.b.f.s.DefaultListableBeanFactory - Autowiring by type from bean name 'handlerExceptionResolver' via factory method to bean named 'mvcContentNegotiationManager'
2026-08-17 22:11:28 - o.s.w.s.m.m.a.ExceptionHandlerExceptionResolver - ControllerAdvice beans: 0 @ExceptionHandler, 1 ResponseBodyAdvice
2026-08-17 22:11:28 - o.s.b.f.s.DefaultListableBeanFactory - Creating shared instance of singleton bean 'org.springframework.boot.autoconfigure.aop.AopAutoConfiguration$AspectJAutoProxyingConfiguration$CglibAutoProxyConfiguration'
2026-08-17 22:11:28 - o.s.b.f.s.DefaultListableBeanFactory - Creating shared instance of singleton bean 'org.springframework.boot.autoconfigure.aop.AopAutoConfiguration$AspectJAutoProxyingConfiguration'
2026-08-17 22:11:28 - o.s.b.f.s.DefaultListableBeanFactory - Creating shared instance of singleton bean 'org.springframework.boot.autoconfigure.aop.AopAutoConfiguration'
2026-08-17 22:11:28 - o.s.b.f.s.DefaultListableBeanFactory - Creating shared instance of singleton bean 'org.springframework.boot.autoconfigure.availability.ApplicationAvailabilityAutoConfiguration'
2026-08-17 22:11:28 - o.s.b.f.s.DefaultListableBeanFactory - Creating shared instance of singleton bean 'applicationAvailability'
2026-08-17 22:11:28 - o.s.b.f.s.DefaultListableBeanFactory - Creating shared instance of singleton bean 'org.springframework.boot.autoconfigure.context.ConfigurationPropertiesAutoConfiguration'
2026-08-17 22:11:28 - o.s.b.f.s.DefaultListableBeanFactory - Creating shared instance of singleton bean 'org.springframework.boot.autoconfigure.context.LifecycleAutoConfiguration'
2026-08-17 22:11:28 - o.s.b.f.s.DefaultListableBeanFactory - Creating shared instance of singleton bean 'lifecycleProcessor'
2026-08-17 22:11:28 - o.s.b.f.s.DefaultListableBeanFactory - Creating shared instance of singleton bean 'spring.lifecycle-org.springframework.boot.autoconfigure.context.LifecycleProperties'
2026-08-17 22:11:28 - o.s.b.f.s.DefaultListableBeanFactory - Autowiring by type from bean name 'lifecycleProcessor' via factory method to bean named 'spring.lifecycle-org.springframework.boot.autoconfigure.context.LifecycleProperties'
2026-08-17 22:11:28 - o.s.b.f.s.DefaultListableBeanFactory - Creating shared instance of singleton bean 'org.springframework.boot.autoconfigure.info.ProjectInfoAutoConfiguration'
2026-08-17 22:11:28 - o.s.b.f.s.DefaultListableBeanFactory - Creating shared instance of singleton bean 'spring.info-org.springframework.boot.autoconfigure.info.ProjectInfoProperties'
2026-08-17 22:11:28 - o.s.b.f.s.DefaultListableBeanFactory - Autowiring by type from bean name 'org.springframework.boot.autoconfigure.info.ProjectInfoAutoConfiguration' via constructor to bean named 'spring.info-org.springframework.boot.autoconfigure.info.ProjectInfoProperties'
2026-08-17 22:11:28 - o.s.b.f.s.DefaultListableBeanFactory - Creating shared instance of singleton bean 'org.springframework.boot.autoconfigure.task.TaskSchedulingConfigurations$ThreadPoolTaskSchedulerBuilderConfiguration'
2026-08-17 22:11:28 - o.s.b.f.s.DefaultListableBeanFactory - Creating shared instance of singleton bean 'threadPoolTaskSchedulerBuilder'
2026-08-17 22:11:28 - o.s.b.f.s.DefaultListableBeanFactory - Creating shared instance of singleton bean 'spring.task.scheduling-org.springframework.boot.autoconfigure.task.TaskSchedulingProperties'
2026-08-17 22:11:28 - o.s.b.f.s.DefaultListableBeanFactory - Autowiring by type from bean name 'threadPoolTaskSchedulerBuilder' via factory method to bean named 'spring.task.scheduling-org.springframework.boot.autoconfigure.task.TaskSchedulingProperties'
2026-08-17 22:11:28 - o.s.b.f.s.DefaultListableBeanFactory - Creating shared instance of singleton bean 'org.springframework.boot.autoconfigure.task.TaskSchedulingConfigurations$SimpleAsyncTaskSchedulerBuilderConfiguration'
2026-08-17 22:11:28 - o.s.b.f.s.DefaultListableBeanFactory - Autowiring by type from bean name 'org.springframework.boot.autoconfigure.task.TaskSchedulingConfigurations$SimpleAsyncTaskSchedulerBuilderConfiguration' via constructor to bean named 'spring.task.scheduling-org.springframework.boot.autoconfigure.task.TaskSchedulingProperties'
2026-08-17 22:11:28 - o.s.b.f.s.DefaultListableBeanFactory - Creating shared instance of singleton bean 'simpleAsyncTaskSchedulerBuilder'
2026-08-17 22:11:28 - o.s.b.f.s.DefaultListableBeanFactory - Creating shared instance of singleton bean 'org.springframework.boot.autoconfigure.task.TaskSchedulingAutoConfiguration'
2026-08-17 22:11:28 - o.s.b.f.s.DefaultListableBeanFactory - Creating shared instance of singleton bean 'org.springframework.data.web.config.ProjectingArgumentResolverRegistrar'
2026-08-17 22:11:28 - o.s.b.f.s.DefaultListableBeanFactory - Creating shared instance of singleton bean 'offsetResolver'
2026-08-17 22:11:28 - o.s.b.f.s.DefaultListableBeanFactory - Creating shared instance of singleton bean 'org.springframework.boot.transaction.jta.autoconfigure.JtaAutoConfiguration'
2026-08-17 22:11:28 - o.s.b.f.s.DefaultListableBeanFactory - Creating shared instance of singleton bean 'org.springframework.boot.jdbc.autoconfigure.DataSourcePoolMetadataProvidersConfiguration'
2026-08-17 22:11:28 - o.s.b.f.s.DefaultListableBeanFactory - Creating shared instance of singleton bean 'org.springframework.boot.jdbc.autoconfigure.DataSourceAutoConfiguration'
2026-08-17 22:11:28 - o.s.b.f.s.DefaultListableBeanFactory - Creating shared instance of singleton bean 'org.springframework.boot.transaction.autoconfigure.TransactionManagerCustomizationAutoConfiguration'
2026-08-17 22:11:28 - o.s.b.f.s.DefaultListableBeanFactory - Creating shared instance of singleton bean 'platformTransactionManagerCustomizers'
2026-08-17 22:11:28 - o.s.b.f.s.DefaultListableBeanFactory - Creating shared instance of singleton bean 'transactionExecutionListeners'
2026-08-17 22:11:28 - o.s.b.f.s.DefaultListableBeanFactory - Creating shared instance of singleton bean 'spring.transaction-org.springframework.boot.transaction.autoconfigure.TransactionProperties'
2026-08-17 22:11:28 - o.s.b.f.s.DefaultListableBeanFactory - Creating shared instance of singleton bean 'org.springframework.boot.jpa.autoconfigure.JpaBaseConfiguration$PersistenceManagedTypesConfiguration'
2026-08-17 22:11:28 - o.s.b.f.s.DefaultListableBeanFactory - Creating shared instance of singleton bean 'transactionManager'
2026-08-17 22:11:28 - o.s.b.f.s.DefaultListableBeanFactory - Creating shared instance of singleton bean 'org.springframework.boot.hibernate.autoconfigure.HibernateJpaAutoConfiguration'
2026-08-17 22:11:28 - o.s.b.f.s.DefaultListableBeanFactory - Creating shared instance of singleton bean 'org.springframework.boot.data.jpa.autoconfigure.DataJpaRepositoriesAutoConfiguration'
2026-08-17 22:11:28 - o.s.b.f.s.DefaultListableBeanFactory - Creating shared instance of singleton bean 'eagerJpaMetamodelCacheCleanup'
2026-08-17 22:11:28 - o.s.b.f.s.DefaultListableBeanFactory - Creating shared instance of singleton bean 'org.springframework.data.jpa.util.JpaMetamodelCacheCleanup'
2026-08-17 22:11:28 - o.s.b.f.s.DefaultListableBeanFactory - Creating shared instance of singleton bean 'org.springframework.data.jpa.repository.support.JpaEvaluationContextExtension'
2026-08-17 22:11:28 - o.s.b.f.s.DefaultListableBeanFactory - Creating shared instance of singleton bean 'data-jpa.repository-aot-processor#0'
2026-08-17 22:11:28 - o.s.b.f.s.DefaultListableBeanFactory - Creating shared instance of singleton bean 'org.springframework.boot.http.converter.autoconfigure.JacksonHttpMessageConvertersConfiguration'
2026-08-17 22:11:28 - o.s.b.f.s.DefaultListableBeanFactory - Creating shared instance of singleton bean 'org.springframework.boot.http.converter.autoconfigure.Jackson2HttpMessageConvertersConfiguration'
2026-08-17 22:11:28 - o.s.b.f.s.DefaultListableBeanFactory - Creating shared instance of singleton bean 'clientConvertersCustomizer'
2026-08-17 22:11:28 - o.s.b.f.s.DefaultListableBeanFactory - Creating shared instance of singleton bean 'org.springframework.boot.jdbc.autoconfigure.JdbcTemplateConfiguration'
2026-08-17 22:11:28 - o.s.b.f.s.DefaultListableBeanFactory - Creating shared instance of singleton bean 'jdbcTemplate'
2026-08-17 22:11:28 - o.s.b.f.s.DefaultListableBeanFactory - Creating shared instance of singleton bean 'spring.jdbc-org.springframework.boot.jdbc.autoconfigure.JdbcProperties'
2026-08-17 22:11:28 - o.s.b.f.s.DefaultListableBeanFactory - Autowiring by type from bean name 'jdbcTemplate' via factory method to bean named 'dataSource'
2026-08-17 22:11:28 - o.s.b.f.s.DefaultListableBeanFactory - Autowiring by type from bean name 'jdbcTemplate' via factory method to bean named 'spring.jdbc-org.springframework.boot.jdbc.autoconfigure.JdbcProperties'
2026-08-17 22:11:28 - o.s.b.f.s.DefaultListableBeanFactory - Creating shared instance of singleton bean 'org.springframework.boot.jdbc.autoconfigure.NamedParameterJdbcTemplateConfiguration'
2026-08-17 22:11:28 - o.s.b.f.s.DefaultListableBeanFactory - Creating shared instance of singleton bean 'namedParameterJdbcTemplate'
2026-08-17 22:11:28 - o.s.b.f.s.DefaultListableBeanFactory - Autowiring by type from bean name 'namedParameterJdbcTemplate' via factory method to bean named 'jdbcTemplate'
2026-08-17 22:11:28 - o.s.b.f.s.DefaultListableBeanFactory - Creating shared instance of singleton bean 'org.springframework.boot.jdbc.autoconfigure.JdbcTemplateAutoConfiguration'
2026-08-17 22:11:28 - o.s.b.f.s.DefaultListableBeanFactory - Creating shared instance of singleton bean 'org.springframework.boot.jdbc.autoconfigure.JdbcClientAutoConfiguration'
2026-08-17 22:11:28 - o.s.b.f.s.DefaultListableBeanFactory - Creating shared instance of singleton bean 'jdbcClient'
2026-08-17 22:11:28 - o.s.b.f.s.DefaultListableBeanFactory - Autowiring by type from bean name 'jdbcClient' via factory method to bean named 'namedParameterJdbcTemplate'
2026-08-17 22:11:28 - o.s.b.f.s.DefaultListableBeanFactory - Creating shared instance of singleton bean 'org.springframework.boot.persistence.autoconfigure.PersistenceExceptionTranslationAutoConfiguration'
2026-08-17 22:11:28 - o.s.b.f.s.DefaultListableBeanFactory - Creating shared instance of singleton bean 'multipartResolver'
2026-08-17 22:11:28 - o.s.b.f.s.DefaultListableBeanFactory - Creating shared instance of singleton bean 'org.springframework.boot.jdbc.autoconfigure.DataSourceTransactionManagerAutoConfiguration$JdbcTransactionManagerConfiguration'
2026-08-17 22:11:28 - o.s.b.f.s.DefaultListableBeanFactory - Creating shared instance of singleton bean 'org.springframework.boot.jdbc.autoconfigure.DataSourceTransactionManagerAutoConfiguration'
2026-08-17 22:11:28 - o.s.b.f.s.DefaultListableBeanFactory - Creating shared instance of singleton bean 'org.springframework.boot.transaction.autoconfigure.TransactionAutoConfiguration$EnableTransactionManagementConfiguration$CglibAutoProxyConfiguration'
2026-08-17 22:11:28 - o.s.b.f.s.DefaultListableBeanFactory - Creating shared instance of singleton bean 'org.springframework.boot.transaction.autoconfigure.TransactionAutoConfiguration$EnableTransactionManagementConfiguration'
2026-08-17 22:11:28 - o.s.b.f.s.DefaultListableBeanFactory - Creating shared instance of singleton bean 'org.springframework.boot.transaction.autoconfigure.TransactionAutoConfiguration$TransactionTemplateConfiguration'
2026-08-17 22:11:28 - o.s.b.f.s.DefaultListableBeanFactory - Creating shared instance of singleton bean 'transactionTemplate'
2026-08-17 22:11:28 - o.s.b.f.s.DefaultListableBeanFactory - Autowiring by type from bean name 'transactionTemplate' via factory method to bean named 'transactionManager'
2026-08-17 22:11:28 - o.s.b.f.s.DefaultListableBeanFactory - Creating shared instance of singleton bean 'org.springframework.boot.transaction.autoconfigure.TransactionAutoConfiguration'
2026-08-17 22:11:28 - o.s.c.s.DefaultLifecycleProcessor - Starting beans in phase -2147483647
2026-08-17 22:11:28 - o.s.c.s.DefaultLifecycleProcessor - Successfully started bean 'springBootLoggingLifecycle'
2026-08-17 22:11:28 - o.s.c.s.DefaultLifecycleProcessor - Starting beans in phase 1073741823
2026-08-17 22:11:28 - o.s.c.s.DefaultLifecycleProcessor - Starting beans in phase 2147481599
2026-08-17 22:11:28 - o.a.coyote.http11.Http11NioProtocol - Starting ProtocolHandler ["http-nio-8082"]
2026-08-17 22:11:28 - o.s.boot.tomcat.TomcatWebServer - Tomcat started on port 8082 (http) with context path '/'
2026-08-17 22:11:28 - o.s.c.s.DefaultLifecycleProcessor - Successfully started bean 'webServerStartStop'
2026-08-17 22:11:28 - o.s.c.s.DefaultLifecycleProcessor - Starting beans in phase 2147482623
2026-08-17 22:11:28 - o.s.c.s.DefaultLifecycleProcessor - Successfully started bean 'webServerGracefulShutdown'
2026-08-17 22:11:28 - o.s.b.a.l.ConditionEvaluationReportLogger - 


============================
CONDITIONS EVALUATION REPORT
============================


Positive matches:
-----------------

   AopAutoConfiguration matched:
      - @ConditionalOnBooleanProperty (spring.aop.auto=true) matched (OnPropertyCondition)

   AopAutoConfiguration.AspectJAutoProxyingConfiguration matched:
      - @ConditionalOnClass found required class 'org.aspectj.weaver.Advice' (OnClassCondition)

   AopAutoConfiguration.AspectJAutoProxyingConfiguration.CglibAutoProxyConfiguration matched:
      - @ConditionalOnBooleanProperty (spring.aop.proxy-target-class=true) matched (OnPropertyCondition)

   ApplicationAvailabilityAutoConfiguration#applicationAvailability matched:
      - @ConditionalOnMissingBean (types: org.springframework.boot.availability.ApplicationAvailability; SearchStrategy: all) did not find any beans (OnBeanCondition)

   DataJpaRepositoriesAutoConfiguration matched:
      - @ConditionalOnClass found required class 'org.springframework.data.jpa.repository.JpaRepository' (OnClassCondition)
      - @ConditionalOnBooleanProperty (spring.data.jpa.repositories.enabled=true) matched (OnPropertyCondition)
      - @ConditionalOnBean (types: javax.sql.DataSource; SearchStrategy: all) found bean 'dataSource'; @ConditionalOnMissingBean (types: org.springframework.data.jpa.repository.support.JpaRepositoryFactoryBean,org.springframework.data.jpa.repository.config.JpaRepositoryConfigExtension; SearchStrategy: all) did not find any beans (OnBeanCondition)

   DataSourceAutoConfiguration matched:
      - @ConditionalOnClass found required classes 'javax.sql.DataSource', 'org.springframework.jdbc.datasource.embedded.EmbeddedDatabaseType' (OnClassCondition)
      - @ConditionalOnMissingBean (types: io.r2dbc.spi.ConnectionFactory; SearchStrategy: all) did not find any beans (OnBeanCondition)

   DataSourceAutoConfiguration.PooledDataSourceConfiguration matched:
      - AnyNestedCondition 1 matched 1 did not; NestedCondition on DataSourceAutoConfiguration.PooledDataSourceCondition.PooledDataSourceAvailable PooledDataSource found supported DataSource; NestedCondition on DataSourceAutoConfiguration.PooledDataSourceCondition.ExplicitType @ConditionalOnProperty (spring.datasource.type) did not find property 'spring.datasource.type' (DataSourceAutoConfiguration.PooledDataSourceCondition)
      - @ConditionalOnMissingBean (types: javax.sql.DataSource,javax.sql.XADataSource; SearchStrategy: all) did not find any beans (OnBeanCondition)

   DataSourceAutoConfiguration.PooledDataSourceConfiguration#jdbcConnectionDetails matched:
      - @ConditionalOnMissingBean (types: org.springframework.boot.jdbc.autoconfigure.JdbcConnectionDetails; SearchStrategy: all) did not find any beans (OnBeanCondition)

   DataSourceConfiguration.Hikari matched:
      - @ConditionalOnClass found required class 'com.zaxxer.hikari.HikariDataSource' (OnClassCondition)
      - @ConditionalOnProperty (spring.datasource.type=com.zaxxer.hikari.HikariDataSource) matched (OnPropertyCondition)
      - @ConditionalOnMissingBean (types: javax.sql.DataSource; SearchStrategy: all) did not find any beans (OnBeanCondition)

   DataSourceInitializationAutoConfiguration matched:
      - @ConditionalOnClass found required class 'org.springframework.jdbc.datasource.init.DatabasePopulator' (OnClassCondition)
      - SQL InitializationDatabase Initialization default value is EMBEDDED (OnSqlInitializationCondition)
      - @ConditionalOnSingleCandidate (types: javax.sql.DataSource; SearchStrategy: all) found a single bean 'dataSource'; @ConditionalOnMissingBean (types: org.springframework.boot.sql.autoconfigure.init.ApplicationScriptDatabaseInitializer; SearchStrategy: all) did not find any beans (OnBeanCondition)

   DataSourcePoolMetadataProvidersConfiguration.HikariPoolDataSourceMetadataProviderConfiguration matched:
      - @ConditionalOnClass found required class 'com.zaxxer.hikari.HikariDataSource' (OnClassCondition)

   DataSourceTransactionManagerAutoConfiguration matched:
      - @ConditionalOnClass found required classes 'javax.sql.DataSource', 'org.springframework.jdbc.core.JdbcTemplate', 'org.springframework.transaction.TransactionManager' (OnClassCondition)

   DataSourceTransactionManagerAutoConfiguration.JdbcTransactionManagerConfiguration matched:
      - @ConditionalOnSingleCandidate (types: javax.sql.DataSource; SearchStrategy: all) found a single bean 'dataSource' (OnBeanCondition)

   DataWebAutoConfiguration matched:
      - @ConditionalOnClass found required classes 'org.springframework.data.web.PageableHandlerMethodArgumentResolver', 'org.springframework.web.servlet.config.annotation.WebMvcConfigurer' (OnClassCondition)
      - found 'session' scope (OnWebApplicationCondition)
      - @ConditionalOnMissingBean (types: org.springframework.data.web.PageableHandlerMethodArgumentResolver; SearchStrategy: all) did not find any beans (OnBeanCondition)

   DataWebAutoConfiguration#pageableCustomizer matched:
      - @ConditionalOnMissingBean (types: org.springframework.data.web.config.PageableHandlerMethodArgumentResolverCustomizer; SearchStrategy: all) did not find any beans (OnBeanCondition)

   DataWebAutoConfiguration#sortCustomizer matched:
      - @ConditionalOnMissingBean (types: org.springframework.data.web.config.SortHandlerMethodArgumentResolverCustomizer; SearchStrategy: all) did not find any beans (OnBeanCondition)

   DataWebAutoConfiguration#springDataWebSettings matched:
      - @ConditionalOnMissingBean (types: org.springframework.data.web.config.SpringDataWebSettings; SearchStrategy: all) did not find any beans (OnBeanCondition)

   DispatcherServletAutoConfiguration matched:
      - @ConditionalOnClass found required class 'org.springframework.web.servlet.DispatcherServlet' (OnClassCondition)
      - found 'session' scope (OnWebApplicationCondition)

   DispatcherServletAutoConfiguration.DispatcherServletConfiguration matched:
      - @ConditionalOnClass found required class 'jakarta.servlet.ServletRegistration' (OnClassCondition)
      - Default DispatcherServlet did not find dispatcher servlet beans (DispatcherServletAutoConfiguration.DefaultDispatcherServletCondition)

   DispatcherServletAutoConfiguration.DispatcherServletRegistrationConfiguration matched:
      - @ConditionalOnClass found required class 'jakarta.servlet.ServletRegistration' (OnClassCondition)
      - DispatcherServlet Registration did not find servlet registration bean (DispatcherServletAutoConfiguration.DispatcherServletRegistrationCondition)

   DispatcherServletAutoConfiguration.DispatcherServletRegistrationConfiguration#dispatcherServletRegistration matched:
      - @ConditionalOnBean (names: dispatcherServlet types: org.springframework.web.servlet.DispatcherServlet; SearchStrategy: all) found bean 'dispatcherServlet' (OnBeanCondition)

   ErrorMvcAutoConfiguration matched:
      - @ConditionalOnClass found required classes 'jakarta.servlet.Servlet', 'org.springframework.web.servlet.DispatcherServlet' (OnClassCondition)
      - found 'session' scope (OnWebApplicationCondition)

   ErrorMvcAutoConfiguration#basicErrorController matched:
      - @ConditionalOnMissingBean (types: org.springframework.boot.webmvc.error.ErrorController; SearchStrategy: current) did not find any beans (OnBeanCondition)

   ErrorMvcAutoConfiguration#errorAttributes matched:
      - @ConditionalOnMissingBean (types: org.springframework.boot.webmvc.error.ErrorAttributes; SearchStrategy: current) did not find any beans (OnBeanCondition)

   ErrorMvcAutoConfiguration.DefaultErrorViewResolverConfiguration#conventionErrorViewResolver matched:
      - @ConditionalOnBean (types: org.springframework.web.servlet.DispatcherServlet; SearchStrategy: all) found bean 'dispatcherServlet'; @ConditionalOnMissingBean (types: org.springframework.boot.webmvc.autoconfigure.error.ErrorViewResolver; SearchStrategy: all) did not find any beans (OnBeanCondition)

   ErrorMvcAutoConfiguration.WhitelabelErrorViewConfiguration matched:
      - @ConditionalOnBooleanProperty (spring.web.error.whitelabel.enabled=true) matched (OnPropertyCondition)
      - ErrorTemplate Missing did not find error template view (ErrorMvcAutoConfiguration.ErrorTemplateMissingCondition)

   ErrorMvcAutoConfiguration.WhitelabelErrorViewConfiguration#beanNameViewResolver matched:
      - @ConditionalOnMissingBean (types: org.springframework.web.servlet.view.BeanNameViewResolver; SearchStrategy: all) did not find any beans (OnBeanCondition)

   ErrorMvcAutoConfiguration.WhitelabelErrorViewConfiguration#defaultErrorView matched:
      - @ConditionalOnMissingBean (names: error; SearchStrategy: all) did not find any beans (OnBeanCondition)

   HibernateJpaAutoConfiguration matched:
      - @ConditionalOnClass found required classes 'org.springframework.orm.jpa.LocalContainerEntityManagerFactoryBean', 'jakarta.persistence.EntityManager', 'org.hibernate.engine.spi.SessionImplementor' (OnClassCondition)

   HibernateJpaConfiguration matched:
      - @ConditionalOnSingleCandidate (types: javax.sql.DataSource; SearchStrategy: all) found a single bean 'dataSource' (OnBeanCondition)

   HttpEncodingAutoConfiguration matched:
      - @ConditionalOnClass found required class 'org.springframework.web.filter.CharacterEncodingFilter' (OnClassCondition)
      - found 'session' scope (OnWebApplicationCondition)
      - @ConditionalOnBooleanProperty (spring.servlet.encoding.enabled=true) matched (OnPropertyCondition)

   HttpEncodingAutoConfiguration#characterEncodingFilter matched:
      - @ConditionalOnMissingBean (types: org.springframework.web.filter.CharacterEncodingFilter; SearchStrategy: all) did not find any beans (OnBeanCondition)

   HttpMessageConvertersAutoConfiguration matched:
      - @ConditionalOnClass found required class 'org.springframework.http.converter.HttpMessageConverter' (OnClassCondition)
      - NoneNestedConditions 0 matched 1 did not; NestedCondition on HttpMessageConvertersAutoConfiguration.NotReactiveWebApplicationCondition.ReactiveWebApplication did not find reactive web application classes (HttpMessageConvertersAutoConfiguration.NotReactiveWebApplicationCondition)

   HttpMessageConvertersAutoConfiguration.StringHttpMessageConverterConfiguration#stringHttpMessageConvertersCustomizer matched:
      - @ConditionalOnMissingBean (types: org.springframework.http.converter.StringHttpMessageConverter; SearchStrategy: all) did not find any beans (OnBeanCondition)

   JacksonAutoConfiguration matched:
      - @ConditionalOnClass found required class 'tools.jackson.databind.json.JsonMapper' (OnClassCondition)

   JacksonAutoConfiguration#jacksonJsonMapper matched:
      - @ConditionalOnMissingBean (types: tools.jackson.databind.json.JsonMapper; SearchStrategy: all) did not find any beans (OnBeanCondition)

   JacksonAutoConfiguration#jsonFactory matched:
      - @ConditionalOnMissingBean (types: tools.jackson.core.json.JsonFactory; SearchStrategy: all) did not find any beans (OnBeanCondition)

   JacksonAutoConfiguration#jsonMapperBuilder matched:
      - @ConditionalOnMissingBean (types: tools.jackson.databind.json.JsonMapper$Builder; SearchStrategy: all) did not find any beans (OnBeanCondition)

   JacksonAutoConfiguration.JsonProblemDetailsConfiguration matched:
      - @ConditionalOnClass found required class 'org.springframework.http.ProblemDetail' (OnClassCondition)

   JacksonHttpMessageConvertersConfiguration.JacksonJsonHttpMessageConverterConfiguration matched:
      - @ConditionalOnClass found required class 'tools.jackson.databind.json.JsonMapper' (OnClassCondition)
      - @ConditionalOnProperty (spring.http.converters.preferred-json-mapper=jackson) matched (OnPropertyCondition)
      - @ConditionalOnBean (types: tools.jackson.databind.json.JsonMapper; SearchStrategy: all) found bean 'jacksonJsonMapper' (OnBeanCondition)

   JacksonHttpMessageConvertersConfiguration.JacksonJsonHttpMessageConverterConfiguration#jacksonJsonHttpMessageConvertersCustomizer matched:
      - @ConditionalOnMissingBean (types: org.springframework.http.converter.json.JacksonJsonHttpMessageConverter ignored: org.springframework.hateoas.server.mvc.TypeConstrainedJacksonJsonHttpMessageConverter,org.springframework.data.rest.webmvc.alps.AlpsJacksonJsonHttpMessageConverter; SearchStrategy: all) did not find any beans (OnBeanCondition)

   JdbcClientAutoConfiguration matched:
      - @ConditionalOnSingleCandidate (types: org.springframework.jdbc.core.namedparam.NamedParameterJdbcTemplate; SearchStrategy: all) found a single bean 'namedParameterJdbcTemplate'; @ConditionalOnMissingBean (types: org.springframework.jdbc.core.simple.JdbcClient; SearchStrategy: all) did not find any beans (OnBeanCondition)

   JdbcTemplateAutoConfiguration matched:
      - @ConditionalOnClass found required classes 'javax.sql.DataSource', 'org.springframework.jdbc.core.JdbcTemplate' (OnClassCondition)
      - @ConditionalOnSingleCandidate (types: javax.sql.DataSource; SearchStrategy: all) found a single bean 'dataSource' (OnBeanCondition)

   JdbcTemplateConfiguration matched:
      - @ConditionalOnMissingBean (types: org.springframework.jdbc.core.JdbcOperations; SearchStrategy: all) did not find any beans (OnBeanCondition)

   JpaBaseConfiguration#entityManagerFactory matched:
      - @ConditionalOnMissingBean (types: org.springframework.orm.jpa.LocalContainerEntityManagerFactoryBean,jakarta.persistence.EntityManagerFactory; SearchStrategy: all) did not find any beans (OnBeanCondition)

   JpaBaseConfiguration#entityManagerFactoryBuilder matched:
      - @ConditionalOnMissingBean (types: org.springframework.boot.jpa.EntityManagerFactoryBuilder; SearchStrategy: all) did not find any beans (OnBeanCondition)

   JpaBaseConfiguration#jpaVendorAdapter matched:
      - @ConditionalOnMissingBean (types: org.springframework.orm.jpa.JpaVendorAdapter; SearchStrategy: all) did not find any beans (OnBeanCondition)

   JpaBaseConfiguration#transactionManager matched:
      - @ConditionalOnMissingBean (types: org.springframework.transaction.TransactionManager; SearchStrategy: all) did not find any beans (OnBeanCondition)

   JpaBaseConfiguration.JpaWebConfiguration matched:
      - @ConditionalOnClass found required class 'org.springframework.web.servlet.config.annotation.WebMvcConfigurer' (OnClassCondition)
      - found 'session' scope (OnWebApplicationCondition)
      - @ConditionalOnBooleanProperty (spring.jpa.open-in-view=true) matched (OnPropertyCondition)
      - @ConditionalOnMissingBean (types: org.springframework.orm.jpa.support.OpenEntityManagerInViewInterceptor,org.springframework.orm.jpa.support.OpenEntityManagerInViewFilter; SearchStrategy: all) did not find any beans (OnBeanCondition)

   JpaBaseConfiguration.PersistenceManagedTypesConfiguration matched:
      - @ConditionalOnMissingBean (types: org.springframework.orm.jpa.LocalContainerEntityManagerFactoryBean,jakarta.persistence.EntityManagerFactory; SearchStrategy: all) did not find any beans (OnBeanCondition)

   JpaBaseConfiguration.PersistenceManagedTypesConfiguration#persistenceManagedTypes matched:
      - @ConditionalOnMissingBean (types: org.springframework.orm.jpa.persistenceunit.PersistenceManagedTypes; SearchStrategy: all) did not find any beans (OnBeanCondition)

   JtaAutoConfiguration matched:
      - @ConditionalOnClass found required class 'jakarta.transaction.Transaction' (OnClassCondition)
      - @ConditionalOnBooleanProperty (spring.jta.enabled=true) matched (OnPropertyCondition)

   LifecycleAutoConfiguration#defaultLifecycleProcessor matched:
      - @ConditionalOnMissingBean (names: lifecycleProcessor; SearchStrategy: current) did not find any beans (OnBeanCondition)

   MultipartAutoConfiguration matched:
      - @ConditionalOnClass found required classes 'jakarta.servlet.Servlet', 'org.springframework.web.multipart.support.StandardServletMultipartResolver', 'jakarta.servlet.MultipartConfigElement' (OnClassCondition)
      - found 'session' scope (OnWebApplicationCondition)
      - @ConditionalOnBooleanProperty (spring.servlet.multipart.enabled=true) matched (OnPropertyCondition)

   MultipartAutoConfiguration#multipartConfigElement matched:
      - @ConditionalOnMissingBean (types: jakarta.servlet.MultipartConfigElement; SearchStrategy: all) did not find any beans (OnBeanCondition)

   MultipartAutoConfiguration#multipartResolver matched:
      - @ConditionalOnMissingBean (types: org.springframework.web.multipart.MultipartResolver; SearchStrategy: all) did not find any beans (OnBeanCondition)

   NamedParameterJdbcTemplateConfiguration matched:
      - @ConditionalOnSingleCandidate (types: org.springframework.jdbc.core.JdbcTemplate; SearchStrategy: all) found a single bean 'jdbcTemplate'; @ConditionalOnMissingBean (types: org.springframework.jdbc.core.namedparam.NamedParameterJdbcOperations; SearchStrategy: all) did not find any beans (OnBeanCondition)

   PersistenceExceptionTranslationAutoConfiguration matched:
      - @ConditionalOnClass found required class 'org.springframework.dao.annotation.PersistenceExceptionTranslationPostProcessor' (OnClassCondition)

   PersistenceExceptionTranslationAutoConfiguration#persistenceExceptionTranslationPostProcessor matched:
      - @ConditionalOnBooleanProperty (spring.persistence.exceptiontranslation.enabled=true) matched (OnPropertyCondition)
      - @ConditionalOnMissingBean (types: org.springframework.dao.annotation.PersistenceExceptionTranslationPostProcessor; SearchStrategy: all) did not find any beans (OnBeanCondition)

   PropertyPlaceholderAutoConfiguration#propertySourcesPlaceholderConfigurer matched:
      - @ConditionalOnMissingBean (types: org.springframework.context.support.PropertySourcesPlaceholderConfigurer; SearchStrategy: current) did not find any beans (OnBeanCondition)

   SslAutoConfiguration#sslBundleRegistry matched:
      - @ConditionalOnMissingBean (types: org.springframework.boot.ssl.SslBundleRegistry,org.springframework.boot.ssl.SslBundles; SearchStrategy: all) did not find any beans (OnBeanCondition)

   TaskExecutionAutoConfiguration matched:
      - @ConditionalOnClass found required class 'org.springframework.scheduling.concurrent.ThreadPoolTaskExecutor' (OnClassCondition)

   TaskExecutorConfigurations.AsyncConfigurerConfiguration matched:
      - @ConditionalOnMissingBean (types: org.springframework.scheduling.annotation.AsyncConfigurer; SearchStrategy: all) did not find any beans (OnBeanCondition)

   TaskExecutorConfigurations.SimpleAsyncTaskExecutorBuilderConfiguration#simpleAsyncTaskExecutorBuilder matched:
      - @ConditionalOnMissingBean (types: org.springframework.boot.task.SimpleAsyncTaskExecutorBuilder; SearchStrategy: all) did not find any beans (OnBeanCondition)
      - @ConditionalOnThreading found PLATFORM (OnThreadingCondition)

   TaskExecutorConfigurations.TaskExecutorConfiguration matched:
      - AnyNestedCondition 1 matched 1 did not; NestedCondition on TaskExecutorConfigurations.OnExecutorCondition.ModelCondition @ConditionalOnProperty (spring.task.execution.mode=force) did not find property 'spring.task.execution.mode'; NestedCondition on TaskExecutorConfigurations.OnExecutorCondition.ExecutorBeanCondition @ConditionalOnMissingBean (types: java.util.concurrent.Executor; SearchStrategy: all) did not find any beans (TaskExecutorConfigurations.OnExecutorCondition)

   TaskExecutorConfigurations.TaskExecutorConfiguration#applicationTaskExecutor matched:
      - @ConditionalOnThreading found PLATFORM (OnThreadingCondition)

   TaskExecutorConfigurations.ThreadPoolTaskExecutorBuilderConfiguration#threadPoolTaskExecutorBuilder matched:
      - @ConditionalOnMissingBean (types: org.springframework.boot.task.ThreadPoolTaskExecutorBuilder; SearchStrategy: all) did not find any beans (OnBeanCondition)

   TaskSchedulingAutoConfiguration matched:
      - @ConditionalOnClass found required class 'org.springframework.scheduling.concurrent.ThreadPoolTaskScheduler' (OnClassCondition)

   TaskSchedulingConfigurations.SimpleAsyncTaskSchedulerBuilderConfiguration#simpleAsyncTaskSchedulerBuilder matched:
      - @ConditionalOnMissingBean (types: org.springframework.boot.task.SimpleAsyncTaskSchedulerBuilder; SearchStrategy: all) did not find any beans (OnBeanCondition)
      - @ConditionalOnThreading found PLATFORM (OnThreadingCondition)

   TaskSchedulingConfigurations.ThreadPoolTaskSchedulerBuilderConfiguration#threadPoolTaskSchedulerBuilder matched:
      - @ConditionalOnMissingBean (types: org.springframework.boot.task.ThreadPoolTaskSchedulerBuilder; SearchStrategy: all) did not find any beans (OnBeanCondition)

   TomcatServletWebServerAutoConfiguration matched:
      - @ConditionalOnClass found required classes 'jakarta.servlet.ServletRequest', 'org.apache.catalina.startup.Tomcat', 'org.apache.coyote.UpgradeProtocol', 'org.springframework.boot.tomcat.servlet.TomcatServletWebServerFactory' (OnClassCondition)
      - found 'session' scope (OnWebApplicationCondition)

   TomcatServletWebServerAutoConfiguration#tomcatServletWebServerFactory matched:
      - @ConditionalOnMissingBean (types: org.springframework.boot.web.server.servlet.ServletWebServerFactory; SearchStrategy: current) did not find any beans (OnBeanCondition)

   TomcatWebServerConfiguration matched:
      - @ConditionalOnWarDeployment the application is not deployed as a WAR file. (OnWarDeploymentCondition)

   TomcatWebServerConfiguration.TomcatWebSocketConfiguration matched:
      - @ConditionalOnClass found required class 'org.apache.tomcat.websocket.server.WsSci' (OnClassCondition)

   TransactionAutoConfiguration matched:
      - @ConditionalOnClass found required class 'org.springframework.transaction.PlatformTransactionManager' (OnClassCondition)

   TransactionAutoConfiguration.EnableTransactionManagementConfiguration matched:
      - @ConditionalOnBean (types: org.springframework.transaction.TransactionManager; SearchStrategy: all) found bean 'transactionManager'; @ConditionalOnMissingBean (types: org.springframework.transaction.annotation.AbstractTransactionManagementConfiguration; SearchStrategy: all) did not find any beans (OnBeanCondition)

   TransactionAutoConfiguration.EnableTransactionManagementConfiguration.CglibAutoProxyConfiguration matched:
      - @ConditionalOnBooleanProperty (spring.aop.proxy-target-class=true) matched (OnPropertyCondition)

   TransactionAutoConfiguration.TransactionTemplateConfiguration matched:
      - @ConditionalOnSingleCandidate (types: org.springframework.transaction.PlatformTransactionManager; SearchStrategy: all) found a single bean 'transactionManager' (OnBeanCondition)

   TransactionAutoConfiguration.TransactionTemplateConfiguration#transactionTemplate matched:
      - @ConditionalOnMissingBean (types: org.springframework.transaction.support.TransactionOperations; SearchStrategy: all) did not find any beans (OnBeanCondition)

   TransactionManagerCustomizationAutoConfiguration matched:
      - @ConditionalOnClass found required class 'org.springframework.transaction.PlatformTransactionManager' (OnClassCondition)

   TransactionManagerCustomizationAutoConfiguration#platformTransactionManagerCustomizers matched:
      - @ConditionalOnMissingBean (types: org.springframework.boot.transaction.autoconfigure.TransactionManagerCustomizers; SearchStrategy: all) did not find any beans (OnBeanCondition)

   ValidationAutoConfiguration matched:
      - @ConditionalOnClass found required class 'jakarta.validation.executable.ExecutableValidator' (OnClassCondition)
      - @ConditionalOnResource found location classpath:META-INF/services/jakarta.validation.spi.ValidationProvider (OnResourceCondition)

   ValidationAutoConfiguration#defaultValidator matched:
      - @ConditionalOnMissingBean (types: jakarta.validation.Validator; SearchStrategy: all) did not find any beans (OnBeanCondition)

   ValidationAutoConfiguration#methodValidationPostProcessor matched:
      - @ConditionalOnMissingBean (types: org.springframework.validation.beanvalidation.MethodValidationPostProcessor; SearchStrategy: current) did not find any beans (OnBeanCondition)

   WebMvcAutoConfiguration matched:
      - @ConditionalOnClass found required classes 'jakarta.servlet.Servlet', 'org.springframework.web.servlet.DispatcherServlet', 'org.springframework.web.servlet.config.annotation.WebMvcConfigurer' (OnClassCondition)
      - found 'session' scope (OnWebApplicationCondition)
      - @ConditionalOnMissingBean (types: org.springframework.web.servlet.config.annotation.WebMvcConfigurationSupport; SearchStrategy: all) did not find any beans (OnBeanCondition)

   WebMvcAutoConfiguration#formContentFilter matched:
      - @ConditionalOnBooleanProperty (spring.mvc.formcontent.filter.enabled=true) matched (OnPropertyCondition)
      - @ConditionalOnMissingBean (types: org.springframework.web.filter.FormContentFilter; SearchStrategy: all) did not find any beans (OnBeanCondition)

   WebMvcAutoConfiguration.EnableWebMvcConfiguration#flashMapManager matched:
      - @ConditionalOnMissingBean (names: flashMapManager; SearchStrategy: all) did not find any beans (OnBeanCondition)

   WebMvcAutoConfiguration.EnableWebMvcConfiguration#localeResolver matched:
      - @ConditionalOnMissingBean (names: localeResolver; SearchStrategy: all) did not find any beans (OnBeanCondition)

   WebMvcAutoConfiguration.EnableWebMvcConfiguration#viewNameTranslator matched:
      - @ConditionalOnMissingBean (names: viewNameTranslator; SearchStrategy: all) did not find any beans (OnBeanCondition)

   WebMvcAutoConfiguration.WebMvcAutoConfigurationAdapter#defaultViewResolver matched:
      - @ConditionalOnMissingBean (types: org.springframework.web.servlet.view.InternalResourceViewResolver; SearchStrategy: all) did not find any beans (OnBeanCondition)

   WebMvcAutoConfiguration.WebMvcAutoConfigurationAdapter#requestContextFilter matched:
      - @ConditionalOnMissingBean (types: org.springframework.web.context.request.RequestContextListener,org.springframework.web.filter.RequestContextFilter; SearchStrategy: all) did not find any beans (OnBeanCondition)

   WebMvcAutoConfiguration.WebMvcAutoConfigurationAdapter#viewResolver matched:
      - @ConditionalOnBean (types: org.springframework.web.servlet.ViewResolver; SearchStrategy: all) found beans 'defaultViewResolver', 'beanNameViewResolver', 'mvcViewResolver'; @ConditionalOnMissingBean (names: viewResolver types: org.springframework.web.servlet.view.ContentNegotiatingViewResolver; SearchStrategy: all) did not find any beans (OnBeanCondition)


Negative matches:
-----------------

   AopAutoConfiguration.AspectJAutoProxyingConfiguration.JdkDynamicAutoProxyConfiguration:
      Did not match:
         - @ConditionalOnBooleanProperty (spring.aop.proxy-target-class=false) did not find property 'spring.aop.proxy-target-class' (OnPropertyCondition)

   AopAutoConfiguration.ClassProxyingConfiguration:
      Did not match:
         - @ConditionalOnMissingClass found unwanted class 'org.aspectj.weaver.Advice' (OnClassCondition)

   DataJpaRepositoriesAutoConfiguration#entityManagerFactoryBootstrapExecutorCustomizer:
      Did not match:
         - @ConditionalOnProperty (spring.data.jpa.repositories.bootstrap-mode=deferred) did not find property 'spring.data.jpa.repositories.bootstrap-mode' (OnPropertyCondition)

   DataRepositoryMetricsAutoConfiguration:
      Did not match:
         - @ConditionalOnBean did not find required type 'io.micrometer.core.instrument.MeterRegistry' (OnBeanCondition)

   DataSourceAutoConfiguration.EmbeddedDatabaseConfiguration:
      Did not match:
         - EmbeddedDataSource spring.datasource.url is set (DataSourceAutoConfiguration.EmbeddedDatabaseCondition)

   DataSourceCheckpointRestoreConfiguration:
      Did not match:
         - @ConditionalOnClass did not find required class 'org.crac.Resource' (OnClassCondition)

   DataSourceConfiguration.Dbcp2:
      Did not match:
         - @ConditionalOnClass did not find required class 'org.apache.commons.dbcp2.BasicDataSource' (OnClassCondition)

   DataSourceConfiguration.Generic:
      Did not match:
         - @ConditionalOnProperty (spring.datasource.type) did not find property 'spring.datasource.type' (OnPropertyCondition)

   DataSourceConfiguration.OracleUcp:
      Did not match:
         - @ConditionalOnClass did not find required classes 'oracle.ucp.jdbc.PoolDataSourceImpl', 'oracle.jdbc.OracleConnection' (OnClassCondition)

   DataSourceConfiguration.Tomcat:
      Did not match:
         - @ConditionalOnClass did not find required class 'org.apache.tomcat.jdbc.pool.DataSource' (OnClassCondition)

   DataSourceHealthContributorAutoConfiguration:
      Did not match:
         - @ConditionalOnClass did not find required class 'org.springframework.boot.health.autoconfigure.contributor.ConditionalOnEnabledHealthIndicator' (OnClassCondition)

   DataSourceJmxConfiguration:
      Did not match:
         - @ConditionalOnBooleanProperty (spring.jmx.enabled=true) did not find property 'spring.jmx.enabled' (OnPropertyCondition)

   DataSourcePoolMetadataProvidersConfiguration.CommonsDbcp2PoolDataSourceMetadataProviderConfiguration:
      Did not match:
         - @ConditionalOnClass did not find required class 'org.apache.commons.dbcp2.BasicDataSource' (OnClassCondition)

   DataSourcePoolMetadataProvidersConfiguration.OracleUcpPoolDataSourceMetadataProviderConfiguration:
      Did not match:
         - @ConditionalOnClass did not find required classes 'oracle.ucp.jdbc.PoolDataSource', 'oracle.jdbc.OracleConnection' (OnClassCondition)

   DataSourcePoolMetadataProvidersConfiguration.TomcatDataSourcePoolMetadataProviderConfiguration:
      Did not match:
         - @ConditionalOnClass did not find required class 'org.apache.tomcat.jdbc.pool.DataSource' (OnClassCondition)

   DataSourcePoolMetricsAutoConfiguration:
      Did not match:
         - @ConditionalOnClass did not find required class 'io.micrometer.core.instrument.MeterRegistry' (OnClassCondition)

   DataSourceTransactionManagerAutoConfiguration.JdbcTransactionManagerConfiguration#transactionManager:
      Did not match:
         - @ConditionalOnMissingBean (types: org.springframework.transaction.TransactionManager; SearchStrategy: all) found beans of type 'org.springframework.transaction.TransactionManager' transactionManager (OnBeanCondition)

   DispatcherServletAutoConfiguration.DispatcherServletConfiguration#multipartResolver:
      Did not match:
         - @ConditionalOnBean (types: org.springframework.web.multipart.MultipartResolver; SearchStrategy: all) did not find any beans of type org.springframework.web.multipart.MultipartResolver (OnBeanCondition)

   GsonHttpMessageConvertersConfiguration:
      Did not match:
         - @ConditionalOnClass did not find required class 'com.google.gson.Gson' (OnClassCondition)

   HibernateMetricsAutoConfiguration:
      Did not match:
         - @ConditionalOnClass did not find required class 'io.micrometer.core.instrument.MeterRegistry' (OnClassCondition)

   Jackson2HttpMessageConvertersConfiguration.MappingJackson2HttpMessageConverterConfiguration:
      Did not match:
         - @ConditionalOnClass did not find required class 'com.fasterxml.jackson.databind.ObjectMapper' (OnClassCondition)

   Jackson2HttpMessageConvertersConfiguration.MappingJackson2XmlHttpMessageConverterConfiguration:
      Did not match:
         - @ConditionalOnClass did not find required class 'com.fasterxml.jackson.dataformat.xml.XmlMapper' (OnClassCondition)

   JacksonAutoConfiguration.CborConfiguration:
      Did not match:
         - @ConditionalOnClass did not find required class 'tools.jackson.dataformat.cbor.CBORMapper' (OnClassCondition)

   JacksonAutoConfiguration.XmlConfiguration:
      Did not match:
         - @ConditionalOnClass did not find required class 'tools.jackson.dataformat.xml.XmlMapper' (OnClassCondition)

   JacksonHttpMessageConvertersConfiguration.JacksonXmlHttpMessageConverterConfiguration:
      Did not match:
         - @ConditionalOnClass did not find required class 'tools.jackson.dataformat.xml.XmlMapper' (OnClassCondition)

   JmxAutoConfiguration:
      Did not match:
         - @ConditionalOnBooleanProperty (spring.jmx.enabled=true) did not find property 'spring.jmx.enabled' (OnPropertyCondition)
      Matched:
         - @ConditionalOnClass found required class 'org.springframework.jmx.export.MBeanExporter' (OnClassCondition)

   JndiDataSourceAutoConfiguration:
      Did not match:
         - @ConditionalOnProperty (spring.datasource.jndi-name) did not find property 'spring.datasource.jndi-name' (OnPropertyCondition)
      Matched:
         - @ConditionalOnClass found required classes 'javax.sql.DataSource', 'org.springframework.jdbc.datasource.embedded.EmbeddedDatabaseType' (OnClassCondition)

   JndiJtaConfiguration:
      Did not match:
         - @ConditionalOnJndi JNDI environment is not available (OnJndiCondition)
      Matched:
         - @ConditionalOnClass found required class 'org.springframework.transaction.jta.JtaTransactionManager' (OnClassCondition)

   JsonbHttpMessageConvertersConfiguration:
      Did not match:
         - @ConditionalOnClass did not find required class 'jakarta.json.bind.Jsonb' (OnClassCondition)

   KotlinSerializationHttpMessageConvertersConfiguration:
      Did not match:
         - @ConditionalOnClass did not find required classes 'kotlinx.serialization.Serializable', 'kotlinx.serialization.json.Json' (OnClassCondition)

   LazyConnectionDataSourceConfiguration:
      Did not match:
         - @ConditionalOnProperty (spring.datasource.connection-fetch=lazy) did not find property 'spring.datasource.connection-fetch' (OnPropertyCondition)

   MessageSourceAutoConfiguration:
      Did not match:
         - ResourceBundle did not find bundle with basename messages (MessageSourceAutoConfiguration.ResourceBundleCondition)

   ProjectInfoAutoConfiguration#buildProperties:
      Did not match:
         - @ConditionalOnResource did not find resource '${spring.info.build.location:classpath:META-INF/build-info.properties}' (OnResourceCondition)

   ProjectInfoAutoConfiguration#gitProperties:
      Did not match:
         - GitResource did not find git info at classpath:git.properties (ProjectInfoAutoConfiguration.GitResourceAvailableCondition)

   ServletHttpExchangesAutoConfiguration:
      Did not match:
         - @ConditionalOnBean did not find required type 'org.springframework.boot.actuate.web.exchanges.HttpExchangeRepository' (OnBeanCondition)

   ServletManagementContextAutoConfiguration:
      Did not match:
         - @ConditionalOnClass did not find required class 'org.springframework.boot.actuate.autoconfigure.endpoint.web.WebEndpointProperties' (OnClassCondition)

   ServletMappingsAutoConfiguration:
      Did not match:
         - @ConditionalOnClass did not find required class 'org.springframework.boot.actuate.autoconfigure.endpoint.condition.ConditionalOnAvailableEndpoint' (OnClassCondition)

   ServletWebServerConfiguration#forwardedHeaderFilter:
      Did not match:
         - @ConditionalOnProperty (server.forward-headers-strategy=framework) did not find property 'server.forward-headers-strategy' (OnPropertyCondition)

   SpringApplicationAdminJmxAutoConfiguration:
      Did not match:
         - @ConditionalOnBooleanProperty (spring.application.admin.enabled=true) did not find property 'spring.application.admin.enabled' (OnPropertyCondition)

   TaskExecutorConfigurations.AsyncConfigurerWrapperConfiguration:
      Did not match:
         - @ConditionalOnBean (types: org.springframework.scheduling.annotation.AsyncConfigurer; SearchStrategy: all) did not find any beans of type org.springframework.scheduling.annotation.AsyncConfigurer (OnBeanCondition)

   TaskExecutorConfigurations.SimpleAsyncTaskExecutorBuilderConfiguration#simpleAsyncTaskExecutorBuilderVirtualThreads:
      Did not match:
         - @ConditionalOnMissingBean (types: org.springframework.boot.task.SimpleAsyncTaskExecutorBuilder; SearchStrategy: all) found beans of type 'org.springframework.boot.task.SimpleAsyncTaskExecutorBuilder' simpleAsyncTaskExecutorBuilder (OnBeanCondition)

   TaskExecutorConfigurations.TaskExecutorConfiguration#applicationTaskExecutorVirtualThreads:
      Did not match:
         - @ConditionalOnThreading did not find VIRTUAL (OnThreadingCondition)

   TaskExecutorConfigurations.TaskExecutorContextPropagationConfiguration:
      Did not match:
         - @ConditionalOnClass did not find required class 'io.micrometer.context.ContextSnapshot' (OnClassCondition)

   TaskSchedulingAutoConfiguration#scheduledBeanLazyInitializationExcludeFilter:
      Did not match:
         - @ConditionalOnBean (names: org.springframework.scheduling.config.internalScheduledAnnotationProcessor; SearchStrategy: all) did not find any beans named org.springframework.scheduling.config.internalScheduledAnnotationProcessor (OnBeanCondition)

   TaskSchedulingConfigurations.SimpleAsyncTaskSchedulerBuilderConfiguration#simpleAsyncTaskSchedulerBuilderVirtualThreads:
      Did not match:
         - @ConditionalOnMissingBean (types: org.springframework.boot.task.SimpleAsyncTaskSchedulerBuilder; SearchStrategy: all) found beans of type 'org.springframework.boot.task.SimpleAsyncTaskSchedulerBuilder' simpleAsyncTaskSchedulerBuilder (OnBeanCondition)

   TaskSchedulingConfigurations.TaskSchedulerConfiguration:
      Did not match:
         - @ConditionalOnBean (names: org.springframework.scheduling.config.internalScheduledAnnotationProcessor; SearchStrategy: all) did not find any beans named org.springframework.scheduling.config.internalScheduledAnnotationProcessor (OnBeanCondition)

   TomcatMetricsAutoConfiguration:
      Did not match:
         - @ConditionalOnClass did not find required class 'io.micrometer.core.instrument.binder.tomcat.TomcatMetrics' (OnClassCondition)

   TomcatReactiveManagementContextAutoConfiguration:
      Did not match:
         - @ConditionalOnClass did not find required class 'org.springframework.boot.actuate.autoconfigure.web.server.ManagementContextFactory' (OnClassCondition)

   TomcatReactiveWebServerAutoConfiguration:
      Did not match:
         - @ConditionalOnWebApplication did not find reactive web application classes (OnWebApplicationCondition)

   TomcatServletManagementContextAutoConfiguration:
      Did not match:
         - @ConditionalOnClass did not find required class 'org.springframework.boot.actuate.autoconfigure.web.server.ManagementContextFactory' (OnClassCondition)

   TomcatServletWebServerAutoConfiguration#tomcatForwardedHeaderFilterCustomizer:
      Did not match:
         - @ConditionalOnProperty (server.forward-headers-strategy=framework) did not find property 'server.forward-headers-strategy' (OnPropertyCondition)

   TomcatWebServerConfiguration#tomcatVirtualThreadsProtocolHandlerCustomizer:
      Did not match:
         - @ConditionalOnThreading did not find VIRTUAL (OnThreadingCondition)

   TransactionAutoConfiguration#transactionalOperator:
      Did not match:
         - @ConditionalOnSingleCandidate (types: org.springframework.transaction.ReactiveTransactionManager; SearchStrategy: all) did not find any beans (OnBeanCondition)

   TransactionAutoConfiguration.AspectJTransactionManagementConfiguration:
      Did not match:
         - @ConditionalOnBean (types: org.springframework.transaction.aspectj.AbstractTransactionAspect; SearchStrategy: all) did not find any beans of type org.springframework.transaction.aspectj.AbstractTransactionAspect (OnBeanCondition)

   TransactionAutoConfiguration.EnableTransactionManagementConfiguration.JdkDynamicAutoProxyConfiguration:
      Did not match:
         - @ConditionalOnBooleanProperty (spring.aop.proxy-target-class=false) did not find property 'spring.aop.proxy-target-class' (OnPropertyCondition)

   WebMvcAutoConfiguration#hiddenHttpMethodFilter:
      Did not match:
         - @ConditionalOnBooleanProperty (spring.mvc.hiddenmethod.filter.enabled=true) did not find property 'spring.mvc.hiddenmethod.filter.enabled' (OnPropertyCondition)

   WebMvcAutoConfiguration.ProblemDetailsErrorHandlingConfiguration:
      Did not match:
         - @ConditionalOnBooleanProperty (spring.mvc.problemdetails.enabled=true) did not find property 'spring.mvc.problemdetails.enabled' (OnPropertyCondition)

   WebMvcAutoConfiguration.ResourceChainCustomizerConfiguration:
      Did not match:
         - @ConditionalOnEnabledResourceChain did not find class org.webjars.WebJarVersionLocator (OnEnabledResourceChainCondition)

   WebMvcAutoConfiguration.WebMvcAutoConfigurationAdapter#beanNameViewResolver:
      Did not match:
         - @ConditionalOnMissingBean (types: org.springframework.web.servlet.view.BeanNameViewResolver; SearchStrategy: all) found beans of type 'org.springframework.web.servlet.view.BeanNameViewResolver' beanNameViewResolver (OnBeanCondition)

   WebMvcHealthEndpointExtensionAutoConfiguration:
      Did not match:
         - @ConditionalOnClass did not find required class 'org.springframework.boot.health.actuate.endpoint.HealthEndpoint' (OnClassCondition)

   WebMvcMappingsAutoConfiguration:
      Did not match:
         - @ConditionalOnClass did not find required class 'org.springframework.boot.actuate.autoconfigure.endpoint.condition.ConditionalOnAvailableEndpoint' (OnClassCondition)

   WebMvcObservationAutoConfiguration:
      Did not match:
         - @ConditionalOnClass did not find required class 'org.springframework.boot.micrometer.observation.autoconfigure.ObservationProperties' (OnClassCondition)

   XADataSourceAutoConfiguration:
      Did not match:
         - @ConditionalOnBean (types: org.springframework.boot.jdbc.XADataSourceWrapper; SearchStrategy: all) did not find any beans of type org.springframework.boot.jdbc.XADataSourceWrapper (OnBeanCondition)
      Matched:
         - @ConditionalOnClass found required classes 'javax.sql.DataSource', 'jakarta.transaction.TransactionManager', 'org.springframework.jdbc.datasource.embedded.EmbeddedDatabaseType' (OnClassCondition)


Exclusions:
-----------

    None


Unconditional classes:
----------------------

    org.springframework.boot.autoconfigure.context.ConfigurationPropertiesAutoConfiguration

    org.springframework.boot.autoconfigure.ssl.SslAutoConfiguration

    org.springframework.boot.autoconfigure.context.LifecycleAutoConfiguration

    org.springframework.boot.autoconfigure.context.PropertyPlaceholderAutoConfiguration

    org.springframework.boot.autoconfigure.availability.ApplicationAvailabilityAutoConfiguration

    org.springframework.boot.autoconfigure.info.ProjectInfoAutoConfiguration



2026-08-17 22:11:28 - c.r.E.ExpenseTrackerApplication - Started ExpenseTrackerApplication in 4.108 seconds (process running for 4.515)
2026-08-17 22:11:28 - o.s.b.a.ApplicationAvailabilityBean - Application availability state LivenessState changed to CORRECT
2026-08-17 22:11:28 - o.s.b.a.ApplicationAvailabilityBean - Application availability state ReadinessState changed to ACCEPTING_TRAFFIC
2026-08-17 22:11:46 - o.a.c.c.C.[Tomcat].[localhost].[/] - Initializing Spring DispatcherServlet 'dispatcherServlet'
2026-08-17 22:11:46 - o.s.web.servlet.DispatcherServlet - Initializing Servlet 'dispatcherServlet'
2026-08-17 22:11:46 - o.s.web.servlet.DispatcherServlet - Detected StandardServletMultipartResolver
2026-08-17 22:11:46 - o.s.web.servlet.DispatcherServlet - Detected AcceptHeaderLocaleResolver
2026-08-17 22:11:46 - o.s.web.servlet.DispatcherServlet - Detected org.springframework.web.servlet.view.DefaultRequestToViewNameTranslator@41271320
2026-08-17 22:11:46 - o.s.web.servlet.DispatcherServlet - Detected org.springframework.web.servlet.support.SessionFlashMapManager@419ece7a
2026-08-17 22:11:46 - o.s.web.servlet.DispatcherServlet - enableLoggingRequestDetails='false': request parameters and headers will be masked to prevent unsafe logging of potentially sensitive data
2026-08-17 22:11:46 - o.s.web.servlet.DispatcherServlet - Completed initialization in 2 ms
2026-08-17 22:11:46 - o.s.web.servlet.DispatcherServlet - GET "/Expense", parameters={}
2026-08-17 22:11:46 - o.s.w.s.m.m.a.RequestMappingHandlerMapping - Mapped to com.rakesh.ExpenseTracker.controller.expenseController#getAllExpenses()
2026-08-17 22:11:46 - o.s.o.j.s.OpenEntityManagerInViewInterceptor - Opening JPA EntityManager in OpenEntityManagerInViewInterceptor
2026-08-17 22:11:46 - org.hibernate.orm.core - HHH006588: Opening session [tenant=null]
2026-08-17 22:11:46 - c.r.E.controller.expenseController - getAllExpanses Controller entered
2026-08-17 22:11:46 - c.r.E.service.expenseServiceImpl - Entered getAllData service function
2026-08-17 22:11:46 - o.s.orm.jpa.JpaTransactionManager - Found thread-bound EntityManager [SessionImpl(325894879<open>)] for JPA transaction
2026-08-17 22:11:46 - o.s.orm.jpa.JpaTransactionManager - Creating new transaction with name [org.springframework.data.jpa.repository.support.SimpleJpaRepository.findAll]: PROPAGATION_REQUIRED,ISOLATION_DEFAULT,readOnly
2026-08-17 22:11:46 - o.s.jdbc.datasource.DataSourceUtils - Setting JDBC Connection [HikariProxyConnection@1879967639 wrapping com.mysql.cj.jdbc.ConnectionImpl@71285693] read-only
2026-08-17 22:11:46 - org.hibernate.orm.core - HHH006583: Beginning transaction
2026-08-17 22:11:46 - o.s.orm.jpa.JpaTransactionManager - Exposing JPA transaction as JDBC [org.springframework.orm.jpa.vendor.HibernateJpaDialect$HibernateConnectionHandle@4ee28a6d]
2026-08-17 22:11:46 - org.hibernate.SQL - 
    select
        e1_0.id,
        e1_0.amount,
        e1_0.spend_on 
    from
        expense e1_0
2026-08-17 22:11:46 - o.s.orm.jpa.JpaTransactionManager - Initiating transaction commit
2026-08-17 22:11:46 - o.s.orm.jpa.JpaTransactionManager - Committing JPA transaction on EntityManager [SessionImpl(325894879<open>)]
2026-08-17 22:11:46 - org.hibernate.orm.core - HHH006584: Committing transaction
2026-08-17 22:11:46 - o.s.jdbc.datasource.DataSourceUtils - Resetting read-only flag of JDBC Connection [HikariProxyConnection@1879967639 wrapping com.mysql.cj.jdbc.ConnectionImpl@71285693]
2026-08-17 22:11:46 - o.s.orm.jpa.JpaTransactionManager - Not closing pre-bound JPA EntityManager after transaction
2026-08-17 22:11:46 - o.s.w.s.m.m.a.HttpEntityMethodProcessor - Using 'application/json', given [*/*] and supported [application/json, application/*+json]
2026-08-17 22:11:46 - o.s.w.s.m.m.a.HttpEntityMethodProcessor - Writing [[com.rakesh.ExpenseTracker.entity.Expense@6517ae25, com.rakesh.ExpenseTracker.entity.Expense@316f128 (truncated)...]
2026-08-17 22:11:46 - o.s.o.j.s.OpenEntityManagerInViewInterceptor - Closing JPA EntityManager in OpenEntityManagerInViewInterceptor
2026-08-17 22:11:46 - org.hibernate.session.metrics - HHH000401: Logging session metrics:
	745839 ns acquiring 1 JDBC connections
	0 ns releasing 0 JDBC connections
	3056627 ns preparing 1 JDBC statements
	953223 ns executing 1 JDBC statements
	0 ns executing 0 JDBC batches
	0 ns performing 0 second-level cache puts
	0 ns performing 0 second-level cache hits
	0 ns performing 0 second-level cache misses
	0 ns executing 0 flushes (flushing a total of 0 entities and 0 collections)
	155281 ns executing 1 pre-partial-flushes
	138660 ns executing 1 partial-flushes (flushing a total of 0 entities and 0 collections)

2026-08-17 22:11:46 - o.s.web.servlet.DispatcherServlet - Completed 200 OK
2026-08-17 22:11:56 - com.zaxxer.hikari.pool.HikariPool - HikariPool-1 - Pool stats (total=10/10, idle=10/10, active=0, waiting=0)
2026-08-17 22:11:56 - com.zaxxer.hikari.pool.HikariPool - HikariPool-1 - Fill pool skipped, pool has sufficient level or currently being filled.
2026-08-17 22:12:26 - com.zaxxer.hikari.pool.HikariPool - HikariPool-1 - Pool stats (total=10/10, idle=10/10, active=0, waiting=0)
2026-08-17 22:12:26 - com.zaxxer.hikari.pool.HikariPool - HikariPool-1 - Fill pool skipped, pool has sufficient level or currently being filled.
2026-08-17 22:12:38 - o.s.web.servlet.DispatcherServlet - GET "/Expense", parameters={}
2026-08-17 22:12:38 - o.s.w.s.m.m.a.RequestMappingHandlerMapping - Mapped to com.rakesh.ExpenseTracker.controller.expenseController#getAllExpenses()
2026-08-17 22:12:38 - o.s.o.j.s.OpenEntityManagerInViewInterceptor - Opening JPA EntityManager in OpenEntityManagerInViewInterceptor
2026-08-17 22:12:38 - org.hibernate.orm.core - HHH006588: Opening session [tenant=null]
2026-08-17 22:12:38 - c.r.E.controller.expenseController - getAllExpanses Controller entered
2026-08-17 22:12:38 - c.r.E.service.expenseServiceImpl - Entered getAllData service function
2026-08-17 22:12:38 - o.s.orm.jpa.JpaTransactionManager - Found thread-bound EntityManager [SessionImpl(1854082337<open>)] for JPA transaction
2026-08-17 22:12:38 - o.s.orm.jpa.JpaTransactionManager - Creating new transaction with name [org.springframework.data.jpa.repository.support.SimpleJpaRepository.findAll]: PROPAGATION_REQUIRED,ISOLATION_DEFAULT,readOnly
2026-08-17 22:12:38 - o.s.jdbc.datasource.DataSourceUtils - Setting JDBC Connection [HikariProxyConnection@1615130241 wrapping com.mysql.cj.jdbc.ConnectionImpl@71285693] read-only
2026-08-17 22:12:38 - org.hibernate.orm.core - HHH006583: Beginning transaction
2026-08-17 22:12:38 - o.s.orm.jpa.JpaTransactionManager - Exposing JPA transaction as JDBC [org.springframework.orm.jpa.vendor.HibernateJpaDialect$HibernateConnectionHandle@647b6651]
2026-08-17 22:12:38 - org.hibernate.SQL - 
    select
        e1_0.id,
        e1_0.amount,
        e1_0.spend_on 
    from
        expense e1_0
2026-08-17 22:12:38 - o.s.orm.jpa.JpaTransactionManager - Initiating transaction commit
2026-08-17 22:12:38 - o.s.orm.jpa.JpaTransactionManager - Committing JPA transaction on EntityManager [SessionImpl(1854082337<open>)]
2026-08-17 22:12:38 - org.hibernate.orm.core - HHH006584: Committing transaction
2026-08-17 22:12:38 - o.s.jdbc.datasource.DataSourceUtils - Resetting read-only flag of JDBC Connection [HikariProxyConnection@1615130241 wrapping com.mysql.cj.jdbc.ConnectionImpl@71285693]
2026-08-17 22:12:38 - o.s.orm.jpa.JpaTransactionManager - Not closing pre-bound JPA EntityManager after transaction
2026-08-17 22:12:38 - o.s.w.s.m.m.a.HttpEntityMethodProcessor - Using 'application/json', given [*/*] and supported [application/json, application/*+json]
2026-08-17 22:12:38 - o.s.w.s.m.m.a.HttpEntityMethodProcessor - Writing [[com.rakesh.ExpenseTracker.entity.Expense@3eb19ce9, com.rakesh.ExpenseTracker.entity.Expense@38bc831 (truncated)...]
2026-08-17 22:12:38 - o.s.o.j.s.OpenEntityManagerInViewInterceptor - Closing JPA EntityManager in OpenEntityManagerInViewInterceptor
2026-08-17 22:12:38 - org.hibernate.session.metrics - HHH000401: Logging session metrics:
	496399 ns acquiring 1 JDBC connections
	0 ns releasing 0 JDBC connections
	166894 ns preparing 1 JDBC statements
	834889 ns executing 1 JDBC statements
	0 ns executing 0 JDBC batches
	0 ns performing 0 second-level cache puts
	0 ns performing 0 second-level cache hits
	0 ns performing 0 second-level cache misses
	0 ns executing 0 flushes (flushing a total of 0 entities and 0 collections)
	3002 ns executing 1 pre-partial-flushes
	2317 ns executing 1 partial-flushes (flushing a total of 0 entities and 0 collections)

2026-08-17 22:12:38 - o.s.web.servlet.DispatcherServlet - Completed 200 OK
2026-08-17 22:12:56 - com.zaxxer.hikari.pool.HikariPool - HikariPool-1 - Pool stats (total=10/10, idle=10/10, active=0, waiting=0)
2026-08-17 22:12:56 - com.zaxxer.hikari.pool.HikariPool - HikariPool-1 - Fill pool skipped, pool has sufficient level or currently being filled.
2026-08-17 22:13:09 - com.zaxxer.hikari.pool.HikariPool - HikariPool-1 - keepalive: connection com.mysql.cj.jdbc.ConnectionImpl@298752db is alive
2026-08-17 22:13:09 - com.zaxxer.hikari.pool.HikariPool - HikariPool-1 - keepalive: connection com.mysql.cj.jdbc.ConnectionImpl@730d09d2 is alive
2026-08-17 22:13:10 - com.zaxxer.hikari.pool.HikariPool - HikariPool-1 - keepalive: connection com.mysql.cj.jdbc.ConnectionImpl@38404549 is alive
2026-08-17 22:13:11 - com.zaxxer.hikari.pool.HikariPool - HikariPool-1 - keepalive: connection com.mysql.cj.jdbc.ConnectionImpl@71285693 is alive
2026-08-17 22:13:14 - com.zaxxer.hikari.pool.HikariPool - HikariPool-1 - keepalive: connection com.mysql.cj.jdbc.ConnectionImpl@6dab6c41 is alive
2026-08-17 22:13:16 - com.zaxxer.hikari.pool.HikariPool - HikariPool-1 - keepalive: connection com.mysql.cj.jdbc.ConnectionImpl@4fee95fe is alive
2026-08-17 22:13:16 - com.zaxxer.hikari.pool.HikariPool - HikariPool-1 - keepalive: connection com.mysql.cj.jdbc.ConnectionImpl@436567bf is alive
2026-08-17 22:13:18 - com.zaxxer.hikari.pool.HikariPool - HikariPool-1 - keepalive: connection com.mysql.cj.jdbc.ConnectionImpl@34876cd is alive
2026-08-17 22:13:20 - com.zaxxer.hikari.pool.HikariPool - HikariPool-1 - keepalive: connection com.mysql.cj.jdbc.ConnectionImpl@323003e9 is alive
2026-08-17 22:13:21 - com.zaxxer.hikari.pool.HikariPool - HikariPool-1 - keepalive: connection com.mysql.cj.jdbc.ConnectionImpl@73e8213f is alive
2026-08-17 22:13:26 - com.zaxxer.hikari.pool.HikariPool - HikariPool-1 - Pool stats (total=10/10, idle=10/10, active=0, waiting=0)
2026-08-17 22:13:26 - com.zaxxer.hikari.pool.HikariPool - HikariPool-1 - Fill pool skipped, pool has sufficient level or currently being filled.
2026-08-17 22:13:56 - com.zaxxer.hikari.pool.HikariPool - HikariPool-1 - Pool stats (total=10/10, idle=10/10, active=0, waiting=0)
2026-08-17 22:13:56 - com.zaxxer.hikari.pool.HikariPool - HikariPool-1 - Fill pool skipped, pool has sufficient level or currently being filled.
2026-08-17 22:14:09 - o.s.web.servlet.DispatcherServlet - GET "/Expense", parameters={}
2026-08-17 22:14:09 - o.s.w.s.m.m.a.RequestMappingHandlerMapping - Mapped to com.rakesh.ExpenseTracker.controller.expenseController#getAllExpenses()
2026-08-17 22:14:09 - o.s.o.j.s.OpenEntityManagerInViewInterceptor - Opening JPA EntityManager in OpenEntityManagerInViewInterceptor
2026-08-17 22:14:09 - org.hibernate.orm.core - HHH006588: Opening session [tenant=null]
2026-08-17 22:14:09 - c.r.E.controller.expenseController - getAllExpanses Controller entered
2026-08-17 22:14:09 - c.r.E.service.expenseServiceImpl - Entered getAllData service function
2026-08-17 22:14:09 - o.s.orm.jpa.JpaTransactionManager - Found thread-bound EntityManager [SessionImpl(131222187<open>)] for JPA transaction
2026-08-17 22:14:09 - o.s.orm.jpa.JpaTransactionManager - Creating new transaction with name [org.springframework.data.jpa.repository.support.SimpleJpaRepository.findAll]: PROPAGATION_REQUIRED,ISOLATION_DEFAULT,readOnly
2026-08-17 22:14:09 - o.s.jdbc.datasource.DataSourceUtils - Setting JDBC Connection [HikariProxyConnection@152413217 wrapping com.mysql.cj.jdbc.ConnectionImpl@71285693] read-only
2026-08-17 22:14:09 - org.hibernate.orm.core - HHH006583: Beginning transaction
2026-08-17 22:14:09 - o.s.orm.jpa.JpaTransactionManager - Exposing JPA transaction as JDBC [org.springframework.orm.jpa.vendor.HibernateJpaDialect$HibernateConnectionHandle@d2a21db]
2026-08-17 22:14:09 - org.hibernate.SQL - 
    select
        e1_0.id,
        e1_0.amount,
        e1_0.spend_on 
    from
        expense e1_0
2026-08-17 22:14:09 - o.s.orm.jpa.JpaTransactionManager - Initiating transaction commit
2026-08-17 22:14:09 - o.s.orm.jpa.JpaTransactionManager - Committing JPA transaction on EntityManager [SessionImpl(131222187<open>)]
2026-08-17 22:14:09 - org.hibernate.orm.core - HHH006584: Committing transaction
2026-08-17 22:14:09 - o.s.jdbc.datasource.DataSourceUtils - Resetting read-only flag of JDBC Connection [HikariProxyConnection@152413217 wrapping com.mysql.cj.jdbc.ConnectionImpl@71285693]
2026-08-17 22:14:09 - o.s.orm.jpa.JpaTransactionManager - Not closing pre-bound JPA EntityManager after transaction
2026-08-17 22:14:09 - o.s.w.s.m.m.a.HttpEntityMethodProcessor - Using 'application/json', given [*/*] and supported [application/json, application/*+json]
2026-08-17 22:14:09 - o.s.w.s.m.m.a.HttpEntityMethodProcessor - Writing [[com.rakesh.ExpenseTracker.entity.Expense@24a469f1, com.rakesh.ExpenseTracker.entity.Expense@82e0ab8 (truncated)...]
2026-08-17 22:14:09 - o.s.o.j.s.OpenEntityManagerInViewInterceptor - Closing JPA EntityManager in OpenEntityManagerInViewInterceptor
2026-08-17 22:14:09 - org.hibernate.session.metrics - HHH000401: Logging session metrics:
	453778 ns acquiring 1 JDBC connections
	0 ns releasing 0 JDBC connections
	116287 ns preparing 1 JDBC statements
	489118 ns executing 1 JDBC statements
	0 ns executing 0 JDBC batches
	0 ns performing 0 second-level cache puts
	0 ns performing 0 second-level cache hits
	0 ns performing 0 second-level cache misses
	0 ns executing 0 flushes (flushing a total of 0 entities and 0 collections)
	2308 ns executing 1 pre-partial-flushes
	1905 ns executing 1 partial-flushes (flushing a total of 0 entities and 0 collections)

2026-08-17 22:14:09 - o.s.web.servlet.DispatcherServlet - Completed 200 OK
2026-08-17 22:14:26 - com.zaxxer.hikari.pool.HikariPool - HikariPool-1 - Pool stats (total=10/10, idle=10/10, active=0, waiting=0)
2026-08-17 22:14:26 - com.zaxxer.hikari.pool.HikariPool - HikariPool-1 - Fill pool skipped, pool has sufficient level or currently being filled.
2026-08-17 22:14:30 - o.s.web.servlet.DispatcherServlet - POST "/Expense", parameters={}
2026-08-17 22:14:30 - o.s.w.s.m.m.a.RequestMappingHandlerMapping - Mapped to com.rakesh.ExpenseTracker.controller.expenseController#saveExpense(Expense)
2026-08-17 22:14:30 - o.s.o.j.s.OpenEntityManagerInViewInterceptor - Opening JPA EntityManager in OpenEntityManagerInViewInterceptor
2026-08-17 22:14:30 - org.hibernate.orm.core - HHH006588: Opening session [tenant=null]
2026-08-17 22:14:30 - o.s.w.s.m.m.a.RequestResponseBodyMethodProcessor - Read "application/json;charset=UTF-8" to [com.rakesh.ExpenseTracker.entity.Expense@405f6e0f]
2026-08-17 22:14:30 - c.r.E.controller.expenseController - SaveExpense Controller entered
2026-08-17 22:14:30 - c.r.E.service.expenseServiceImpl - Entered saveData service function
2026-08-17 22:14:30 - o.s.orm.jpa.JpaTransactionManager - Found thread-bound EntityManager [SessionImpl(558952860<open>)] for JPA transaction
2026-08-17 22:14:30 - o.s.orm.jpa.JpaTransactionManager - Creating new transaction with name [org.springframework.data.jpa.repository.support.SimpleJpaRepository.save]: PROPAGATION_REQUIRED,ISOLATION_DEFAULT
2026-08-17 22:14:30 - org.hibernate.orm.core - HHH006583: Beginning transaction
2026-08-17 22:14:30 - o.s.orm.jpa.JpaTransactionManager - Exposing JPA transaction as JDBC [org.springframework.orm.jpa.vendor.HibernateJpaDialect$HibernateConnectionHandle@74852af6]
2026-08-17 22:14:30 - org.hibernate.SQL - 
    select
        next_val as id_val 
    from
        expense_seq 
    for
        update
2026-08-17 22:14:30 - org.hibernate.SQL - 
    update
        expense_seq 
    set
        next_val= ? 
    where
        next_val=?
2026-08-17 22:14:30 - o.s.orm.jpa.JpaTransactionManager - Initiating transaction commit
2026-08-17 22:14:30 - o.s.orm.jpa.JpaTransactionManager - Committing JPA transaction on EntityManager [SessionImpl(558952860<open>)]
2026-08-17 22:14:30 - org.hibernate.orm.core - HHH006584: Committing transaction
2026-08-17 22:14:30 - org.hibernate.orm.event - HHH90060071: Flushed: 1 insertions, 0 updates, 0 deletions to 1 objects
2026-08-17 22:14:30 - org.hibernate.orm.event - HHH90060072: Flushed: 0 (re)creations, 0 updates, 0 removals to 0 collections
2026-08-17 22:14:30 - org.hibernate.orm.core - Listing entities:
2026-08-17 22:14:30 - org.hibernate.orm.core - com.rakesh.ExpenseTracker.entity.Expense{amount=500.0, spendOn=Dinner, id=52}
2026-08-17 22:14:30 - org.hibernate.SQL - 
    insert 
    into
        expense
        (amount, spend_on, id) 
    values
        (?, ?, ?)
2026-08-17 22:14:30 - o.s.orm.jpa.JpaTransactionManager - Not closing pre-bound JPA EntityManager after transaction
2026-08-17 22:14:30 - c.r.E.service.expenseServiceImpl - new expense is added
2026-08-17 22:14:30 - c.r.E.controller.expenseController - expense is saved
2026-08-17 22:14:30 - o.s.w.s.m.m.a.HttpEntityMethodProcessor - Using 'application/json', given [*/*] and supported [application/json, application/*+json]
2026-08-17 22:14:30 - o.s.w.s.m.m.a.HttpEntityMethodProcessor - Writing [com.rakesh.ExpenseTracker.entity.Expense@7e511849]
2026-08-17 22:14:30 - o.s.o.j.s.OpenEntityManagerInViewInterceptor - Closing JPA EntityManager in OpenEntityManagerInViewInterceptor
2026-08-17 22:14:30 - org.hibernate.session.metrics - HHH000401: Logging session metrics:
	859699 ns acquiring 2 JDBC connections
	13006 ns releasing 1 JDBC connections
	485242 ns preparing 3 JDBC statements
	6755915 ns executing 3 JDBC statements
	0 ns executing 0 JDBC batches
	0 ns performing 0 second-level cache puts
	0 ns performing 0 second-level cache hits
	0 ns performing 0 second-level cache misses
	14413290 ns executing 1 flushes (flushing a total of 1 entities and 0 collections)
	0 ns executing 0 pre-partial-flushes
	0 ns executing 0 partial-flushes (flushing a total of 0 entities and 0 collections)

2026-08-17 22:14:30 - o.s.web.servlet.DispatcherServlet - Completed 201 CREATED
2026-08-17 22:14:51 - com.zaxxer.hikari.pool.HikariPool - HikariPool-1 - keepalive: connection com.mysql.cj.jdbc.ConnectionImpl@298752db is alive
2026-08-17 22:14:51 - com.zaxxer.hikari.pool.HikariPool - HikariPool-1 - keepalive: connection com.mysql.cj.jdbc.ConnectionImpl@730d09d2 is alive
2026-08-17 22:14:54 - com.zaxxer.hikari.pool.HikariPool - HikariPool-1 - keepalive: connection com.mysql.cj.jdbc.ConnectionImpl@38404549 is alive
2026-08-17 22:14:55 - com.zaxxer.hikari.pool.HikariPool - HikariPool-1 - keepalive: connection com.mysql.cj.jdbc.ConnectionImpl@71285693 is alive
2026-08-17 22:14:56 - com.zaxxer.hikari.pool.HikariPool - HikariPool-1 - Pool stats (total=10/10, idle=10/10, active=0, waiting=0)
2026-08-17 22:14:56 - com.zaxxer.hikari.pool.HikariPool - HikariPool-1 - Fill pool skipped, pool has sufficient level or currently being filled.
2026-08-17 22:15:02 - com.zaxxer.hikari.pool.HikariPool - HikariPool-1 - keepalive: connection com.mysql.cj.jdbc.ConnectionImpl@6dab6c41 is alive
2026-08-17 22:15:05 - com.zaxxer.hikari.pool.HikariPool - HikariPool-1 - keepalive: connection com.mysql.cj.jdbc.ConnectionImpl@4fee95fe is alive
2026-08-17 22:15:05 - com.zaxxer.hikari.pool.HikariPool - HikariPool-1 - keepalive: connection com.mysql.cj.jdbc.ConnectionImpl@436567bf is alive
2026-08-17 22:15:09 - com.zaxxer.hikari.pool.HikariPool - HikariPool-1 - keepalive: connection com.mysql.cj.jdbc.ConnectionImpl@34876cd is alive
2026-08-17 22:15:13 - com.zaxxer.hikari.pool.HikariPool - HikariPool-1 - keepalive: connection com.mysql.cj.jdbc.ConnectionImpl@323003e9 is alive
2026-08-17 22:15:15 - com.zaxxer.hikari.pool.HikariPool - HikariPool-1 - keepalive: connection com.mysql.cj.jdbc.ConnectionImpl@73e8213f is alive
2026-08-17 22:15:26 - com.zaxxer.hikari.pool.HikariPool - HikariPool-1 - Pool stats (total=10/10, idle=10/10, active=0, waiting=0)
2026-08-17 22:15:26 - com.zaxxer.hikari.pool.HikariPool - HikariPool-1 - Fill pool skipped, pool has sufficient level or currently being filled.
2026-08-17 22:15:53 - o.s.b.a.ApplicationAvailabilityBean - Application availability state ReadinessState changed from ACCEPTING_TRAFFIC to REFUSING_TRAFFIC
2026-08-17 22:15:53 - o.s.b.w.s.s.c.AnnotationConfigServletWebServerApplicationContext - Closing org.springframework.boot.web.server.servlet.context.AnnotationConfigServletWebServerApplicationContext@1951b871, started on Mon Aug 17 22:11:24 IST 2026
2026-08-17 22:15:53 - o.s.c.s.DefaultLifecycleProcessor - Stopping beans in phase 2147482623
2026-08-17 22:15:53 - o.s.boot.tomcat.GracefulShutdown - Commencing graceful shutdown. Waiting for active requests to complete
2026-08-17 22:15:55 - o.s.boot.tomcat.GracefulShutdown - Graceful shutdown complete
2026-08-17 22:15:55 - o.s.c.s.DefaultLifecycleProcessor - Stopping beans in phase 2147481599
2026-08-17 22:15:55 - o.s.c.s.DefaultLifecycleProcessor - Bean 'webServerGracefulShutdown' completed its stop procedure
2026-08-17 22:15:55 - o.s.c.s.DefaultLifecycleProcessor - Bean 'webServerStartStop' completed its stop procedure
2026-08-17 22:15:55 - o.s.c.s.DefaultLifecycleProcessor - Stopping beans in phase 1073741823
2026-08-17 22:15:55 - o.s.c.s.DefaultLifecycleProcessor - Bean 'applicationTaskExecutor' completed its stop procedure
2026-08-17 22:15:55 - o.s.c.s.DefaultLifecycleProcessor - Stopping beans in phase -2147483647
2026-08-17 22:15:55 - o.s.c.s.DefaultLifecycleProcessor - Bean 'springBootLoggingLifecycle' completed its stop procedure
2026-08-17 22:15:55 - o.s.o.j.LocalContainerEntityManagerFactoryBean - Closing JPA EntityManagerFactory for persistence unit 'default'
2026-08-17 22:15:55 - org.hibernate.orm.factory - HHH90020005: Closing factory [b1f73d25-7181-40b4-a524-c1123dffe2bd]
2026-08-17 22:15:55 - com.zaxxer.hikari.HikariDataSource - HikariPool-1 - Shutdown initiated...
2026-08-17 22:15:55 - com.zaxxer.hikari.pool.HikariPool - HikariPool-1 - Before shutdown stats (total=10/10, idle=10/10, active=0, waiting=0)
2026-08-17 22:15:55 - com.zaxxer.hikari.pool.PoolBase - HikariPool-1 - Closing connection com.mysql.cj.jdbc.ConnectionImpl@71285693: (connection evicted)
2026-08-17 22:15:55 - com.zaxxer.hikari.pool.PoolBase - HikariPool-1 - Closing connection com.mysql.cj.jdbc.ConnectionImpl@730d09d2: (connection evicted)
2026-08-17 22:15:55 - com.zaxxer.hikari.pool.PoolBase - HikariPool-1 - Closing connection com.mysql.cj.jdbc.ConnectionImpl@323003e9: (connection evicted)
2026-08-17 22:15:55 - com.zaxxer.hikari.pool.PoolBase - HikariPool-1 - Closing connection com.mysql.cj.jdbc.ConnectionImpl@34876cd: (connection evicted)
2026-08-17 22:15:55 - com.zaxxer.hikari.pool.PoolBase - HikariPool-1 - Closing connection com.mysql.cj.jdbc.ConnectionImpl@4fee95fe: (connection evicted)
2026-08-17 22:15:55 - com.zaxxer.hikari.pool.PoolBase - HikariPool-1 - Closing connection com.mysql.cj.jdbc.ConnectionImpl@6dab6c41: (connection evicted)
2026-08-17 22:15:55 - com.zaxxer.hikari.pool.PoolBase - HikariPool-1 - Closing connection com.mysql.cj.jdbc.ConnectionImpl@298752db: (connection evicted)
2026-08-17 22:15:55 - com.zaxxer.hikari.pool.PoolBase - HikariPool-1 - Closing connection com.mysql.cj.jdbc.ConnectionImpl@436567bf: (connection evicted)
2026-08-17 22:15:55 - com.zaxxer.hikari.pool.PoolBase - HikariPool-1 - Closing connection com.mysql.cj.jdbc.ConnectionImpl@38404549: (connection evicted)
2026-08-17 22:15:55 - com.zaxxer.hikari.pool.PoolBase - HikariPool-1 - Closing connection com.mysql.cj.jdbc.ConnectionImpl@73e8213f: (connection evicted)
2026-08-17 22:15:55 - com.zaxxer.hikari.pool.HikariPool - HikariPool-1 - After  shutdown stats (total=0/10, idle=0/10, active=0, waiting=0)
2026-08-17 22:15:55 - com.zaxxer.hikari.HikariDataSource - HikariPool-1 - Shutdown completed.
2026-08-17 22:15:55 - o.s.s.c.ThreadPoolTaskExecutor - Shutting down ExecutorService 'applicationTaskExecutor'
2026-08-17 23:22:11 - org.jboss.logging - Logging Provider: org.jboss.logging.Slf4jLoggerProvider found via system property
2026-08-17 23:22:11 - o.h.validator.internal.util.Version - HV000001: Hibernate Validator 9.1.0.Final
2026-08-17 23:22:11 - o.h.v.i.x.config.ValidationXmlParser - Trying to load META-INF/validation.xml for XML based Validator configuration.
2026-08-17 23:22:11 - o.h.v.i.x.c.ResourceLoaderHelper - Trying to load META-INF/validation.xml via TCCL
2026-08-17 23:22:11 - o.h.v.i.x.c.ResourceLoaderHelper - Trying to load META-INF/validation.xml via Hibernate Validator's class loader
2026-08-17 23:22:11 - o.h.v.i.x.config.ValidationXmlParser - No META-INF/validation.xml found. Using annotation based configuration only.
2026-08-17 23:22:11 - o.h.v.i.e.r.TraversableResolvers - Found jakarta.persistence.Persistence on classpath containing 'getPersistenceUtil'. Assuming Jakarta Persistence environment. Trying to instantiate Jakarta Persistence aware TraversableResolver
2026-08-17 23:22:11 - o.h.v.i.e.r.TraversableResolvers - Instantiated Jakarta Persistence aware TraversableResolver of type org.hibernate.validator.internal.engine.resolver.JPATraversableResolver.
2026-08-17 23:22:11 - o.h.v.m.ResourceBundleMessageInterpolator - Loaded expression factory via original TCCL
2026-08-17 23:22:11 - c.r.E.ExpenseTrackerApplication - Starting ExpenseTrackerApplication using Java 25.0.2 with PID 7977 (/Users/rakeshkuratti/Desktop/Projcts/ExpenseTracker/target/classes started by rakeshkuratti in /Users/rakeshkuratti/Desktop/Projcts/ExpenseTracker)
2026-08-17 23:22:11 - c.r.E.ExpenseTrackerApplication - Running with Spring Boot v4.1.0, Spring v7.0.8
2026-08-17 23:22:11 - c.r.E.ExpenseTrackerApplication - No active profile set, falling back to 1 default profile: "default"
2026-08-17 23:22:11 - o.s.boot.SpringApplication - Loading source class com.rakesh.ExpenseTracker.ExpenseTrackerApplication
2026-08-17 23:22:11 - o.s.b.w.s.s.c.AnnotationConfigServletWebServerApplicationContext - Refreshing org.springframework.boot.web.server.servlet.context.AnnotationConfigServletWebServerApplicationContext@1951b871
2026-08-17 23:22:11 - o.h.v.i.e.ValidatorFactoryConfigurationHelper - HV000252: Using org.hibernate.validator.internal.engine.DefaultPropertyNodeNameProvider as property node name provider.
2026-08-17 23:22:11 - o.s.b.f.s.DefaultListableBeanFactory - Creating shared instance of singleton bean 'org.springframework.context.annotation.internalConfigurationAnnotationProcessor'
2026-08-17 23:22:11 - o.h.v.i.e.ValidatorFactoryConfigurationHelper - HV000234: Using org.hibernate.validator.messageinterpolation.ResourceBundleMessageInterpolator as ValidatorFactory-scoped message interpolator.
2026-08-17 23:22:11 - o.h.v.i.e.ValidatorFactoryConfigurationHelper - HV000234: Using org.hibernate.validator.internal.engine.resolver.JPATraversableResolver as ValidatorFactory-scoped traversable resolver.
2026-08-17 23:22:11 - o.h.v.i.e.ValidatorFactoryConfigurationHelper - HV000234: Using org.hibernate.validator.internal.util.ExecutableParameterNameProvider as ValidatorFactory-scoped parameter name provider.
2026-08-17 23:22:11 - o.h.v.i.e.ValidatorFactoryConfigurationHelper - HV000234: Using org.hibernate.validator.internal.engine.DefaultClockProvider as ValidatorFactory-scoped clock provider.
2026-08-17 23:22:11 - o.h.v.i.e.ValidatorFactoryConfigurationHelper - HV000234: Using org.hibernate.validator.internal.engine.scripting.DefaultScriptEvaluatorFactory as ValidatorFactory-scoped script evaluator factory.
2026-08-17 23:22:11 - o.s.b.f.s.DefaultListableBeanFactory - Creating shared instance of singleton bean 'org.springframework.boot.autoconfigure.internalCachingMetadataReaderFactory'
2026-08-17 23:22:11 - o.s.c.a.ClassPathBeanDefinitionScanner - Identified candidate component class: file [/Users/rakeshkuratti/Desktop/Projcts/ExpenseTracker/target/classes/com/rakesh/ExpenseTracker/controller/ExpenseController.class]
2026-08-17 23:22:11 - o.s.c.a.ClassPathBeanDefinitionScanner - Identified candidate component class: file [/Users/rakeshkuratti/Desktop/Projcts/ExpenseTracker/target/classes/com/rakesh/ExpenseTracker/service/ExpenseServiceImpl.class]
2026-08-17 23:22:12 - o.s.d.r.c.RepositoryConfigurationDelegate - Bootstrapping Spring Data JPA repositories in DEFAULT mode.
2026-08-17 23:22:12 - o.s.b.f.s.DefaultListableBeanFactory - Creating shared instance of singleton bean 'org.springframework.boot.autoconfigure.AutoConfigurationPackages'
2026-08-17 23:22:12 - o.s.b.a.AutoConfigurationPackages - @EnableAutoConfiguration was declared on a class in the package 'com.rakesh.ExpenseTracker'. Automatic @Repository and @Entity scanning is enabled.
2026-08-17 23:22:12 - o.s.d.r.c.RepositoryConfigurationDelegate - Scanning for JPA repositories in packages com.rakesh.ExpenseTracker.
2026-08-17 23:22:12 - o.s.d.r.c.RepositoryComponentProvider - Identified candidate component class: file [/Users/rakeshkuratti/Desktop/Projcts/ExpenseTracker/target/classes/com/rakesh/ExpenseTracker/repository/ExpenseRepository.class]
2026-08-17 23:22:12 - o.s.c.a.ClassPathScanningCandidateComponentProvider - Identified candidate component class: file [/Users/rakeshkuratti/Desktop/Projcts/ExpenseTracker/target/classes/com/rakesh/ExpenseTracker/service/ExpenseServiceImpl.class]
2026-08-17 23:22:12 - o.s.d.r.c.RepositoryConfigurationDelegate - Finished Spring Data repository scanning in 42 ms. Found 1 JPA repository interface.
2026-08-17 23:22:12 - o.s.b.f.s.DefaultListableBeanFactory - Creating shared instance of singleton bean 'propertySourcesPlaceholderConfigurer'
2026-08-17 23:22:12 - o.s.b.f.s.DefaultListableBeanFactory - Creating shared instance of singleton bean 'org.springframework.boot.sql.init.dependency.DatabaseInitializationDependencyConfigurer$DependsOnDatabaseInitializationPostProcessor'
2026-08-17 23:22:12 - o.s.b.f.s.DefaultListableBeanFactory - Creating shared instance of singleton bean 'org.springframework.context.event.internalEventListenerProcessor'
2026-08-17 23:22:12 - o.s.b.f.s.DefaultListableBeanFactory - Creating shared instance of singleton bean 'bootstrapExecutorAliasPostProcessor'
2026-08-17 23:22:12 - o.s.b.f.s.DefaultListableBeanFactory - Creating shared instance of singleton bean 'preserveErrorControllerTargetClassPostProcessor'
2026-08-17 23:22:12 - o.s.b.f.s.DefaultListableBeanFactory - Creating shared instance of singleton bean 'org.springframework.context.event.internalEventListenerFactory'
2026-08-17 23:22:12 - o.s.b.f.s.DefaultListableBeanFactory - Creating shared instance of singleton bean 'org.springframework.transaction.config.internalTransactionalEventListenerFactory'
2026-08-17 23:22:12 - o.s.b.f.s.DefaultListableBeanFactory - Creating shared instance of singleton bean 'org.springframework.context.annotation.internalAutowiredAnnotationProcessor'
2026-08-17 23:22:12 - o.s.b.f.s.DefaultListableBeanFactory - Creating shared instance of singleton bean 'org.springframework.context.annotation.internalCommonAnnotationProcessor'
2026-08-17 23:22:12 - o.s.b.f.s.DefaultListableBeanFactory - Creating shared instance of singleton bean 'org.springframework.context.annotation.internalPersistenceAnnotationProcessor'
2026-08-17 23:22:12 - o.s.b.f.s.DefaultListableBeanFactory - Creating shared instance of singleton bean 'org.springframework.boot.context.properties.ConfigurationPropertiesBindingPostProcessor'
2026-08-17 23:22:12 - o.s.b.f.s.DefaultListableBeanFactory - Creating shared instance of singleton bean 'org.springframework.boot.context.internalConfigurationPropertiesBinder'
2026-08-17 23:22:12 - o.s.b.f.s.DefaultListableBeanFactory - Creating shared instance of singleton bean 'jdbcConnectionDetailsHikariBeanPostProcessor'
2026-08-17 23:22:12 - o.s.b.f.s.DefaultListableBeanFactory - Creating shared instance of singleton bean 'methodValidationPostProcessor'
2026-08-17 23:22:12 - o.s.b.f.s.DefaultListableBeanFactory - Autowiring by type from bean name 'methodValidationPostProcessor' via factory method to bean named 'environment'
2026-08-17 23:22:12 - o.s.b.f.s.DefaultListableBeanFactory - Creating shared instance of singleton bean 'org.springframework.boot.context.properties.EnableConfigurationPropertiesRegistrar.methodValidationExcludeFilter'
2026-08-17 23:22:12 - o.s.b.f.s.DefaultListableBeanFactory - Creating shared instance of singleton bean 'org.springframework.aop.framework.autoproxy.defaultProxyConfig'
2026-08-17 23:22:12 - o.s.b.f.s.DefaultListableBeanFactory - Creating shared instance of singleton bean 'org.springframework.aop.config.internalAutoProxyCreator'
2026-08-17 23:22:12 - o.s.b.f.s.DefaultListableBeanFactory - Creating shared instance of singleton bean 'persistenceExceptionTranslationPostProcessor'
2026-08-17 23:22:12 - o.s.b.f.s.DefaultListableBeanFactory - Autowiring by type from bean name 'persistenceExceptionTranslationPostProcessor' via factory method to bean named 'environment'
2026-08-17 23:22:12 - o.s.b.f.s.DefaultListableBeanFactory - Creating shared instance of singleton bean 'projectingArgumentResolverBeanPostProcessor'
2026-08-17 23:22:12 - o.s.b.f.s.DefaultListableBeanFactory - Creating shared instance of singleton bean 'org.springframework.transaction.config.internalTransactionAdvisor'
2026-08-17 23:22:12 - o.s.b.f.s.DefaultListableBeanFactory - Creating shared instance of singleton bean 'org.springframework.transaction.annotation.ProxyTransactionManagementConfiguration'
2026-08-17 23:22:12 - o.s.b.f.s.DefaultListableBeanFactory - Creating shared instance of singleton bean 'transactionAttributeSource'
2026-08-17 23:22:12 - o.s.b.f.s.DefaultListableBeanFactory - Creating shared instance of singleton bean 'transactionInterceptor'
2026-08-17 23:22:12 - o.s.b.f.s.DefaultListableBeanFactory - Autowiring by type from bean name 'transactionInterceptor' via factory method to bean named 'transactionAttributeSource'
2026-08-17 23:22:12 - o.s.b.f.s.DefaultListableBeanFactory - Autowiring by type from bean name 'org.springframework.transaction.config.internalTransactionAdvisor' via factory method to bean named 'transactionAttributeSource'
2026-08-17 23:22:12 - o.s.b.f.s.DefaultListableBeanFactory - Autowiring by type from bean name 'org.springframework.transaction.config.internalTransactionAdvisor' via factory method to bean named 'transactionInterceptor'
2026-08-17 23:22:12 - o.s.b.f.s.DefaultListableBeanFactory - Creating shared instance of singleton bean 'webServerFactoryCustomizerBeanPostProcessor'
2026-08-17 23:22:12 - o.s.b.f.s.DefaultListableBeanFactory - Creating shared instance of singleton bean 'errorPageRegistrarBeanPostProcessor'
2026-08-17 23:22:12 - o.s.b.f.s.DefaultListableBeanFactory - Creating shared instance of singleton bean 'tomcatServletWebServerFactory'
2026-08-17 23:22:12 - o.s.b.f.s.DefaultListableBeanFactory - Creating shared instance of singleton bean 'org.springframework.boot.tomcat.autoconfigure.servlet.TomcatServletWebServerAutoConfiguration'
2026-08-17 23:22:12 - o.s.b.f.s.DefaultListableBeanFactory - Creating shared instance of singleton bean 'server.tomcat-org.springframework.boot.tomcat.autoconfigure.TomcatServerProperties'
2026-08-17 23:22:12 - o.s.b.f.s.DefaultListableBeanFactory - Creating shared instance of singleton bean 'org.springframework.boot.context.properties.BoundConfigurationProperties'
2026-08-17 23:22:12 - o.s.b.f.s.DefaultListableBeanFactory - Autowiring by type from bean name 'org.springframework.boot.tomcat.autoconfigure.servlet.TomcatServletWebServerAutoConfiguration' via constructor to bean named 'server.tomcat-org.springframework.boot.tomcat.autoconfigure.TomcatServerProperties'
2026-08-17 23:22:12 - o.s.b.f.s.DefaultListableBeanFactory - Creating shared instance of singleton bean 'servletWebServerFactoryCustomizer'
2026-08-17 23:22:12 - o.s.b.f.s.DefaultListableBeanFactory - Creating shared instance of singleton bean 'org.springframework.boot.web.server.autoconfigure.servlet.ServletWebServerConfiguration'
2026-08-17 23:22:12 - o.s.b.f.s.DefaultListableBeanFactory - Creating shared instance of singleton bean 'server-org.springframework.boot.web.server.autoconfigure.ServerProperties'
2026-08-17 23:22:12 - o.s.b.f.s.DefaultListableBeanFactory - Autowiring by type from bean name 'servletWebServerFactoryCustomizer' via factory method to bean named 'server-org.springframework.boot.web.server.autoconfigure.ServerProperties'
2026-08-17 23:22:12 - o.s.b.f.s.DefaultListableBeanFactory - Creating shared instance of singleton bean 'sslBundleRegistry'
2026-08-17 23:22:12 - o.s.b.f.s.DefaultListableBeanFactory - Creating shared instance of singleton bean 'org.springframework.boot.autoconfigure.ssl.SslAutoConfiguration'
2026-08-17 23:22:12 - o.s.b.f.s.DefaultListableBeanFactory - Creating shared instance of singleton bean 'spring.ssl-org.springframework.boot.autoconfigure.ssl.SslProperties'
2026-08-17 23:22:12 - o.s.b.f.s.DefaultListableBeanFactory - Autowiring by type from bean name 'org.springframework.boot.autoconfigure.ssl.SslAutoConfiguration' via constructor to bean named 'org.springframework.boot.web.server.servlet.context.AnnotationConfigServletWebServerApplicationContext@1951b871'
2026-08-17 23:22:12 - o.s.b.f.s.DefaultListableBeanFactory - Autowiring by type from bean name 'org.springframework.boot.autoconfigure.ssl.SslAutoConfiguration' via constructor to bean named 'spring.ssl-org.springframework.boot.autoconfigure.ssl.SslProperties'
2026-08-17 23:22:12 - o.s.b.f.s.DefaultListableBeanFactory - Creating shared instance of singleton bean 'sslPropertiesSslBundleRegistrar'
2026-08-17 23:22:12 - o.s.b.f.s.DefaultListableBeanFactory - Creating shared instance of singleton bean 'fileWatcher'
2026-08-17 23:22:12 - o.s.b.f.s.DefaultListableBeanFactory - Autowiring by type from bean name 'sslPropertiesSslBundleRegistrar' via factory method to bean named 'fileWatcher'
2026-08-17 23:22:12 - o.s.b.f.s.DefaultListableBeanFactory - Creating shared instance of singleton bean 'webSocketWebServerCustomizer'
2026-08-17 23:22:12 - o.s.b.f.s.DefaultListableBeanFactory - Creating shared instance of singleton bean 'org.springframework.boot.tomcat.autoconfigure.TomcatWebServerConfiguration$TomcatWebSocketConfiguration'
2026-08-17 23:22:12 - o.s.b.f.s.DefaultListableBeanFactory - Creating shared instance of singleton bean 'tomcatWebServerFactoryCustomizer'
2026-08-17 23:22:12 - o.s.b.f.s.DefaultListableBeanFactory - Creating shared instance of singleton bean 'org.springframework.boot.tomcat.autoconfigure.TomcatWebServerConfiguration'
2026-08-17 23:22:12 - o.s.b.f.s.DefaultListableBeanFactory - Creating shared instance of singleton bean 'spring.web-org.springframework.boot.autoconfigure.web.WebProperties'
2026-08-17 23:22:12 - o.s.b.f.s.DefaultListableBeanFactory - Autowiring by type from bean name 'tomcatWebServerFactoryCustomizer' via factory method to bean named 'environment'
2026-08-17 23:22:12 - o.s.b.f.s.DefaultListableBeanFactory - Autowiring by type from bean name 'tomcatWebServerFactoryCustomizer' via factory method to bean named 'server-org.springframework.boot.web.server.autoconfigure.ServerProperties'
2026-08-17 23:22:12 - o.s.b.f.s.DefaultListableBeanFactory - Autowiring by type from bean name 'tomcatWebServerFactoryCustomizer' via factory method to bean named 'server.tomcat-org.springframework.boot.tomcat.autoconfigure.TomcatServerProperties'
2026-08-17 23:22:12 - o.s.b.f.s.DefaultListableBeanFactory - Autowiring by type from bean name 'tomcatWebServerFactoryCustomizer' via factory method to bean named 'spring.web-org.springframework.boot.autoconfigure.web.WebProperties'
2026-08-17 23:22:12 - o.s.b.f.s.DefaultListableBeanFactory - Creating shared instance of singleton bean 'tomcatServletWebServerFactoryCustomizer'
2026-08-17 23:22:12 - o.s.b.f.s.DefaultListableBeanFactory - Autowiring by type from bean name 'tomcatServletWebServerFactoryCustomizer' via factory method to bean named 'server.tomcat-org.springframework.boot.tomcat.autoconfigure.TomcatServerProperties'
2026-08-17 23:22:12 - o.s.b.f.s.DefaultListableBeanFactory - Creating shared instance of singleton bean 'errorPageCustomizer'
2026-08-17 23:22:12 - o.s.b.f.s.DefaultListableBeanFactory - Creating shared instance of singleton bean 'org.springframework.boot.webmvc.autoconfigure.error.ErrorMvcAutoConfiguration'
2026-08-17 23:22:12 - o.s.b.f.s.DefaultListableBeanFactory - Autowiring by type from bean name 'org.springframework.boot.webmvc.autoconfigure.error.ErrorMvcAutoConfiguration' via constructor to bean named 'spring.web-org.springframework.boot.autoconfigure.web.WebProperties'
2026-08-17 23:22:12 - o.s.b.f.s.DefaultListableBeanFactory - Creating shared instance of singleton bean 'dispatcherServletRegistration'
2026-08-17 23:22:12 - o.s.b.f.s.DefaultListableBeanFactory - Creating shared instance of singleton bean 'org.springframework.boot.webmvc.autoconfigure.DispatcherServletAutoConfiguration$DispatcherServletRegistrationConfiguration'
2026-08-17 23:22:12 - o.s.b.f.s.DefaultListableBeanFactory - Creating shared instance of singleton bean 'dispatcherServlet'
2026-08-17 23:22:12 - o.s.b.f.s.DefaultListableBeanFactory - Creating shared instance of singleton bean 'org.springframework.boot.webmvc.autoconfigure.DispatcherServletAutoConfiguration$DispatcherServletConfiguration'
2026-08-17 23:22:12 - o.s.b.f.s.DefaultListableBeanFactory - Creating shared instance of singleton bean 'spring.mvc-org.springframework.boot.webmvc.autoconfigure.WebMvcProperties'
2026-08-17 23:22:12 - o.s.b.f.s.DefaultListableBeanFactory - Autowiring by type from bean name 'dispatcherServlet' via factory method to bean named 'spring.mvc-org.springframework.boot.webmvc.autoconfigure.WebMvcProperties'
2026-08-17 23:22:12 - o.s.b.f.s.DefaultListableBeanFactory - Autowiring by type from bean name 'dispatcherServletRegistration' via factory method to bean named 'dispatcherServlet'
2026-08-17 23:22:12 - o.s.b.f.s.DefaultListableBeanFactory - Autowiring by type from bean name 'dispatcherServletRegistration' via factory method to bean named 'spring.mvc-org.springframework.boot.webmvc.autoconfigure.WebMvcProperties'
2026-08-17 23:22:12 - o.s.b.f.s.DefaultListableBeanFactory - Creating shared instance of singleton bean 'multipartConfigElement'
2026-08-17 23:22:12 - o.s.b.f.s.DefaultListableBeanFactory - Creating shared instance of singleton bean 'org.springframework.boot.servlet.autoconfigure.MultipartAutoConfiguration'
2026-08-17 23:22:12 - o.s.b.f.s.DefaultListableBeanFactory - Creating shared instance of singleton bean 'spring.servlet.multipart-org.springframework.boot.servlet.autoconfigure.MultipartProperties'
2026-08-17 23:22:12 - o.s.b.f.s.DefaultListableBeanFactory - Autowiring by type from bean name 'org.springframework.boot.servlet.autoconfigure.MultipartAutoConfiguration' via constructor to bean named 'spring.servlet.multipart-org.springframework.boot.servlet.autoconfigure.MultipartProperties'
2026-08-17 23:22:12 - o.s.b.f.s.DefaultListableBeanFactory - Autowiring by type from bean name 'errorPageCustomizer' via factory method to bean named 'dispatcherServletRegistration'
2026-08-17 23:22:12 - o.s.b.t.s.TomcatServletWebServerFactory - Code archive: /Users/rakeshkuratti/.m2/repository/org/springframework/boot/spring-boot-web-server/4.1.0/spring-boot-web-server-4.1.0.jar
2026-08-17 23:22:12 - o.s.b.t.s.TomcatServletWebServerFactory - Code archive: /Users/rakeshkuratti/.m2/repository/org/springframework/boot/spring-boot-web-server/4.1.0/spring-boot-web-server-4.1.0.jar
2026-08-17 23:22:12 - o.s.b.t.s.TomcatServletWebServerFactory - None of the document roots [src/main/webapp, public, static] point to a directory and will be ignored.
2026-08-17 23:22:12 - o.s.boot.tomcat.TomcatWebServer - Tomcat initialized with port 8082 (http)
2026-08-17 23:22:12 - o.a.coyote.http11.Http11NioProtocol - Initializing ProtocolHandler ["http-nio-8082"]
2026-08-17 23:22:12 - o.a.catalina.core.StandardService - Starting service [Tomcat]
2026-08-17 23:22:12 - o.a.catalina.core.StandardEngine - Starting Servlet engine: [Apache Tomcat/11.0.22]
2026-08-17 23:22:12 - o.s.b.w.c.s.WebApplicationContextInitializer - Published root WebApplicationContext as ServletContext attribute with name [org.springframework.web.context.WebApplicationContext.ROOT]
2026-08-17 23:22:12 - o.s.b.w.c.s.WebApplicationContextInitializer - Root WebApplicationContext: initialization completed in 1009 ms
2026-08-17 23:22:12 - o.s.b.f.s.DefaultListableBeanFactory - Creating shared instance of singleton bean 'requestContextFilter'
2026-08-17 23:22:12 - o.s.b.f.s.DefaultListableBeanFactory - Creating shared instance of singleton bean 'formContentFilter'
2026-08-17 23:22:12 - o.s.b.f.s.DefaultListableBeanFactory - Creating shared instance of singleton bean 'org.springframework.boot.webmvc.autoconfigure.WebMvcAutoConfiguration'
2026-08-17 23:22:12 - o.s.b.f.s.DefaultListableBeanFactory - Creating shared instance of singleton bean 'characterEncodingFilter'
2026-08-17 23:22:12 - o.s.b.f.s.DefaultListableBeanFactory - Creating shared instance of singleton bean 'org.springframework.boot.servlet.autoconfigure.HttpEncodingAutoConfiguration'
2026-08-17 23:22:12 - o.s.b.f.s.DefaultListableBeanFactory - Creating shared instance of singleton bean 'spring.servlet.encoding-org.springframework.boot.servlet.autoconfigure.ServletEncodingProperties'
2026-08-17 23:22:12 - o.s.b.f.s.DefaultListableBeanFactory - Autowiring by type from bean name 'characterEncodingFilter' via factory method to bean named 'spring.servlet.encoding-org.springframework.boot.servlet.autoconfigure.ServletEncodingProperties'
2026-08-17 23:22:12 - o.s.b.w.s.ServletContextInitializerBeans - Mapping filters: characterEncodingFilter urls=[/*] order=-2147483648, formContentFilter urls=[/*] order=-9900, requestContextFilter urls=[/*] order=-105
2026-08-17 23:22:12 - o.s.b.w.s.ServletContextInitializerBeans - Mapping servlets: dispatcherServlet urls=[/]
2026-08-17 23:22:12 - o.s.b.s.f.OrderedRequestContextFilter - Filter 'requestContextFilter' configured for use
2026-08-17 23:22:12 - o.s.b.s.f.OrderedCharacterEncodingFilter - Filter 'characterEncodingFilter' configured for use
2026-08-17 23:22:12 - o.s.b.s.f.OrderedFormContentFilter - Filter 'formContentFilter' configured for use
2026-08-17 23:22:12 - o.s.b.f.s.DefaultListableBeanFactory - Creating shared instance of singleton bean 'applicationTaskExecutor'
2026-08-17 23:22:12 - o.s.b.f.s.DefaultListableBeanFactory - Creating shared instance of singleton bean 'org.springframework.boot.autoconfigure.task.TaskExecutorConfigurations$TaskExecutorConfiguration'
2026-08-17 23:22:12 - o.s.b.f.s.DefaultListableBeanFactory - Creating shared instance of singleton bean 'threadPoolTaskExecutorBuilder'
2026-08-17 23:22:12 - o.s.b.f.s.DefaultListableBeanFactory - Creating shared instance of singleton bean 'org.springframework.boot.autoconfigure.task.TaskExecutorConfigurations$ThreadPoolTaskExecutorBuilderConfiguration'
2026-08-17 23:22:12 - o.s.b.f.s.DefaultListableBeanFactory - Creating shared instance of singleton bean 'spring.task.execution-org.springframework.boot.autoconfigure.task.TaskExecutionProperties'
2026-08-17 23:22:12 - o.s.b.f.s.DefaultListableBeanFactory - Autowiring by type from bean name 'threadPoolTaskExecutorBuilder' via factory method to bean named 'spring.task.execution-org.springframework.boot.autoconfigure.task.TaskExecutionProperties'
2026-08-17 23:22:12 - o.s.b.f.s.DefaultListableBeanFactory - Autowiring by type from bean name 'applicationTaskExecutor' via factory method to bean named 'threadPoolTaskExecutorBuilder'
2026-08-17 23:22:12 - o.s.s.c.ThreadPoolTaskExecutor - Initializing ExecutorService 'applicationTaskExecutor'
2026-08-17 23:22:12 - o.s.b.f.s.DefaultListableBeanFactory - Creating shared instance of singleton bean 'dataSourceScriptDatabaseInitializer'
2026-08-17 23:22:12 - o.s.b.f.s.DefaultListableBeanFactory - Creating shared instance of singleton bean 'org.springframework.boot.jdbc.autoconfigure.DataSourceInitializationAutoConfiguration'
2026-08-17 23:22:12 - o.s.b.f.s.DefaultListableBeanFactory - Creating shared instance of singleton bean 'dataSource'
2026-08-17 23:22:12 - o.s.b.f.s.DefaultListableBeanFactory - Creating shared instance of singleton bean 'org.springframework.boot.jdbc.autoconfigure.DataSourceConfiguration$Hikari'
2026-08-17 23:22:12 - o.s.b.f.s.DefaultListableBeanFactory - Creating shared instance of singleton bean 'spring.datasource-org.springframework.boot.jdbc.autoconfigure.DataSourceProperties'
2026-08-17 23:22:12 - o.s.b.f.s.DefaultListableBeanFactory - Creating shared instance of singleton bean 'jdbcConnectionDetails'
2026-08-17 23:22:12 - o.s.b.f.s.DefaultListableBeanFactory - Creating shared instance of singleton bean 'org.springframework.boot.jdbc.autoconfigure.DataSourceAutoConfiguration$PooledDataSourceConfiguration'
2026-08-17 23:22:12 - o.s.b.f.s.DefaultListableBeanFactory - Autowiring by type from bean name 'jdbcConnectionDetails' via factory method to bean named 'spring.datasource-org.springframework.boot.jdbc.autoconfigure.DataSourceProperties'
2026-08-17 23:22:12 - o.s.b.f.s.DefaultListableBeanFactory - Autowiring by type from bean name 'dataSource' via factory method to bean named 'spring.datasource-org.springframework.boot.jdbc.autoconfigure.DataSourceProperties'
2026-08-17 23:22:12 - o.s.b.f.s.DefaultListableBeanFactory - Autowiring by type from bean name 'dataSource' via factory method to bean named 'jdbcConnectionDetails'
2026-08-17 23:22:12 - o.s.b.f.s.DefaultListableBeanFactory - Autowiring by type from bean name 'dataSource' via factory method to bean named 'environment'
2026-08-17 23:22:12 - com.zaxxer.hikari.util.UtilityElf - Class com.mysql.cj.jdbc.Driver found in Thread context class loader jdk.internal.loader.ClassLoaders$AppClassLoader@14dad5dc
2026-08-17 23:22:12 - o.s.b.f.s.DefaultListableBeanFactory - Creating shared instance of singleton bean 'spring.sql.init-org.springframework.boot.sql.autoconfigure.init.SqlInitializationProperties'
2026-08-17 23:22:12 - o.s.b.f.s.DefaultListableBeanFactory - Autowiring by type from bean name 'dataSourceScriptDatabaseInitializer' via factory method to bean named 'dataSource'
2026-08-17 23:22:12 - o.s.b.f.s.DefaultListableBeanFactory - Autowiring by type from bean name 'dataSourceScriptDatabaseInitializer' via factory method to bean named 'spring.sql.init-org.springframework.boot.sql.autoconfigure.init.SqlInitializationProperties'
2026-08-17 23:22:12 - o.s.b.f.s.DefaultListableBeanFactory - Creating shared instance of singleton bean 'entityManagerFactory'
2026-08-17 23:22:12 - o.s.b.f.s.DefaultListableBeanFactory - Creating shared instance of singleton bean 'org.springframework.boot.hibernate.autoconfigure.HibernateJpaConfiguration'
2026-08-17 23:22:12 - o.s.b.f.s.DefaultListableBeanFactory - Creating shared instance of singleton bean 'spring.jpa-org.springframework.boot.jpa.autoconfigure.JpaProperties'
2026-08-17 23:22:12 - o.s.b.f.s.DefaultListableBeanFactory - Creating shared instance of singleton bean 'spring.jpa.hibernate-org.springframework.boot.hibernate.autoconfigure.HibernateProperties'
2026-08-17 23:22:12 - o.s.b.f.s.DefaultListableBeanFactory - Autowiring by type from bean name 'org.springframework.boot.hibernate.autoconfigure.HibernateJpaConfiguration' via constructor to bean named 'dataSource'
2026-08-17 23:22:12 - o.s.b.f.s.DefaultListableBeanFactory - Autowiring by type from bean name 'org.springframework.boot.hibernate.autoconfigure.HibernateJpaConfiguration' via constructor to bean named 'spring.jpa-org.springframework.boot.jpa.autoconfigure.JpaProperties'
2026-08-17 23:22:12 - o.s.b.f.s.DefaultListableBeanFactory - Autowiring by type from bean name 'org.springframework.boot.hibernate.autoconfigure.HibernateJpaConfiguration' via constructor to bean named 'spring.jpa.hibernate-org.springframework.boot.hibernate.autoconfigure.HibernateProperties'
2026-08-17 23:22:12 - o.s.b.f.s.DefaultListableBeanFactory - Creating shared instance of singleton bean 'hikariPoolDataSourceMetadataProvider'
2026-08-17 23:22:12 - o.s.b.f.s.DefaultListableBeanFactory - Creating shared instance of singleton bean 'org.springframework.boot.jdbc.autoconfigure.DataSourcePoolMetadataProvidersConfiguration$HikariPoolDataSourceMetadataProviderConfiguration'
2026-08-17 23:22:12 - o.s.b.f.s.DefaultListableBeanFactory - Creating shared instance of singleton bean 'entityManagerFactoryBuilder'
2026-08-17 23:22:12 - o.s.b.f.s.DefaultListableBeanFactory - Creating shared instance of singleton bean 'jpaVendorAdapter'
2026-08-17 23:22:12 - o.s.b.f.s.DefaultListableBeanFactory - Autowiring by type from bean name 'entityManagerFactoryBuilder' via factory method to bean named 'jpaVendorAdapter'
2026-08-17 23:22:12 - o.s.b.f.s.DefaultListableBeanFactory - Autowiring by type from bean name 'entityManagerFactoryBuilder' via factory method to bean named 'applicationTaskExecutor'
2026-08-17 23:22:12 - o.s.b.f.s.DefaultListableBeanFactory - Creating shared instance of singleton bean 'persistenceManagedTypes'
2026-08-17 23:22:12 - o.s.b.f.s.DefaultListableBeanFactory - Autowiring by type from bean name 'persistenceManagedTypes' via factory method to bean named 'org.springframework.beans.factory.support.DefaultListableBeanFactory@290b1b2e'
2026-08-17 23:22:12 - o.s.b.f.s.DefaultListableBeanFactory - Autowiring by type from bean name 'persistenceManagedTypes' via factory method to bean named 'org.springframework.boot.web.server.servlet.context.AnnotationConfigServletWebServerApplicationContext@1951b871'
2026-08-17 23:22:12 - o.s.b.f.s.DefaultListableBeanFactory - Autowiring by type from bean name 'entityManagerFactory' via factory method to bean named 'entityManagerFactoryBuilder'
2026-08-17 23:22:12 - o.s.b.f.s.DefaultListableBeanFactory - Autowiring by type from bean name 'entityManagerFactory' via factory method to bean named 'persistenceManagedTypes'
2026-08-17 23:22:12 - o.s.o.j.LocalContainerEntityManagerFactoryBean - Building JPA container EntityManagerFactory for persistence unit 'default'
2026-08-17 23:22:12 - org.hibernate.orm.jpa - HHH008541: PersistenceUnitInfo [
	name: default
	persistence provider classname: null
	classloader: jdk.internal.loader.ClassLoaders$AppClassLoader@14dad5dc
	excludeUnlistedClasses: true
	JTA datasource: null
	Non JTA datasource: HikariDataSource (null)
	Transaction type: RESOURCE_LOCAL
	PU root URL: file:/Users/rakeshkuratti/Desktop/Projcts/ExpenseTracker/target/classes/
	Shared Cache Mode: UNSPECIFIED
	Validation Mode: AUTO
	Jar files URLs []
	Managed classes names [
		com.rakesh.ExpenseTracker.entity.Expense]
	Mapping files names []
	Properties []
2026-08-17 23:22:12 - org.hibernate.orm.service - HHH010455: Adding integrator: org.hibernate.boot.beanvalidation.BeanValidationIntegrator
2026-08-17 23:22:12 - org.hibernate.orm.service - HHH010455: Adding integrator: org.hibernate.cache.internal.CollectionCacheInvalidator
2026-08-17 23:22:12 - org.hibernate.orm.core - HHH000001: Hibernate ORM core version 7.4.1.Final
2026-08-17 23:22:12 - org.hibernate.orm.core - HHH000206: 'hibernate.properties' not found
2026-08-17 23:22:12 - o.s.o.j.h.SpringBeanContainer - Falling back to Hibernate's default producer after bean creation failure for interface org.hibernate.engine.jdbc.connections.spi.MultiTenantConnectionProvider: org.springframework.beans.factory.BeanCreationException: Error creating bean with name 'org.hibernate.engine.jdbc.connections.spi.MultiTenantConnectionProvider': Failed to instantiate [org.hibernate.engine.jdbc.connections.spi.MultiTenantConnectionProvider]: Specified class is an interface
2026-08-17 23:22:12 - org.hibernate.orm.cache - HHH90001031: Cannot default RegionFactory since no RegionFactory strategies were registered
2026-08-17 23:22:12 - org.hibernate.orm.cache - HHH90001029: Second-level cache disabled
2026-08-17 23:22:13 - o.s.o.j.p.SpringPersistenceUnitInfo - No LoadTimeWeaver setup: ignoring JPA class transformer
2026-08-17 23:22:13 - com.zaxxer.hikari.HikariConfig - HikariPool-1 - configuration:
2026-08-17 23:22:13 - com.zaxxer.hikari.HikariConfig - allowPoolSuspension.............false
2026-08-17 23:22:13 - com.zaxxer.hikari.HikariConfig - autoCommit......................true
2026-08-17 23:22:13 - com.zaxxer.hikari.HikariConfig - catalog.........................none
2026-08-17 23:22:13 - com.zaxxer.hikari.HikariConfig - connectionInitSql...............none
2026-08-17 23:22:13 - com.zaxxer.hikari.HikariConfig - connectionTestQuery.............none
2026-08-17 23:22:13 - com.zaxxer.hikari.HikariConfig - connectionTimeout...............30000
2026-08-17 23:22:13 - com.zaxxer.hikari.HikariConfig - credentials.....................com.zaxxer.hikari.util.Credentials@6c421123
2026-08-17 23:22:13 - com.zaxxer.hikari.HikariConfig - credentialsProvider.............none
2026-08-17 23:22:13 - com.zaxxer.hikari.HikariConfig - credentialsProviderClassName....none
2026-08-17 23:22:13 - com.zaxxer.hikari.HikariConfig - dataSource......................none
2026-08-17 23:22:13 - com.zaxxer.hikari.HikariConfig - dataSourceClassName.............none
2026-08-17 23:22:13 - com.zaxxer.hikari.HikariConfig - dataSourceJNDI..................none
2026-08-17 23:22:13 - com.zaxxer.hikari.HikariConfig - dataSourceProperties............{password=<masked>}
2026-08-17 23:22:13 - com.zaxxer.hikari.HikariConfig - driverClassName................."com.mysql.cj.jdbc.Driver"
2026-08-17 23:22:13 - com.zaxxer.hikari.HikariConfig - exceptionOverride...............none
2026-08-17 23:22:13 - com.zaxxer.hikari.HikariConfig - exceptionOverrideClassName......none
2026-08-17 23:22:13 - com.zaxxer.hikari.HikariConfig - healthCheckProperties...........{}
2026-08-17 23:22:13 - com.zaxxer.hikari.HikariConfig - healthCheckRegistry.............none
2026-08-17 23:22:13 - com.zaxxer.hikari.HikariConfig - idleTimeout.....................600000
2026-08-17 23:22:13 - com.zaxxer.hikari.HikariConfig - initializationFailTimeout.......1
2026-08-17 23:22:13 - com.zaxxer.hikari.HikariConfig - isolateInternalQueries..........false
2026-08-17 23:22:13 - com.zaxxer.hikari.HikariConfig - jdbcUrl.........................jdbc:mysql://localhost:3306/ExpenseTracker
2026-08-17 23:22:13 - com.zaxxer.hikari.HikariConfig - keepaliveTime...................120000
2026-08-17 23:22:13 - com.zaxxer.hikari.HikariConfig - leakDetectionThreshold..........0
2026-08-17 23:22:13 - com.zaxxer.hikari.HikariConfig - maxLifetime.....................1800000
2026-08-17 23:22:13 - com.zaxxer.hikari.HikariConfig - maximumPoolSize.................10
2026-08-17 23:22:13 - com.zaxxer.hikari.HikariConfig - metricRegistry..................none
2026-08-17 23:22:13 - com.zaxxer.hikari.HikariConfig - metricsTrackerFactory...........none
2026-08-17 23:22:13 - com.zaxxer.hikari.HikariConfig - minimumIdle.....................10
2026-08-17 23:22:13 - com.zaxxer.hikari.HikariConfig - password........................<masked>
2026-08-17 23:22:13 - com.zaxxer.hikari.HikariConfig - poolName........................"HikariPool-1"
2026-08-17 23:22:13 - com.zaxxer.hikari.HikariConfig - readOnly........................false
2026-08-17 23:22:13 - com.zaxxer.hikari.HikariConfig - registerMbeans..................false
2026-08-17 23:22:13 - com.zaxxer.hikari.HikariConfig - scheduledExecutor...............none
2026-08-17 23:22:13 - com.zaxxer.hikari.HikariConfig - schema..........................none
2026-08-17 23:22:13 - com.zaxxer.hikari.HikariConfig - threadFactory...................internal
2026-08-17 23:22:13 - com.zaxxer.hikari.HikariConfig - transactionIsolation............default
2026-08-17 23:22:13 - com.zaxxer.hikari.HikariConfig - username........................"root"
2026-08-17 23:22:13 - com.zaxxer.hikari.HikariConfig - validationTimeout...............5000
2026-08-17 23:22:13 - com.zaxxer.hikari.HikariDataSource - HikariPool-1 - Starting...
2026-08-17 23:22:13 - com.zaxxer.hikari.pool.PoolBase - HikariPool-1 - Attempting to create/setup new connection (f2f77137-6453-4a56-a201-e4a50cd41665)
2026-08-17 23:22:13 - com.zaxxer.hikari.pool.PoolBase - HikariPool-1 - Established new connection (f2f77137-6453-4a56-a201-e4a50cd41665)
2026-08-17 23:22:13 - com.zaxxer.hikari.pool.HikariPool - HikariPool-1 - Added connection com.mysql.cj.jdbc.ConnectionImpl@71285693
2026-08-17 23:22:13 - com.zaxxer.hikari.HikariDataSource - HikariPool-1 - Start completed.
2026-08-17 23:22:13 - org.hibernate.orm.jdbc - HHH100017: Database:
	name: MySQL
	version: 8.0.45
	major: 8
	minor: 0
2026-08-17 23:22:13 - org.hibernate.orm.jdbc - HHH100018: Driver:
	name: MySQL Connector/J
	version: mysql-connector-j-9.7.0 (Revision: 0aade1f13bcc98faf7dda5c02e782481eb291f62)
	major: 9
	minor: 7
	JDBC version: 4.2
2026-08-17 23:22:13 - org.hibernate.orm.deprecation - HHH90000025: MySQLDialect does not need to be specified explicitly using 'hibernate.dialect' (remove the property setting and it will be selected by default)
2026-08-17 23:22:13 - org.hibernate.orm.dialect - HHH035001: Using dialect: org.hibernate.dialect.MySQLDialect, version: 8.0.45
2026-08-17 23:22:13 - o.h.e.j.e.s.IdentifierHelperBuilder - IdentifierCaseStrategy for both quoted and unquoted identifiers was set to the same strategy [MIXED]; that will likely lead to problems in schema update and validation if using quoted identifiers
2026-08-17 23:22:13 - org.hibernate.orm.jdbc - HHH100122: Using default JDBC fetch size: 0
2026-08-17 23:22:13 - o.hibernate.orm.connections.pooling - HHH10001005: Database info:
	Database JDBC URL [jdbc:mysql://localhost:3306/ExpenseTracker]
	Database driver: MySQL Connector/J
	Database dialect: MySQLDialect
	Database version: 8.0.45
	Default catalog/schema: ExpenseTracker/undefined
	Autocommit mode: undefined/unknown
	Isolation level: REPEATABLE_READ [default REPEATABLE_READ]
	JDBC fetch size: none
	Pool: DataSourceConnectionProvider
	Minimum pool size: undefined/unknown
	Maximum pool size: undefined/unknown
2026-08-17 23:22:13 - com.zaxxer.hikari.pool.HikariPool - HikariPool-1 - Pool stats (total=1/10, idle=1/10, active=0, waiting=0)
2026-08-17 23:22:13 - com.zaxxer.hikari.pool.PoolBase - HikariPool-1 - Attempting to create/setup new connection (1979b26a-cddd-4b75-b5a3-a9db26dafe79)
2026-08-17 23:22:13 - com.zaxxer.hikari.pool.PoolBase - HikariPool-1 - Established new connection (1979b26a-cddd-4b75-b5a3-a9db26dafe79)
2026-08-17 23:22:13 - com.zaxxer.hikari.pool.HikariPool - HikariPool-1 - Added connection com.mysql.cj.jdbc.ConnectionImpl@5e49feb6
2026-08-17 23:22:13 - com.zaxxer.hikari.pool.HikariPool - HikariPool-1 - After adding stats (total=2/10, idle=2/10, active=0, waiting=0)
2026-08-17 23:22:13 - com.zaxxer.hikari.pool.PoolBase - HikariPool-1 - Attempting to create/setup new connection (25352f0c-4c5a-42f5-b969-9f43efcdb27a)
2026-08-17 23:22:13 - com.zaxxer.hikari.pool.PoolBase - HikariPool-1 - Established new connection (25352f0c-4c5a-42f5-b969-9f43efcdb27a)
2026-08-17 23:22:13 - com.zaxxer.hikari.pool.HikariPool - HikariPool-1 - Added connection com.mysql.cj.jdbc.ConnectionImpl@1f74f48d
2026-08-17 23:22:13 - com.zaxxer.hikari.pool.HikariPool - HikariPool-1 - After adding stats (total=3/10, idle=3/10, active=0, waiting=0)
2026-08-17 23:22:13 - com.zaxxer.hikari.pool.PoolBase - HikariPool-1 - Attempting to create/setup new connection (1de006a8-f3c8-4179-949d-d266747941b9)
2026-08-17 23:22:14 - o.s.o.j.h.SpringBeanContainer - Falling back to Hibernate's default producer after bean creation failure for interface org.hibernate.context.spi.CurrentTenantIdentifierResolver: org.springframework.beans.factory.NoSuchBeanDefinitionException: No qualifying bean of type 'org.hibernate.context.spi.CurrentTenantIdentifierResolver<?>' available
2026-08-17 23:22:14 - o.s.o.j.h.SpringBeanContainer - Falling back to Hibernate's default producer after bean creation failure for interface org.hibernate.context.spi.TenantSchemaMapper: org.springframework.beans.factory.NoSuchBeanDefinitionException: No qualifying bean of type 'org.hibernate.context.spi.TenantSchemaMapper<?>' available
2026-08-17 23:22:14 - o.s.o.j.h.SpringBeanContainer - Falling back to Hibernate's default producer after bean creation failure for interface org.hibernate.context.spi.TenantCredentialsMapper: org.springframework.beans.factory.NoSuchBeanDefinitionException: No qualifying bean of type 'org.hibernate.context.spi.TenantCredentialsMapper<?>' available
2026-08-17 23:22:14 - com.zaxxer.hikari.pool.PoolBase - HikariPool-1 - Established new connection (1de006a8-f3c8-4179-949d-d266747941b9)
2026-08-17 23:22:14 - com.zaxxer.hikari.pool.HikariPool - HikariPool-1 - Added connection com.mysql.cj.jdbc.ConnectionImpl@2ea1680f
2026-08-17 23:22:14 - com.zaxxer.hikari.pool.HikariPool - HikariPool-1 - After adding stats (total=4/10, idle=4/10, active=0, waiting=0)
2026-08-17 23:22:14 - com.zaxxer.hikari.pool.PoolBase - HikariPool-1 - Attempting to create/setup new connection (010823ca-0c7a-41b6-bcd9-4c75d14a6599)
2026-08-17 23:22:14 - org.hibernate.orm.factory - HHH90020001: Instantiating factory [b687e3dd-1eb7-4096-a8ac-79ed75cb4714] with settings: {hibernate.format_sql=true, java.specification.version=25, hibernate.resource.beans.container=org.springframework.orm.jpa.hibernate.SpringBeanContainer@55e4dd68, hibernate.connection.handling_mode=DELAYED_ACQUISITION_AND_HOLD, sun.jnu.encoding=UTF-8, hibernate.dialect=org.hibernate.dialect.MySQLDialect, hibernate.implicit_naming_strategy=org.springframework.boot.hibernate.SpringImplicitNamingStrategy, java.class.path=/Users/rakeshkuratti/Desktop/Projcts/ExpenseTracker/target/classes:/Users/rakeshkuratti/.m2/repository/org/springframework/boot/spring-boot-starter-data-jpa/4.1.0/spring-boot-starter-data-jpa-4.1.0.jar:/Users/rakeshkuratti/.m2/repository/org/springframework/boot/spring-boot-starter/4.1.0/spring-boot-starter-4.1.0.jar:/Users/rakeshkuratti/.m2/repository/org/springframework/boot/spring-boot-starter-logging/4.1.0/spring-boot-starter-logging-4.1.0.jar:/Users/rakeshkuratti/.m2/repository/ch/qos/logback/logback-classic/1.5.34/logback-classic-1.5.34.jar:/Users/rakeshkuratti/.m2/repository/ch/qos/logback/logback-core/1.5.34/logback-core-1.5.34.jar:/Users/rakeshkuratti/.m2/repository/org/apache/logging/log4j/log4j-to-slf4j/2.25.4/log4j-to-slf4j-2.25.4.jar:/Users/rakeshkuratti/.m2/repository/org/apache/logging/log4j/log4j-api/2.25.4/log4j-api-2.25.4.jar:/Users/rakeshkuratti/.m2/repository/org/slf4j/jul-to-slf4j/2.0.18/jul-to-slf4j-2.0.18.jar:/Users/rakeshkuratti/.m2/repository/org/springframework/boot/spring-boot-autoconfigure/4.1.0/spring-boot-autoconfigure-4.1.0.jar:/Users/rakeshkuratti/.m2/repository/jakarta/annotation/jakarta.annotation-api/3.0.0/jakarta.annotation-api-3.0.0.jar:/Users/rakeshkuratti/.m2/repository/org/yaml/snakeyaml/2.6/snakeyaml-2.6.jar:/Users/rakeshkuratti/.m2/repository/org/springframework/boot/spring-boot-starter-jdbc/4.1.0/spring-boot-starter-jdbc-4.1.0.jar:/Users/rakeshkuratti/.m2/repository/com/zaxxer/HikariCP/7.0.2/HikariCP-7.0.2.jar:/Users/rakeshkuratti/.m2/repository/org/slf4j/slf4j-api/2.0.18/slf4j-api-2.0.18.jar:/Users/rakeshkuratti/.m2/repository/org/springframework/boot/spring-boot-data-jpa/4.1.0/spring-boot-data-jpa-4.1.0.jar:/Users/rakeshkuratti/.m2/repository/org/springframework/boot/spring-boot-data-commons/4.1.0/spring-boot-data-commons-4.1.0.jar:/Users/rakeshkuratti/.m2/repository/org/springframework/boot/spring-boot-persistence/4.1.0/spring-boot-persistence-4.1.0.jar:/Users/rakeshkuratti/.m2/repository/org/springframework/data/spring-data-commons/4.1.0/spring-data-commons-4.1.0.jar:/Users/rakeshkuratti/.m2/repository/org/springframework/boot/spring-boot-hibernate/4.1.0/spring-boot-hibernate-4.1.0.jar:/Users/rakeshkuratti/.m2/repository/org/springframework/boot/spring-boot-jpa/4.1.0/spring-boot-jpa-4.1.0.jar:/Users/rakeshkuratti/.m2/repository/jakarta/persistence/jakarta.persistence-api/3.2.0/jakarta.persistence-api-3.2.0.jar:/Users/rakeshkuratti/.m2/repository/org/hibernate/orm/hibernate-core/7.4.1.Final/hibernate-core-7.4.1.Final.jar:/Users/rakeshkuratti/.m2/repository/jakarta/transaction/jakarta.transaction-api/2.0.1/jakarta.transaction-api-2.0.1.jar:/Users/rakeshkuratti/.m2/repository/org/hibernate/models/hibernate-models/1.1.1/hibernate-models-1.1.1.jar:/Users/rakeshkuratti/.m2/repository/org/glassfish/jaxb/jaxb-runtime/4.0.9/jaxb-runtime-4.0.9.jar:/Users/rakeshkuratti/.m2/repository/org/glassfish/jaxb/jaxb-core/4.0.9/jaxb-core-4.0.9.jar:/Users/rakeshkuratti/.m2/repository/org/eclipse/angus/angus-activation/2.0.3/angus-activation-2.0.3.jar:/Users/rakeshkuratti/.m2/repository/org/glassfish/jaxb/txw2/4.0.9/txw2-4.0.9.jar:/Users/rakeshkuratti/.m2/repository/com/sun/istack/istack-commons-runtime/4.1.2/istack-commons-runtime-4.1.2.jar:/Users/rakeshkuratti/.m2/repository/jakarta/inject/jakarta.inject-api/2.0.1/jakarta.inject-api-2.0.1.jar:/Users/rakeshkuratti/.m2/repository/org/springframework/spring-orm/7.0.8/spring-orm-7.0.8.jar:/Users/rakeshkuratti/.m2/repository/org/springframework/data/spring-data-jpa/4.1.0/spring-data-jpa-4.1.0.jar:/Users/rakeshkuratti/.m2/repository/org/springframework/spring-context/7.0.8/spring-context-7.0.8.jar:/Users/rakeshkuratti/.m2/repository/org/springframework/spring-aop/7.0.8/spring-aop-7.0.8.jar:/Users/rakeshkuratti/.m2/repository/org/springframework/spring-tx/7.0.8/spring-tx-7.0.8.jar:/Users/rakeshkuratti/.m2/repository/org/springframework/spring-beans/7.0.8/spring-beans-7.0.8.jar:/Users/rakeshkuratti/.m2/repository/org/antlr/antlr4-runtime/4.13.2/antlr4-runtime-4.13.2.jar:/Users/rakeshkuratti/.m2/repository/org/springframework/spring-aspects/7.0.8/spring-aspects-7.0.8.jar:/Users/rakeshkuratti/.m2/repository/org/aspectj/aspectjweaver/1.9.25.1/aspectjweaver-1.9.25.1.jar:/Users/rakeshkuratti/.m2/repository/org/springframework/boot/spring-boot-jdbc/4.1.0/spring-boot-jdbc-4.1.0.jar:/Users/rakeshkuratti/.m2/repository/org/springframework/boot/spring-boot/4.1.0/spring-boot-4.1.0.jar:/Users/rakeshkuratti/.m2/repository/org/springframework/boot/spring-boot-sql/4.1.0/spring-boot-sql-4.1.0.jar:/Users/rakeshkuratti/.m2/repository/org/springframework/boot/spring-boot-transaction/4.1.0/spring-boot-transaction-4.1.0.jar:/Users/rakeshkuratti/.m2/repository/org/springframework/spring-jdbc/7.0.8/spring-jdbc-7.0.8.jar:/Users/rakeshkuratti/.m2/repository/org/springframework/boot/spring-boot-starter-validation/4.1.0/spring-boot-starter-validation-4.1.0.jar:/Users/rakeshkuratti/.m2/repository/org/springframework/boot/spring-boot-validation/4.1.0/spring-boot-validation-4.1.0.jar:/Users/rakeshkuratti/.m2/repository/org/apache/tomcat/embed/tomcat-embed-el/11.0.22/tomcat-embed-el-11.0.22.jar:/Users/rakeshkuratti/.m2/repository/org/hibernate/validator/hibernate-validator/9.1.0.Final/hibernate-validator-9.1.0.Final.jar:/Users/rakeshkuratti/.m2/repository/jakarta/validation/jakarta.validation-api/3.1.1/jakarta.validation-api-3.1.1.jar:/Users/rakeshkuratti/.m2/repository/org/jboss/logging/jboss-logging/3.6.3.Final/jboss-logging-3.6.3.Final.jar:/Users/rakeshkuratti/.m2/repository/com/fasterxml/classmate/1.7.3/classmate-1.7.3.jar:/Users/rakeshkuratti/.m2/repository/org/springframework/boot/spring-boot-starter-webmvc/4.1.0/spring-boot-starter-webmvc-4.1.0.jar:/Users/rakeshkuratti/.m2/repository/org/springframework/boot/spring-boot-starter-jackson/4.1.0/spring-boot-starter-jackson-4.1.0.jar:/Users/rakeshkuratti/.m2/repository/org/springframework/boot/spring-boot-jackson/4.1.0/spring-boot-jackson-4.1.0.jar:/Users/rakeshkuratti/.m2/repository/tools/jackson/core/jackson-databind/3.1.4/jackson-databind-3.1.4.jar:/Users/rakeshkuratti/.m2/repository/com/fasterxml/jackson/core/jackson-annotations/2.21/jackson-annotations-2.21.jar:/Users/rakeshkuratti/.m2/repository/tools/jackson/core/jackson-core/3.1.4/jackson-core-3.1.4.jar:/Users/rakeshkuratti/.m2/repository/org/springframework/boot/spring-boot-starter-tomcat/4.1.0/spring-boot-starter-tomcat-4.1.0.jar:/Users/rakeshkuratti/.m2/repository/org/springframework/boot/spring-boot-starter-tomcat-runtime/4.1.0/spring-boot-starter-tomcat-runtime-4.1.0.jar:/Users/rakeshkuratti/.m2/repository/org/apache/tomcat/embed/tomcat-embed-core/11.0.22/tomcat-embed-core-11.0.22.jar:/Users/rakeshkuratti/.m2/repository/org/apache/tomcat/embed/tomcat-embed-websocket/11.0.22/tomcat-embed-websocket-11.0.22.jar:/Users/rakeshkuratti/.m2/repository/org/springframework/boot/spring-boot-tomcat/4.1.0/spring-boot-tomcat-4.1.0.jar:/Users/rakeshkuratti/.m2/repository/org/springframework/boot/spring-boot-http-converter/4.1.0/spring-boot-http-converter-4.1.0.jar:/Users/rakeshkuratti/.m2/repository/org/springframework/spring-web/7.0.8/spring-web-7.0.8.jar:/Users/rakeshkuratti/.m2/repository/io/micrometer/micrometer-observation/1.17.0/micrometer-observation-1.17.0.jar:/Users/rakeshkuratti/.m2/repository/io/micrometer/micrometer-commons/1.17.0/micrometer-commons-1.17.0.jar:/Users/rakeshkuratti/.m2/repository/org/springframework/boot/spring-boot-webmvc/4.1.0/spring-boot-webmvc-4.1.0.jar:/Users/rakeshkuratti/.m2/repository/org/springframework/boot/spring-boot-servlet/4.1.0/spring-boot-servlet-4.1.0.jar:/Users/rakeshkuratti/.m2/repository/org/springframework/spring-webmvc/7.0.8/spring-webmvc-7.0.8.jar:/Users/rakeshkuratti/.m2/repository/org/springframework/spring-expression/7.0.8/spring-expression-7.0.8.jar:/Users/rakeshkuratti/.m2/repository/com/mysql/mysql-connector-j/9.7.0/mysql-connector-j-9.7.0.jar:/Users/rakeshkuratti/.m2/repository/org/projectlombok/lombok/1.18.46/lombok-1.18.46.jar:/Users/rakeshkuratti/.m2/repository/jakarta/xml/bind/jakarta.xml.bind-api/4.0.5/jakarta.xml.bind-api-4.0.5.jar:/Users/rakeshkuratti/.m2/repository/jakarta/activation/jakarta.activation-api/2.1.4/jakarta.activation-api-2.1.4.jar:/Users/rakeshkuratti/.m2/repository/net/bytebuddy/byte-buddy/1.18.10/byte-buddy-1.18.10.jar:/Users/rakeshkuratti/.m2/repository/org/springframework/spring-core/7.0.8/spring-core-7.0.8.jar:/Users/rakeshkuratti/.m2/repository/commons-logging/commons-logging/1.3.6/commons-logging-1.3.6.jar:/Users/rakeshkuratti/.m2/repository/org/jspecify/jspecify/1.0.0/jspecify-1.0.0.jar:/Users/rakeshkuratti/.m2/repository/org/springframework/boot/spring-boot-web-server/4.1.0/spring-boot-web-server-4.1.0.jar, java.vm.vendor=Oracle Corporation, sun.arch.data.model=64, catalina.useNaming=false, java.vendor.url=https://java.oracle.com/, user.timezone=Asia/Kolkata, jakarta.persistence.sharedCache.mode=UNSPECIFIED, org.jboss.logging.provider=slf4j, os.name=Mac OS X, java.vm.specification.version=25, APPLICATION_NAME=ExpenseTracker, jakarta.persistence.nonJtaDataSource=HikariDataSource (HikariPool-1), user.country=US, sun.java.launcher=SUN_STANDARD, sun.boot.library.path=/Library/Java/JavaVirtualMachines/jdk-25.jdk/Contents/Home/lib, sun.java.command=com.rakesh.ExpenseTracker.ExpenseTrackerApplication, javax.persistence.nonJtaDataSource=HikariDataSource (HikariPool-1), http.nonProxyHosts=local|*.local|169.254/16|*.169.254/16, jdk.debug=release, sun.cpu.endian=little, hibernate.cdi.extensions=true, user.home=/Users/rakeshkuratti, user.language=en, sun.stderr.encoding=UTF-8, java.specification.vendor=Oracle Corporation, java.version.date=2026-01-20, java.home=/Library/Java/JavaVirtualMachines/jdk-25.jdk/Contents/Home, file.separator=/, java.vm.compressedOopsMode=Zero based, sun.stdout.encoding=UTF-8, line.separator=
, hibernate.persistenceUnitName=default, java.vm.specification.vendor=Oracle Corporation, java.specification.name=Java Platform API Specification, FILE_LOG_CHARSET=UTF-8, hibernate.transaction.coordinator_class=class org.hibernate.resource.transaction.backend.jdbc.internal.JdbcResourceLocalTransactionCoordinatorBuilderImpl, java.awt.headless=true, apple.awt.application.name=ExpenseTrackerApplication, jakarta.persistence.validation.mode=AUTO, hibernate.hbm2ddl.auto=update, sun.management.compiler=HotSpot 64-Bit Tiered Compilers, ftp.nonProxyHosts=local|*.local|169.254/16|*.169.254/16, java.runtime.version=25.0.2+10-LTS-69, user.name=rakeshkuratti, stdout.encoding=UTF-8, path.separator=:, os.version=26.6, java.runtime.name=Java(TM) SE Runtime Environment, file.encoding=UTF-8, java.vm.name=Java HotSpot(TM) 64-Bit Server VM, hibernate.show_sql=true, LOG_FILE=myapp.log, java.vendor.url.bug=https://bugreport.java.com/bugreport/, java.io.tmpdir=/var/folders/d9/17yqn9653js4rz2_zfr7c15m0000gn/T/, catalina.home=/private/var/folders/d9/17yqn9653js4rz2_zfr7c15m0000gn/T/tomcat.8082.15851756594060367811, java.version=25.0.2, hibernate.physical_naming_strategy=org.hibernate.boot.model.naming.PhysicalNamingStrategySnakeCaseImpl, user.dir=/Users/rakeshkuratti/Desktop/Projcts/ExpenseTracker, os.arch=x86_64, java.vm.specification.name=Java Virtual Machine Specification, PID=7977, CONSOLE_LOG_CHARSET=UTF-8, catalina.base=/private/var/folders/d9/17yqn9653js4rz2_zfr7c15m0000gn/T/tomcat.8082.15851756594060367811, hibernate.boot.CfgXmlAccessService.key=org.hibernate.boot.registry.StandardServiceRegistryBuilder$1@28c7fd9d, native.encoding=UTF-8, java.library.path=/Users/rakeshkuratti/Library/Java/Extensions:/Library/Java/Extensions:/Network/Library/Java/Extensions:/System/Library/Java/Extensions:/usr/lib/java:., stderr.encoding=UTF-8, java.vendor=Oracle Corporation, java.vm.info=mixed mode, sharing, java.vm.version=25.0.2+10-LTS-69, stdin.encoding=UTF-8, sun.io.unicode.encoding=UnicodeBig, hibernate.archive.scanner=org.hibernate.boot.archive.scan.internal.DisabledScanner, hibernate.connection.datasource=HikariDataSource (HikariPool-1), socksNonProxyHosts=local|*.local|169.254/16|*.169.254/16, java.class.version=69.0, LOGGED_APPLICATION_NAME=[ExpenseTracker] }
2026-08-17 23:22:14 - com.zaxxer.hikari.pool.PoolBase - HikariPool-1 - Established new connection (010823ca-0c7a-41b6-bcd9-4c75d14a6599)
2026-08-17 23:22:14 - com.zaxxer.hikari.pool.HikariPool - HikariPool-1 - Added connection com.mysql.cj.jdbc.ConnectionImpl@24645d92
2026-08-17 23:22:14 - o.h.v.i.x.config.ValidationXmlParser - Trying to load META-INF/validation.xml for XML based Validator configuration.
2026-08-17 23:22:14 - o.h.v.i.x.c.ResourceLoaderHelper - Trying to load META-INF/validation.xml via TCCL
2026-08-17 23:22:14 - o.h.v.i.x.c.ResourceLoaderHelper - Trying to load META-INF/validation.xml via Hibernate Validator's class loader
2026-08-17 23:22:14 - o.h.v.i.x.config.ValidationXmlParser - No META-INF/validation.xml found. Using annotation based configuration only.
2026-08-17 23:22:14 - o.h.v.i.e.r.TraversableResolvers - Found jakarta.persistence.Persistence on classpath containing 'getPersistenceUtil'. Assuming Jakarta Persistence environment. Trying to instantiate Jakarta Persistence aware TraversableResolver
2026-08-17 23:22:14 - o.h.v.i.e.r.TraversableResolvers - Instantiated Jakarta Persistence aware TraversableResolver of type org.hibernate.validator.internal.engine.resolver.JPATraversableResolver.
2026-08-17 23:22:14 - o.h.v.m.ResourceBundleMessageInterpolator - Loaded expression factory via original TCCL
2026-08-17 23:22:14 - o.h.v.i.e.ValidatorFactoryConfigurationHelper - HV000252: Using org.hibernate.validator.internal.engine.DefaultPropertyNodeNameProvider as property node name provider.
2026-08-17 23:22:14 - o.h.v.i.e.ValidatorFactoryConfigurationHelper - HV000234: Using org.hibernate.validator.messageinterpolation.ResourceBundleMessageInterpolator as ValidatorFactory-scoped message interpolator.
2026-08-17 23:22:14 - o.h.v.i.e.ValidatorFactoryConfigurationHelper - HV000234: Using org.hibernate.validator.internal.engine.resolver.JPATraversableResolver as ValidatorFactory-scoped traversable resolver.
2026-08-17 23:22:14 - o.h.v.i.e.ValidatorFactoryConfigurationHelper - HV000234: Using org.hibernate.validator.internal.util.ExecutableParameterNameProvider as ValidatorFactory-scoped parameter name provider.
2026-08-17 23:22:14 - o.h.v.i.e.ValidatorFactoryConfigurationHelper - HV000234: Using org.hibernate.validator.internal.engine.DefaultClockProvider as ValidatorFactory-scoped clock provider.
2026-08-17 23:22:14 - o.h.v.i.e.ValidatorFactoryConfigurationHelper - HV000234: Using org.hibernate.validator.internal.engine.scripting.DefaultScriptEvaluatorFactory as ValidatorFactory-scoped script evaluator factory.
2026-08-17 23:22:14 - com.zaxxer.hikari.pool.HikariPool - HikariPool-1 - After adding stats (total=5/10, idle=5/10, active=0, waiting=0)
2026-08-17 23:22:14 - com.zaxxer.hikari.pool.PoolBase - HikariPool-1 - Attempting to create/setup new connection (44af7ab4-7ac3-4b8a-8158-bb6cb260ae3e)
2026-08-17 23:22:14 - com.zaxxer.hikari.pool.PoolBase - HikariPool-1 - Established new connection (44af7ab4-7ac3-4b8a-8158-bb6cb260ae3e)
2026-08-17 23:22:14 - com.zaxxer.hikari.pool.HikariPool - HikariPool-1 - Added connection com.mysql.cj.jdbc.ConnectionImpl@7d1b4a05
2026-08-17 23:22:14 - com.zaxxer.hikari.pool.HikariPool - HikariPool-1 - After adding stats (total=6/10, idle=6/10, active=0, waiting=0)
2026-08-17 23:22:14 - com.zaxxer.hikari.pool.PoolBase - HikariPool-1 - Attempting to create/setup new connection (bda2b71d-c518-4d07-8312-421cd6ad2254)
2026-08-17 23:22:14 - org.hibernate.HQL_FUNCTIONS - Available HQL Functions:
	abs(NUMERIC arg)
	Double acos(NUMERIC arg)
	adddate(DATE datetime, INTEGER days)
	addtime(TIME datetime, TIME time)
	Boolean any(BOOLEAN arg)
	Integer ascii(STRING arg)
	Double asin(NUMERIC arg)
	Double atan(NUMERIC arg)
	Double atan2(NUMERIC arg0, NUMERIC arg1)
	avg(arg)
	bit_and(arg)
	Integer bit_length(STRING_OR_CLOB arg)
	bit_or(arg)
	bitand(arg0, arg1)
	bitnot(arg)
	bitor(arg0, arg1)
	bitxor(arg0, arg1)
	cast(arg as Type)
	ceiling(NUMERIC arg)
	Object changesetid(arg)
	Character char(INTEGER arg)
	Integer character_length(STRING_OR_CLOB arg)
	Character chr(INTEGER arg)
	coalesce(arg0[, arg1[, ...]])
	String collate(STRING string as COLLATION collation)
	String concat(STRING string0[, STRING string1[, ...]])
	Double cos(NUMERIC arg)
	Double cosh(NUMERIC arg)
	Double cot(NUMERIC arg)
	Long count([distinct ]{arg|*})
	Integer crc32(arg)
	Double cume_dist([arg0[, ...]])
	Date curdate()
	Date current date
	Date current time
	Date current timestamp
	Date current_date
	Instant current_instant
	Date current_time
	Date current_timestamp
	Date curtime()
	Date date(arg)
	dateadd(TEMPORAL_UNIT field, INTEGER magnitude, TEMPORAL datetime)
	Integer datediff(DATE end, DATE start)
	Integer day(DATE arg)
	String dayname(DATE arg)
	Integer dayofmonth(DATE arg)
	Integer dayofweek(DATE arg)
	Integer dayofyear(DATE arg)
	Double degrees(NUMERIC arg)
	Long dense_rank([arg0[, ...]])
	Boolean every(BOOLEAN arg)
	Double exp(NUMERIC arg)
	extract(TEMPORAL_UNIT field from TEMPORAL arg)
	first_valueANY value
	floor(NUMERIC arg)
	String format(TEMPORAL datetime as STRING pattern)
	greatest(COMPARABLE arg0, COMPARABLE arg1[, arg2[, ...]])
	String hex(arg)
	Integer hour(TIME arg)
	ifnull(arg0, arg1)
	String insert(STRING string, INTEGER start, INTEGER length, STRING replacement)
	Instant instant
	Integer instr(STRING string, STRING pattern[, INTEGER start[, INTEGER occurrence]])
	String json_array([arg0[, ...]])
	String json_array_append(IMPLICIT_JSON arg0, STRING arg1, ANY arg2)
	String json_array_insert(IMPLICIT_JSON arg0, STRING arg1, ANY arg2)
	String json_arrayagg(arg0[, arg1])
	Boolean json_exists(IMPLICIT_JSON arg0, STRING arg1)
	String json_insert(IMPLICIT_JSON arg0, STRING arg1, ANY arg2)
	String json_mergepatch(IMPLICIT_JSON arg0, IMPLICIT_JSON arg1[, arg2[, ...]])
	String json_object( ... )
	String json_objectagg(arg0, arg1[, arg2, arg3])
	String json_query( ... )
	String json_remove(IMPLICIT_JSON arg0, STRING arg1)
	String json_replace(IMPLICIT_JSON arg0, STRING arg1, ANY arg2)
	String json_set(IMPLICIT_JSON arg0, STRING arg1, ANY arg2)
	json_value( ... )
	lagANY value[, INTEGER offset[, ANY default]]
	Date last_day(DATE arg)
	last_valueANY value
	leadANY value[, INTEGER offset[, ANY default]]
	least(COMPARABLE arg0, COMPARABLE arg1[, arg2[, ...]])
	String left(STRING string, INTEGER length)
	Integer length(STRING_OR_CLOB arg)
	String listagg(STRING arg0, STRING arg1)
	Double ln(NUMERIC arg)
	LocalDate local date
	LocalDateTime local datetime
	LocalTime local time
	LocalDate local_date
	LocalDateTime local_datetime
	LocalTime local_time
	Date localtime
	Date localtimestamp
	Integer locate(STRING pattern, STRING string[, INTEGER start])
	Double log(NUMERIC arg0[, NUMERIC arg1])
	Double log10(NUMERIC arg)
	Double log2(NUMERIC arg)
	String lower(STRING string)
	String lpad(string, length[, padding])
	String ltrim(STRING string[, STRING characters])
	Date makedate(INTEGER year, INTEGER dayofyear)
	Date maketime(INTEGER hour, INTEGER min, INTEGER sec)
	max(COMPARABLE arg)
	byte[] md5(arg)
	Integer microsecond(TIME arg)
	min(COMPARABLE arg)
	Integer minute(TIME arg)
	Integer mod(INTEGER arg0, INTEGER arg1)
	ModificationType modificationtype(arg)
	Integer month(DATE arg)
	String monthname(DATE arg)
	Date now()
	nth_valueANY value, INTEGER nth
	nullif(arg0, arg1)
	Integer octet_length(STRING_OR_CLOB arg)
	OffsetDateTime offset datetime
	OffsetDateTime offset_datetime
	Integer ordinal(ENUM arg)
	String overlay(STRING string placing STRING replacement from INTEGER start[ for INTEGER length])
	String pad(STRING string with INTEGER length {leading|trailing}[ STRING character])
	Double percent_rank([arg0[, ...]])
	Double pi
	Integer position(STRING pattern in STRING string)
	Double power(NUMERIC arg0, NUMERIC arg1)
	Integer quarter(DATE arg)
	Double radians(NUMERIC arg)
	Double rand([INTEGER seed])
	Long rank([arg0[, ...]])
	Boolean regexp_like(STRING arg0, STRING arg1[, STRING arg2])
	String repeat(STRING string, INTEGER times)
	String replace(STRING string, STRING pattern, STRING replacement)
	String reverse(STRING arg)
	String right(STRING string, INTEGER length)
	round(NUMERIC number[, INTEGER places])
	Long row_number()
	String rpad(string, length[, padding])
	String rtrim(STRING string[, STRING characters])
	Integer second(TIME arg)
	byte[] sha(arg)
	String sha1(arg)
	String sha2(arg0, arg1)
	Integer sign(NUMERIC arg)
	Double sin(NUMERIC arg)
	Double sinh(NUMERIC arg)
	String soundex(arg)
	String space(INTEGER arg)
	sql
	Double sqrt(NUMERIC arg)
	Double stddev(NUMERIC arg)
	Double stddev_pop(NUMERIC arg)
	Double stddev_samp(NUMERIC arg)
	String str(arg)
	String string(ENUM arg)
	subdate(DATE datetime, INTEGER days)
	String substr(STRING string, INTEGER start[, INTEGER length])
	String substring(STRING string{ from|,} INTEGER start[{ for|,} INTEGER length])
	subtime(TIME datetime, TIME time)
	sum(arg)
	Date sysdate()
	Double tan(NUMERIC arg)
	Double tanh(NUMERIC arg)
	String time(arg)
	Date timestamp(arg0[, arg1])
	timestampadd(TEMPORAL_UNIT field, INTEGER magnitude, TEMPORAL datetime)
	Long|Double timestampdiff(TEMPORAL_UNIT field, TEMPORAL start, TEMPORAL end)
	String trim([[{leading|trailing|both} ][STRING arg0 ]from] STRING arg1)
	trunc( ... )
	truncate( ... )
	String upper(STRING string)
	Date utc_date
	Date utc_time
	Date utc_timestamp
	Double var_pop(NUMERIC arg)
	Double var_samp(NUMERIC arg)
	Double variance(NUMERIC arg)
	Integer week(DATE arg)
	Integer year(DATE arg)

2026-08-17 23:22:14 - com.zaxxer.hikari.pool.PoolBase - HikariPool-1 - Established new connection (bda2b71d-c518-4d07-8312-421cd6ad2254)
2026-08-17 23:22:14 - com.zaxxer.hikari.pool.HikariPool - HikariPool-1 - Added connection com.mysql.cj.jdbc.ConnectionImpl@1d87abe2
2026-08-17 23:22:14 - com.zaxxer.hikari.pool.HikariPool - HikariPool-1 - After adding stats (total=7/10, idle=7/10, active=0, waiting=0)
2026-08-17 23:22:14 - com.zaxxer.hikari.pool.PoolBase - HikariPool-1 - Attempting to create/setup new connection (ad74afb7-a3df-4b57-a396-1194cdca5132)
2026-08-17 23:22:14 - com.zaxxer.hikari.pool.PoolBase - HikariPool-1 - Established new connection (ad74afb7-a3df-4b57-a396-1194cdca5132)
2026-08-17 23:22:14 - com.zaxxer.hikari.pool.HikariPool - HikariPool-1 - Added connection com.mysql.cj.jdbc.ConnectionImpl@69accc15
2026-08-17 23:22:14 - com.zaxxer.hikari.pool.HikariPool - HikariPool-1 - After adding stats (total=8/10, idle=8/10, active=0, waiting=0)
2026-08-17 23:22:14 - com.zaxxer.hikari.pool.PoolBase - HikariPool-1 - Attempting to create/setup new connection (ac88aa44-5e82-420d-8e34-da3cf8607b99)
2026-08-17 23:22:14 - com.zaxxer.hikari.pool.PoolBase - HikariPool-1 - Established new connection (ac88aa44-5e82-420d-8e34-da3cf8607b99)
2026-08-17 23:22:14 - com.zaxxer.hikari.pool.HikariPool - HikariPool-1 - Added connection com.mysql.cj.jdbc.ConnectionImpl@4c06d5dc
2026-08-17 23:22:14 - com.zaxxer.hikari.pool.HikariPool - HikariPool-1 - After adding stats (total=9/10, idle=9/10, active=0, waiting=0)
2026-08-17 23:22:14 - com.zaxxer.hikari.pool.PoolBase - HikariPool-1 - Attempting to create/setup new connection (7ca8051b-1657-4ce4-a8a9-c1fb55422bb6)
2026-08-17 23:22:14 - com.zaxxer.hikari.pool.PoolBase - HikariPool-1 - Established new connection (7ca8051b-1657-4ce4-a8a9-c1fb55422bb6)
2026-08-17 23:22:14 - com.zaxxer.hikari.pool.HikariPool - HikariPool-1 - Added connection com.mysql.cj.jdbc.ConnectionImpl@a296d06
2026-08-17 23:22:14 - com.zaxxer.hikari.pool.HikariPool - HikariPool-1 - After adding stats (total=10/10, idle=10/10, active=0, waiting=0)
2026-08-17 23:22:14 - org.hibernate.orm.core - HHH000513: Unable to create the ReflectionOptimizer for [com.rakesh.ExpenseTracker.entity.Expense]: private accessor [amount]
2026-08-17 23:22:14 - org.hibernate.orm.core - HHH000489: No JTA platform available (set 'hibernate.transaction.jta.platform' to enable JTA platform integration)
2026-08-17 23:22:14 - org.hibernate.orm.service - HHH010454: EventListenerRegistry access via ServiceRegistry is deprecated - use 'sessionFactory.getEventEngine().getListenerRegistry()' instead
2026-08-17 23:22:14 - org.hibernate.mapping.Table - No alter strings for table: expense
2026-08-17 23:22:14 - org.hibernate.mapping.Table - No alter strings for table: expense_seq
2026-08-17 23:22:14 - org.hibernate.orm.factoryRegistry - HHH020384: Registering SessionFactory [b687e3dd-1eb7-4096-a8ac-79ed75cb4714] (default)
2026-08-17 23:22:14 - o.s.o.j.LocalContainerEntityManagerFactoryBean - Initialized JPA EntityManagerFactory for persistence unit 'default'
2026-08-17 23:22:14 - o.s.b.f.s.DefaultListableBeanFactory - Creating shared instance of singleton bean 'expenseTrackerApplication'
2026-08-17 23:22:14 - o.s.b.f.s.DefaultListableBeanFactory - Creating shared instance of singleton bean 'expenseController'
2026-08-17 23:22:14 - o.s.b.f.s.DefaultListableBeanFactory - Creating shared instance of singleton bean 'expenseServiceImpl'
2026-08-17 23:22:14 - o.s.b.f.s.DefaultListableBeanFactory - Creating shared instance of singleton bean 'expenseRepository'
2026-08-17 23:22:14 - o.s.b.f.s.DefaultListableBeanFactory - Creating shared instance of singleton bean 'jpa.named-queries#0'
2026-08-17 23:22:14 - o.s.b.f.s.DefaultListableBeanFactory - Creating shared instance of singleton bean 'jpa.ExpenseRepository.fragments#0'
2026-08-17 23:22:14 - o.s.b.f.s.DefaultListableBeanFactory - Creating shared instance of singleton bean 'jpaSharedEM_entityManagerFactory'
2026-08-17 23:22:14 - o.s.b.f.s.DefaultListableBeanFactory - Creating shared instance of singleton bean 'jpaMappingContext'
2026-08-17 23:22:14 - o.s.d.j.r.c.JpaMetamodelMappingContextFactoryBean - Initializing JpaMetamodelMappingContext…
2026-08-17 23:22:14 - o.s.d.j.r.c.JpaMetamodelMappingContextFactoryBean - Finished initializing JpaMetamodelMappingContext
2026-08-17 23:22:14 - o.s.d.j.r.q.QueryEnhancerFactories - Hibernate is in classpath; If applicable, HQL parser will be used.
2026-08-17 23:22:14 - o.s.d.r.c.s.RepositoryFactorySupport - Initializing repository instance for com.rakesh.ExpenseTracker.repository.ExpenseRepository…
2026-08-17 23:22:14 - o.s.d.r.c.s.RepositoryFactorySupport - Finished creation of repository instance for com.rakesh.ExpenseTracker.repository.ExpenseRepository.
2026-08-17 23:22:14 - o.s.b.f.s.DefaultListableBeanFactory - Autowiring by type from bean name 'expenseController' via constructor to bean named 'expenseServiceImpl'
2026-08-17 23:22:14 - o.s.b.f.s.DefaultListableBeanFactory - Creating shared instance of singleton bean 'org.springframework.boot.autoconfigure.context.PropertyPlaceholderAutoConfiguration'
2026-08-17 23:22:14 - o.s.b.f.s.DefaultListableBeanFactory - Creating shared instance of singleton bean 'org.springframework.boot.webmvc.autoconfigure.DispatcherServletAutoConfiguration'
2026-08-17 23:22:14 - o.s.b.f.s.DefaultListableBeanFactory - Creating shared instance of singleton bean 'org.springframework.boot.autoconfigure.task.TaskExecutorConfigurations$SimpleAsyncTaskExecutorBuilderConfiguration'
2026-08-17 23:22:14 - o.s.b.f.s.DefaultListableBeanFactory - Autowiring by type from bean name 'org.springframework.boot.autoconfigure.task.TaskExecutorConfigurations$SimpleAsyncTaskExecutorBuilderConfiguration' via constructor to bean named 'spring.task.execution-org.springframework.boot.autoconfigure.task.TaskExecutionProperties'
2026-08-17 23:22:14 - o.s.b.f.s.DefaultListableBeanFactory - Creating shared instance of singleton bean 'simpleAsyncTaskExecutorBuilder'
2026-08-17 23:22:14 - o.s.b.f.s.DefaultListableBeanFactory - Creating shared instance of singleton bean 'org.springframework.boot.autoconfigure.task.TaskExecutorConfigurations$AsyncConfigurerConfiguration'
2026-08-17 23:22:14 - o.s.b.f.s.DefaultListableBeanFactory - Creating shared instance of singleton bean 'applicationTaskExecutorAsyncConfigurer'
2026-08-17 23:22:14 - o.s.b.f.s.DefaultListableBeanFactory - Autowiring by type from bean name 'applicationTaskExecutorAsyncConfigurer' via factory method to bean named 'org.springframework.beans.factory.support.DefaultListableBeanFactory@290b1b2e'
2026-08-17 23:22:14 - o.s.b.f.s.DefaultListableBeanFactory - Creating shared instance of singleton bean 'org.springframework.boot.autoconfigure.task.TaskExecutorConfigurations$BootstrapExecutorConfiguration'
2026-08-17 23:22:14 - o.s.b.f.s.DefaultListableBeanFactory - Creating shared instance of singleton bean 'org.springframework.boot.autoconfigure.task.TaskExecutionAutoConfiguration'
2026-08-17 23:22:14 - o.s.b.f.s.DefaultListableBeanFactory - Creating shared instance of singleton bean 'org.springframework.boot.validation.autoconfigure.ValidationAutoConfiguration'
2026-08-17 23:22:14 - o.s.b.f.s.DefaultListableBeanFactory - Creating shared instance of singleton bean 'defaultValidator'
2026-08-17 23:22:14 - o.s.b.f.s.DefaultListableBeanFactory - Autowiring by type from bean name 'defaultValidator' via factory method to bean named 'org.springframework.boot.web.server.servlet.context.AnnotationConfigServletWebServerApplicationContext@1951b871'
2026-08-17 23:22:14 - o.h.v.m.ResourceBundleMessageInterpolator - Loaded expression factory via original TCCL
2026-08-17 23:22:14 - o.h.v.i.e.AbstractConfigurationImpl - Setting custom MessageInterpolator of type org.springframework.validation.beanvalidation.LocaleContextMessageInterpolator
2026-08-17 23:22:14 - o.h.v.i.e.AbstractConfigurationImpl - Setting custom ConstraintValidatorFactory of type org.springframework.validation.beanvalidation.SpringConstraintValidatorFactory
2026-08-17 23:22:14 - o.h.v.i.x.config.ValidationXmlParser - Trying to load META-INF/validation.xml for XML based Validator configuration.
2026-08-17 23:22:14 - o.h.v.i.x.c.ResourceLoaderHelper - Trying to load META-INF/validation.xml via user class loader
2026-08-17 23:22:14 - o.h.v.i.x.c.ResourceLoaderHelper - Trying to load META-INF/validation.xml via TCCL
2026-08-17 23:22:14 - o.h.v.i.x.c.ResourceLoaderHelper - Trying to load META-INF/validation.xml via Hibernate Validator's class loader
2026-08-17 23:22:14 - o.h.v.i.x.config.ValidationXmlParser - No META-INF/validation.xml found. Using annotation based configuration only.
2026-08-17 23:22:14 - o.h.v.i.e.r.TraversableResolvers - Found jakarta.persistence.Persistence on classpath containing 'getPersistenceUtil'. Assuming Jakarta Persistence environment. Trying to instantiate Jakarta Persistence aware TraversableResolver
2026-08-17 23:22:14 - o.h.v.i.e.r.TraversableResolvers - Instantiated Jakarta Persistence aware TraversableResolver of type org.hibernate.validator.internal.engine.resolver.JPATraversableResolver.
2026-08-17 23:22:14 - o.h.v.i.e.ValidatorFactoryConfigurationHelper - HV000252: Using org.hibernate.validator.internal.engine.DefaultPropertyNodeNameProvider as property node name provider.
2026-08-17 23:22:14 - o.h.v.i.e.ValidatorFactoryConfigurationHelper - HV000234: Using org.springframework.validation.beanvalidation.LocaleContextMessageInterpolator as ValidatorFactory-scoped message interpolator.
2026-08-17 23:22:14 - o.h.v.i.e.ValidatorFactoryConfigurationHelper - HV000234: Using org.hibernate.validator.internal.engine.resolver.JPATraversableResolver as ValidatorFactory-scoped traversable resolver.
2026-08-17 23:22:14 - o.h.v.i.e.ValidatorFactoryConfigurationHelper - HV000234: Using org.hibernate.validator.internal.util.ExecutableParameterNameProvider as ValidatorFactory-scoped parameter name provider.
2026-08-17 23:22:14 - o.h.v.i.e.ValidatorFactoryConfigurationHelper - HV000234: Using org.hibernate.validator.internal.engine.DefaultClockProvider as ValidatorFactory-scoped clock provider.
2026-08-17 23:22:14 - o.h.v.i.e.ValidatorFactoryConfigurationHelper - HV000234: Using org.hibernate.validator.internal.engine.scripting.DefaultScriptEvaluatorFactory as ValidatorFactory-scoped script evaluator factory.
2026-08-17 23:22:14 - o.s.b.f.s.DefaultListableBeanFactory - Creating shared instance of singleton bean 'org.springframework.boot.webmvc.autoconfigure.error.ErrorMvcAutoConfiguration$WhitelabelErrorViewConfiguration'
2026-08-17 23:22:14 - o.s.b.f.s.DefaultListableBeanFactory - Creating shared instance of singleton bean 'error'
2026-08-17 23:22:14 - o.s.b.f.s.DefaultListableBeanFactory - Creating shared instance of singleton bean 'beanNameViewResolver'
2026-08-17 23:22:14 - o.s.b.f.s.DefaultListableBeanFactory - Creating shared instance of singleton bean 'org.springframework.boot.webmvc.autoconfigure.error.ErrorMvcAutoConfiguration$DefaultErrorViewResolverConfiguration'
2026-08-17 23:22:14 - o.s.b.f.s.DefaultListableBeanFactory - Autowiring by type from bean name 'org.springframework.boot.webmvc.autoconfigure.error.ErrorMvcAutoConfiguration$DefaultErrorViewResolverConfiguration' via constructor to bean named 'org.springframework.boot.web.server.servlet.context.AnnotationConfigServletWebServerApplicationContext@1951b871'
2026-08-17 23:22:14 - o.s.b.f.s.DefaultListableBeanFactory - Autowiring by type from bean name 'org.springframework.boot.webmvc.autoconfigure.error.ErrorMvcAutoConfiguration$DefaultErrorViewResolverConfiguration' via constructor to bean named 'spring.web-org.springframework.boot.autoconfigure.web.WebProperties'
2026-08-17 23:22:14 - o.s.b.f.s.DefaultListableBeanFactory - Creating shared instance of singleton bean 'conventionErrorViewResolver'
2026-08-17 23:22:14 - o.s.b.f.s.DefaultListableBeanFactory - Creating shared instance of singleton bean 'errorAttributes'
2026-08-17 23:22:14 - o.s.b.f.s.DefaultListableBeanFactory - Creating shared instance of singleton bean 'basicErrorController'
2026-08-17 23:22:14 - o.s.b.f.s.DefaultListableBeanFactory - Autowiring by type from bean name 'basicErrorController' via factory method to bean named 'errorAttributes'
2026-08-17 23:22:14 - o.s.b.f.s.DefaultListableBeanFactory - Creating shared instance of singleton bean 'org.springframework.boot.webmvc.autoconfigure.WebMvcAutoConfiguration$EnableWebMvcConfiguration'
2026-08-17 23:22:14 - o.s.b.f.s.DefaultListableBeanFactory - Autowiring by type from bean name 'org.springframework.boot.webmvc.autoconfigure.WebMvcAutoConfiguration$EnableWebMvcConfiguration' via constructor to bean named 'spring.mvc-org.springframework.boot.webmvc.autoconfigure.WebMvcProperties'
2026-08-17 23:22:14 - o.s.b.f.s.DefaultListableBeanFactory - Autowiring by type from bean name 'org.springframework.boot.webmvc.autoconfigure.WebMvcAutoConfiguration$EnableWebMvcConfiguration' via constructor to bean named 'spring.web-org.springframework.boot.autoconfigure.web.WebProperties'
2026-08-17 23:22:14 - o.s.b.f.s.DefaultListableBeanFactory - Autowiring by type from bean name 'org.springframework.boot.webmvc.autoconfigure.WebMvcAutoConfiguration$EnableWebMvcConfiguration' via constructor to bean named 'org.springframework.beans.factory.support.DefaultListableBeanFactory@290b1b2e'
2026-08-17 23:22:14 - o.s.b.f.s.DefaultListableBeanFactory - Creating shared instance of singleton bean 'org.springframework.boot.webmvc.autoconfigure.WebMvcAutoConfiguration$WebMvcAutoConfigurationAdapter'
2026-08-17 23:22:14 - o.s.b.f.s.DefaultListableBeanFactory - Autowiring by type from bean name 'org.springframework.boot.webmvc.autoconfigure.WebMvcAutoConfiguration$WebMvcAutoConfigurationAdapter' via constructor to bean named 'spring.web-org.springframework.boot.autoconfigure.web.WebProperties'
2026-08-17 23:22:14 - o.s.b.f.s.DefaultListableBeanFactory - Autowiring by type from bean name 'org.springframework.boot.webmvc.autoconfigure.WebMvcAutoConfiguration$WebMvcAutoConfigurationAdapter' via constructor to bean named 'spring.mvc-org.springframework.boot.webmvc.autoconfigure.WebMvcProperties'
2026-08-17 23:22:14 - o.s.b.f.s.DefaultListableBeanFactory - Autowiring by type from bean name 'org.springframework.boot.webmvc.autoconfigure.WebMvcAutoConfiguration$WebMvcAutoConfigurationAdapter' via constructor to bean named 'org.springframework.beans.factory.support.DefaultListableBeanFactory@290b1b2e'
2026-08-17 23:22:14 - o.s.b.f.s.DefaultListableBeanFactory - Creating shared instance of singleton bean 'org.springframework.data.web.config.SpringDataWebConfiguration'
2026-08-17 23:22:14 - o.s.b.f.s.DefaultListableBeanFactory - Autowiring by type from bean name 'org.springframework.data.web.config.SpringDataWebConfiguration' via constructor to bean named 'org.springframework.boot.web.server.servlet.context.AnnotationConfigServletWebServerApplicationContext@1951b871'
2026-08-17 23:22:14 - o.s.b.f.s.DefaultListableBeanFactory - Creating shared instance of singleton bean 'openEntityManagerInViewInterceptorConfigurer'
2026-08-17 23:22:14 - o.s.b.f.s.DefaultListableBeanFactory - Creating shared instance of singleton bean 'org.springframework.boot.jpa.autoconfigure.JpaBaseConfiguration$JpaWebConfiguration'
2026-08-17 23:22:14 - o.s.b.f.s.DefaultListableBeanFactory - Autowiring by type from bean name 'org.springframework.boot.jpa.autoconfigure.JpaBaseConfiguration$JpaWebConfiguration' via constructor to bean named 'spring.jpa-org.springframework.boot.jpa.autoconfigure.JpaProperties'
2026-08-17 23:22:14 - o.s.b.f.s.DefaultListableBeanFactory - Creating shared instance of singleton bean 'openEntityManagerInViewInterceptor'
2026-08-17 23:22:14 - o.s.b.j.a.JpaBaseConfiguration$JpaWebConfiguration - spring.jpa.open-in-view is enabled by default. Therefore, database queries may be performed during view rendering. Explicitly configure spring.jpa.open-in-view to disable this warning
2026-08-17 23:22:14 - o.s.b.f.s.DefaultListableBeanFactory - Autowiring by type from bean name 'openEntityManagerInViewInterceptorConfigurer' via factory method to bean named 'openEntityManagerInViewInterceptor'
2026-08-17 23:22:14 - o.s.b.f.s.DefaultListableBeanFactory - Creating shared instance of singleton bean 'welcomePageHandlerMapping'
2026-08-17 23:22:14 - o.s.b.f.s.DefaultListableBeanFactory - Creating shared instance of singleton bean 'mvcConversionService'
2026-08-17 23:22:14 - o.s.b.f.s.DefaultListableBeanFactory - Creating shared instance of singleton bean 'mvcResourceUrlProvider'
2026-08-17 23:22:14 - o.s.b.f.s.DefaultListableBeanFactory - Autowiring by type from bean name 'welcomePageHandlerMapping' via factory method to bean named 'org.springframework.boot.web.server.servlet.context.AnnotationConfigServletWebServerApplicationContext@1951b871'
2026-08-17 23:22:14 - o.s.b.f.s.DefaultListableBeanFactory - Autowiring by type from bean name 'welcomePageHandlerMapping' via factory method to bean named 'mvcConversionService'
2026-08-17 23:22:14 - o.s.b.f.s.DefaultListableBeanFactory - Autowiring by type from bean name 'welcomePageHandlerMapping' via factory method to bean named 'mvcResourceUrlProvider'
2026-08-17 23:22:14 - o.s.b.f.s.DefaultListableBeanFactory - Creating shared instance of singleton bean 'welcomePageNotAcceptableHandlerMapping'
2026-08-17 23:22:14 - o.s.b.f.s.DefaultListableBeanFactory - Autowiring by type from bean name 'welcomePageNotAcceptableHandlerMapping' via factory method to bean named 'org.springframework.boot.web.server.servlet.context.AnnotationConfigServletWebServerApplicationContext@1951b871'
2026-08-17 23:22:14 - o.s.b.f.s.DefaultListableBeanFactory - Autowiring by type from bean name 'welcomePageNotAcceptableHandlerMapping' via factory method to bean named 'mvcConversionService'
2026-08-17 23:22:14 - o.s.b.f.s.DefaultListableBeanFactory - Autowiring by type from bean name 'welcomePageNotAcceptableHandlerMapping' via factory method to bean named 'mvcResourceUrlProvider'
2026-08-17 23:22:14 - o.s.b.f.s.DefaultListableBeanFactory - Creating shared instance of singleton bean 'localeResolver'
2026-08-17 23:22:14 - o.s.b.f.s.DefaultListableBeanFactory - Creating shared instance of singleton bean 'flashMapManager'
2026-08-17 23:22:14 - o.s.b.f.s.DefaultListableBeanFactory - Creating shared instance of singleton bean 'viewNameTranslator'
2026-08-17 23:22:14 - o.s.b.f.s.DefaultListableBeanFactory - Creating shared instance of singleton bean 'mvcValidator'
2026-08-17 23:22:14 - o.s.b.f.s.DefaultListableBeanFactory - Creating shared instance of singleton bean 'requestMappingHandlerMapping'
2026-08-17 23:22:14 - o.s.b.f.s.DefaultListableBeanFactory - Creating shared instance of singleton bean 'mvcContentNegotiationManager'
2026-08-17 23:22:14 - o.s.b.f.s.DefaultListableBeanFactory - Creating shared instance of singleton bean 'stringHttpMessageConvertersCustomizer'
2026-08-17 23:22:14 - o.s.b.f.s.DefaultListableBeanFactory - Creating shared instance of singleton bean 'org.springframework.boot.http.converter.autoconfigure.HttpMessageConvertersAutoConfiguration$StringHttpMessageConverterConfiguration'
2026-08-17 23:22:14 - o.s.b.f.s.DefaultListableBeanFactory - Creating shared instance of singleton bean 'spring.http.converters-org.springframework.boot.http.converter.autoconfigure.HttpMessageConvertersProperties'
2026-08-17 23:22:14 - o.s.b.f.s.DefaultListableBeanFactory - Autowiring by type from bean name 'stringHttpMessageConvertersCustomizer' via factory method to bean named 'spring.http.converters-org.springframework.boot.http.converter.autoconfigure.HttpMessageConvertersProperties'
2026-08-17 23:22:14 - o.s.b.f.s.DefaultListableBeanFactory - Creating shared instance of singleton bean 'jacksonJsonHttpMessageConvertersCustomizer'
2026-08-17 23:22:14 - o.s.b.f.s.DefaultListableBeanFactory - Creating shared instance of singleton bean 'org.springframework.boot.http.converter.autoconfigure.JacksonHttpMessageConvertersConfiguration$JacksonJsonHttpMessageConverterConfiguration'
2026-08-17 23:22:14 - o.s.b.f.s.DefaultListableBeanFactory - Creating shared instance of singleton bean 'jacksonJsonMapper'
2026-08-17 23:22:14 - o.s.b.f.s.DefaultListableBeanFactory - Creating shared instance of singleton bean 'org.springframework.boot.jackson.autoconfigure.JacksonAutoConfiguration'
2026-08-17 23:22:14 - o.s.b.f.s.DefaultListableBeanFactory - Creating shared instance of singleton bean 'problemDetailJsonMapperBuilderCustomizer'
2026-08-17 23:22:14 - o.s.b.f.s.DefaultListableBeanFactory - Creating shared instance of singleton bean 'org.springframework.boot.jackson.autoconfigure.JacksonAutoConfiguration$JsonProblemDetailsConfiguration'
2026-08-17 23:22:14 - o.s.b.f.s.DefaultListableBeanFactory - Creating shared instance of singleton bean 'standardJsonMapperBuilderCustomizer'
2026-08-17 23:22:14 - o.s.b.f.s.DefaultListableBeanFactory - Creating shared instance of singleton bean 'org.springframework.boot.jackson.autoconfigure.JacksonAutoConfiguration$JacksonJsonCustomizerConfiguration'
2026-08-17 23:22:14 - o.s.b.f.s.DefaultListableBeanFactory - Creating shared instance of singleton bean 'spring.jackson-org.springframework.boot.jackson.autoconfigure.JacksonProperties'
2026-08-17 23:22:14 - o.s.b.f.s.DefaultListableBeanFactory - Autowiring by type from bean name 'org.springframework.boot.jackson.autoconfigure.JacksonAutoConfiguration$JacksonJsonCustomizerConfiguration' via constructor to bean named 'spring.jackson-org.springframework.boot.jackson.autoconfigure.JacksonProperties'
2026-08-17 23:22:14 - o.s.b.f.s.DefaultListableBeanFactory - Autowiring by type from bean name 'standardJsonMapperBuilderCustomizer' via factory method to bean named 'org.springframework.beans.factory.support.DefaultListableBeanFactory@290b1b2e'
2026-08-17 23:22:14 - o.s.b.f.s.DefaultListableBeanFactory - Creating shared instance of singleton bean 'jackson3GeoModule'
2026-08-17 23:22:14 - o.s.b.f.s.DefaultListableBeanFactory - Creating shared instance of singleton bean 'org.springframework.data.web.config.SpringDataJackson3Configuration'
2026-08-17 23:22:14 - o.s.b.f.s.DefaultListableBeanFactory - Creating shared instance of singleton bean 'springDataWebSettings'
2026-08-17 23:22:14 - o.s.b.f.s.DefaultListableBeanFactory - Creating shared instance of singleton bean 'org.springframework.boot.data.autoconfigure.web.DataWebAutoConfiguration'
2026-08-17 23:22:14 - o.s.b.f.s.DefaultListableBeanFactory - Creating shared instance of singleton bean 'spring.data.web-org.springframework.boot.data.autoconfigure.web.DataWebProperties'
2026-08-17 23:22:14 - o.s.b.f.s.DefaultListableBeanFactory - Autowiring by type from bean name 'org.springframework.boot.data.autoconfigure.web.DataWebAutoConfiguration' via constructor to bean named 'spring.data.web-org.springframework.boot.data.autoconfigure.web.DataWebProperties'
2026-08-17 23:22:14 - o.s.b.f.s.DefaultListableBeanFactory - Creating shared instance of singleton bean 'jackson3pageModule'
2026-08-17 23:22:14 - o.s.b.f.s.DefaultListableBeanFactory - Creating shared instance of singleton bean 'jacksonMixinModule'
2026-08-17 23:22:14 - o.s.b.f.s.DefaultListableBeanFactory - Creating shared instance of singleton bean 'org.springframework.boot.jackson.autoconfigure.JacksonAutoConfiguration$JacksonMixinConfiguration'
2026-08-17 23:22:14 - o.s.b.f.s.DefaultListableBeanFactory - Creating shared instance of singleton bean 'jacksonMixinModuleEntries'
2026-08-17 23:22:14 - o.s.b.f.s.DefaultListableBeanFactory - Autowiring by type from bean name 'jacksonMixinModuleEntries' via factory method to bean named 'org.springframework.boot.web.server.servlet.context.AnnotationConfigServletWebServerApplicationContext@1951b871'
2026-08-17 23:22:14 - o.s.b.f.s.DefaultListableBeanFactory - Autowiring by type from bean name 'jacksonMixinModule' via factory method to bean named 'org.springframework.boot.web.server.servlet.context.AnnotationConfigServletWebServerApplicationContext@1951b871'
2026-08-17 23:22:14 - o.s.b.f.s.DefaultListableBeanFactory - Autowiring by type from bean name 'jacksonMixinModule' via factory method to bean named 'jacksonMixinModuleEntries'
2026-08-17 23:22:14 - o.s.b.f.s.DefaultListableBeanFactory - Creating shared instance of singleton bean 'jsonComponentModule'
2026-08-17 23:22:14 - o.s.b.f.s.DefaultListableBeanFactory - Creating shared instance of singleton bean 'jsonFactory'
2026-08-17 23:22:14 - o.s.b.f.s.DefaultListableBeanFactory - Creating shared instance of singleton bean 'standardJsonFactoryBuilderCustomizer'
2026-08-17 23:22:14 - o.s.b.f.s.DefaultListableBeanFactory - Autowiring by type from bean name 'jsonFactory' via factory method to bean named 'standardJsonFactoryBuilderCustomizer'
2026-08-17 23:22:14 - o.s.b.f.s.DefaultListableBeanFactory - Autowiring by type from bean name 'jsonMapperBuilder' via factory method to bean named 'problemDetailJsonMapperBuilderCustomizer'
2026-08-17 23:22:14 - o.s.b.f.s.DefaultListableBeanFactory - Autowiring by type from bean name 'jsonMapperBuilder' via factory method to bean named 'standardJsonMapperBuilderCustomizer'
2026-08-17 23:22:14 - o.s.b.f.s.DefaultListableBeanFactory - Autowiring by type from bean name 'jsonMapperBuilder' via factory method to bean named 'jsonFactory'
2026-08-17 23:22:14 - o.s.b.f.s.DefaultListableBeanFactory - Autowiring by type from bean name 'jacksonJsonMapper' via factory method to bean named 'jsonMapperBuilder'
2026-08-17 23:22:14 - o.s.b.f.s.DefaultListableBeanFactory - Autowiring by type from bean name 'jacksonJsonHttpMessageConvertersCustomizer' via factory method to bean named 'jacksonJsonMapper'
2026-08-17 23:22:14 - o.s.b.f.s.DefaultListableBeanFactory - Creating shared instance of singleton bean 'serverConvertersCustomizer'
2026-08-17 23:22:14 - o.s.b.f.s.DefaultListableBeanFactory - Creating shared instance of singleton bean 'org.springframework.boot.http.converter.autoconfigure.HttpMessageConvertersAutoConfiguration'
2026-08-17 23:22:14 - o.s.b.f.s.DefaultListableBeanFactory - Creating shared instance of singleton bean 'mvcApiVersionStrategy'
2026-08-17 23:22:14 - o.s.b.f.s.DefaultListableBeanFactory - Autowiring by type from bean name 'requestMappingHandlerMapping' via factory method to bean named 'mvcContentNegotiationManager'
2026-08-17 23:22:14 - o.s.b.f.s.DefaultListableBeanFactory - Autowiring by type from bean name 'requestMappingHandlerMapping' via factory method to bean named 'mvcApiVersionStrategy'
2026-08-17 23:22:14 - o.s.b.f.s.DefaultListableBeanFactory - Autowiring by type from bean name 'requestMappingHandlerMapping' via factory method to bean named 'mvcConversionService'
2026-08-17 23:22:14 - o.s.b.f.s.DefaultListableBeanFactory - Autowiring by type from bean name 'requestMappingHandlerMapping' via factory method to bean named 'mvcResourceUrlProvider'
2026-08-17 23:22:14 - _.s.w.s.HandlerMapping.Mappings - 
	c.r.E.c.ExpenseController:
	{GET [/Expense]}: getAllExpenses()
	{POST [/Expense]}: saveExpense(ExpenseRequestDTO)
2026-08-17 23:22:14 - _.s.w.s.HandlerMapping.Mappings - 
	o.s.b.w.a.e.BasicErrorController:
	{ [/error]}: error(HttpServletRequest)
	{ [/error], produces [text/html]}: errorHtml(HttpServletRequest,HttpServletResponse)
2026-08-17 23:22:14 - o.s.w.s.m.m.a.RequestMappingHandlerMapping - 4 mappings in 'requestMappingHandlerMapping'
2026-08-17 23:22:14 - o.s.b.f.s.DefaultListableBeanFactory - Creating shared instance of singleton bean 'mvcPatternParser'
2026-08-17 23:22:14 - o.s.b.f.s.DefaultListableBeanFactory - Creating shared instance of singleton bean 'mvcUrlPathHelper'
2026-08-17 23:22:14 - o.s.b.f.s.DefaultListableBeanFactory - Creating shared instance of singleton bean 'mvcPathMatcher'
2026-08-17 23:22:14 - o.s.b.f.s.DefaultListableBeanFactory - Creating shared instance of singleton bean 'viewControllerHandlerMapping'
2026-08-17 23:22:14 - o.s.b.f.s.DefaultListableBeanFactory - Autowiring by type from bean name 'viewControllerHandlerMapping' via factory method to bean named 'mvcConversionService'
2026-08-17 23:22:14 - o.s.b.f.s.DefaultListableBeanFactory - Autowiring by type from bean name 'viewControllerHandlerMapping' via factory method to bean named 'mvcResourceUrlProvider'
2026-08-17 23:22:14 - o.s.b.f.s.DefaultListableBeanFactory - Creating shared instance of singleton bean 'beanNameHandlerMapping'
2026-08-17 23:22:14 - o.s.b.f.s.DefaultListableBeanFactory - Autowiring by type from bean name 'beanNameHandlerMapping' via factory method to bean named 'mvcConversionService'
2026-08-17 23:22:14 - o.s.b.f.s.DefaultListableBeanFactory - Autowiring by type from bean name 'beanNameHandlerMapping' via factory method to bean named 'mvcResourceUrlProvider'
2026-08-17 23:22:14 - _.s.w.s.HandlerMapping.Mappings - 'beanNameHandlerMapping' {}
2026-08-17 23:22:14 - o.s.b.f.s.DefaultListableBeanFactory - Creating shared instance of singleton bean 'routerFunctionMapping'
2026-08-17 23:22:14 - o.s.b.f.s.DefaultListableBeanFactory - Autowiring by type from bean name 'routerFunctionMapping' via factory method to bean named 'mvcConversionService'
2026-08-17 23:22:14 - o.s.b.f.s.DefaultListableBeanFactory - Autowiring by type from bean name 'routerFunctionMapping' via factory method to bean named 'mvcResourceUrlProvider'
2026-08-17 23:22:14 - o.s.b.f.s.DefaultListableBeanFactory - Autowiring by type from bean name 'routerFunctionMapping' via factory method to bean named 'mvcApiVersionStrategy'
2026-08-17 23:22:14 - o.s.b.f.s.DefaultListableBeanFactory - Creating shared instance of singleton bean 'resourceHandlerMapping'
2026-08-17 23:22:14 - o.s.b.f.s.DefaultListableBeanFactory - Autowiring by type from bean name 'resourceHandlerMapping' via factory method to bean named 'mvcContentNegotiationManager'
2026-08-17 23:22:14 - o.s.b.f.s.DefaultListableBeanFactory - Autowiring by type from bean name 'resourceHandlerMapping' via factory method to bean named 'mvcConversionService'
2026-08-17 23:22:14 - o.s.b.f.s.DefaultListableBeanFactory - Autowiring by type from bean name 'resourceHandlerMapping' via factory method to bean named 'mvcResourceUrlProvider'
2026-08-17 23:22:14 - _.s.w.s.HandlerMapping.Mappings - 'resourceHandlerMapping' {/webjars/**=ResourceHttpRequestHandler [classpath [META-INF/resources/webjars/]], /**=ResourceHttpRequestHandler [classpath [META-INF/resources/], classpath [resources/], classpath [static/], classpath [public/], ServletContext [/]]}
2026-08-17 23:22:14 - o.s.b.f.s.DefaultListableBeanFactory - Creating shared instance of singleton bean 'defaultServletHandlerMapping'
2026-08-17 23:22:14 - o.s.b.f.s.DefaultListableBeanFactory - Creating shared instance of singleton bean 'requestMappingHandlerAdapter'
2026-08-17 23:22:14 - o.s.b.f.s.DefaultListableBeanFactory - Autowiring by type from bean name 'requestMappingHandlerAdapter' via factory method to bean named 'mvcContentNegotiationManager'
2026-08-17 23:22:14 - o.s.b.f.s.DefaultListableBeanFactory - Autowiring by type from bean name 'requestMappingHandlerAdapter' via factory method to bean named 'mvcConversionService'
2026-08-17 23:22:14 - o.s.b.f.s.DefaultListableBeanFactory - Autowiring by type from bean name 'requestMappingHandlerAdapter' via factory method to bean named 'mvcValidator'
2026-08-17 23:22:14 - o.s.b.f.s.DefaultListableBeanFactory - Creating shared instance of singleton bean 'sortResolver'
2026-08-17 23:22:14 - o.s.b.f.s.DefaultListableBeanFactory - Creating shared instance of singleton bean 'sortCustomizer'
2026-08-17 23:22:14 - o.s.b.f.s.DefaultListableBeanFactory - Creating shared instance of singleton bean 'pageableResolver'
2026-08-17 23:22:14 - o.s.b.f.s.DefaultListableBeanFactory - Creating shared instance of singleton bean 'pageableCustomizer'
2026-08-17 23:22:15 - o.s.w.s.m.m.a.RequestMappingHandlerAdapter - ControllerAdvice beans: 0 @ModelAttribute, 0 @InitBinder, 2 RequestBodyAdvice, 1 ResponseBodyAdvice
2026-08-17 23:22:15 - o.s.b.f.s.DefaultListableBeanFactory - Creating shared instance of singleton bean 'mvcViewResolver'
2026-08-17 23:22:15 - o.s.b.f.s.DefaultListableBeanFactory - Autowiring by type from bean name 'mvcViewResolver' via factory method to bean named 'mvcContentNegotiationManager'
2026-08-17 23:22:15 - o.s.b.f.s.DefaultListableBeanFactory - Creating shared instance of singleton bean 'defaultViewResolver'
2026-08-17 23:22:15 - o.s.b.f.s.DefaultListableBeanFactory - Creating shared instance of singleton bean 'viewResolver'
2026-08-17 23:22:15 - o.s.b.f.s.DefaultListableBeanFactory - Autowiring by type from bean name 'viewResolver' via factory method to bean named 'org.springframework.beans.factory.support.DefaultListableBeanFactory@290b1b2e'
2026-08-17 23:22:15 - o.s.b.f.s.DefaultListableBeanFactory - Creating shared instance of singleton bean 'viewResolver'
2026-08-17 23:22:15 - o.s.b.f.s.DefaultListableBeanFactory - Creating shared instance of singleton bean 'handlerFunctionAdapter'
2026-08-17 23:22:15 - o.s.b.f.s.DefaultListableBeanFactory - Creating shared instance of singleton bean 'mvcUriComponentsContributor'
2026-08-17 23:22:15 - o.s.b.f.s.DefaultListableBeanFactory - Autowiring by type from bean name 'mvcUriComponentsContributor' via factory method to bean named 'mvcConversionService'
2026-08-17 23:22:15 - o.s.b.f.s.DefaultListableBeanFactory - Autowiring by type from bean name 'mvcUriComponentsContributor' via factory method to bean named 'requestMappingHandlerAdapter'
2026-08-17 23:22:15 - o.s.b.f.s.DefaultListableBeanFactory - Creating shared instance of singleton bean 'httpRequestHandlerAdapter'
2026-08-17 23:22:15 - o.s.b.f.s.DefaultListableBeanFactory - Creating shared instance of singleton bean 'simpleControllerHandlerAdapter'
2026-08-17 23:22:15 - o.s.b.f.s.DefaultListableBeanFactory - Creating shared instance of singleton bean 'handlerExceptionResolver'
2026-08-17 23:22:15 - o.s.b.f.s.DefaultListableBeanFactory - Autowiring by type from bean name 'handlerExceptionResolver' via factory method to bean named 'mvcContentNegotiationManager'
2026-08-17 23:22:15 - o.s.w.s.m.m.a.ExceptionHandlerExceptionResolver - ControllerAdvice beans: 0 @ExceptionHandler, 1 ResponseBodyAdvice
2026-08-17 23:22:15 - o.s.b.f.s.DefaultListableBeanFactory - Creating shared instance of singleton bean 'org.springframework.boot.autoconfigure.aop.AopAutoConfiguration$AspectJAutoProxyingConfiguration$CglibAutoProxyConfiguration'
2026-08-17 23:22:15 - o.s.b.f.s.DefaultListableBeanFactory - Creating shared instance of singleton bean 'org.springframework.boot.autoconfigure.aop.AopAutoConfiguration$AspectJAutoProxyingConfiguration'
2026-08-17 23:22:15 - o.s.b.f.s.DefaultListableBeanFactory - Creating shared instance of singleton bean 'org.springframework.boot.autoconfigure.aop.AopAutoConfiguration'
2026-08-17 23:22:15 - o.s.b.f.s.DefaultListableBeanFactory - Creating shared instance of singleton bean 'org.springframework.boot.autoconfigure.availability.ApplicationAvailabilityAutoConfiguration'
2026-08-17 23:22:15 - o.s.b.f.s.DefaultListableBeanFactory - Creating shared instance of singleton bean 'applicationAvailability'
2026-08-17 23:22:15 - o.s.b.f.s.DefaultListableBeanFactory - Creating shared instance of singleton bean 'org.springframework.boot.autoconfigure.context.ConfigurationPropertiesAutoConfiguration'
2026-08-17 23:22:15 - o.s.b.f.s.DefaultListableBeanFactory - Creating shared instance of singleton bean 'org.springframework.boot.autoconfigure.context.LifecycleAutoConfiguration'
2026-08-17 23:22:15 - o.s.b.f.s.DefaultListableBeanFactory - Creating shared instance of singleton bean 'lifecycleProcessor'
2026-08-17 23:22:15 - o.s.b.f.s.DefaultListableBeanFactory - Creating shared instance of singleton bean 'spring.lifecycle-org.springframework.boot.autoconfigure.context.LifecycleProperties'
2026-08-17 23:22:15 - o.s.b.f.s.DefaultListableBeanFactory - Autowiring by type from bean name 'lifecycleProcessor' via factory method to bean named 'spring.lifecycle-org.springframework.boot.autoconfigure.context.LifecycleProperties'
2026-08-17 23:22:15 - o.s.b.f.s.DefaultListableBeanFactory - Creating shared instance of singleton bean 'org.springframework.boot.autoconfigure.info.ProjectInfoAutoConfiguration'
2026-08-17 23:22:15 - o.s.b.f.s.DefaultListableBeanFactory - Creating shared instance of singleton bean 'spring.info-org.springframework.boot.autoconfigure.info.ProjectInfoProperties'
2026-08-17 23:22:15 - o.s.b.f.s.DefaultListableBeanFactory - Autowiring by type from bean name 'org.springframework.boot.autoconfigure.info.ProjectInfoAutoConfiguration' via constructor to bean named 'spring.info-org.springframework.boot.autoconfigure.info.ProjectInfoProperties'
2026-08-17 23:22:15 - o.s.b.f.s.DefaultListableBeanFactory - Creating shared instance of singleton bean 'org.springframework.boot.autoconfigure.task.TaskSchedulingConfigurations$ThreadPoolTaskSchedulerBuilderConfiguration'
2026-08-17 23:22:15 - o.s.b.f.s.DefaultListableBeanFactory - Creating shared instance of singleton bean 'threadPoolTaskSchedulerBuilder'
2026-08-17 23:22:15 - o.s.b.f.s.DefaultListableBeanFactory - Creating shared instance of singleton bean 'spring.task.scheduling-org.springframework.boot.autoconfigure.task.TaskSchedulingProperties'
2026-08-17 23:22:15 - o.s.b.f.s.DefaultListableBeanFactory - Autowiring by type from bean name 'threadPoolTaskSchedulerBuilder' via factory method to bean named 'spring.task.scheduling-org.springframework.boot.autoconfigure.task.TaskSchedulingProperties'
2026-08-17 23:22:15 - o.s.b.f.s.DefaultListableBeanFactory - Creating shared instance of singleton bean 'org.springframework.boot.autoconfigure.task.TaskSchedulingConfigurations$SimpleAsyncTaskSchedulerBuilderConfiguration'
2026-08-17 23:22:15 - o.s.b.f.s.DefaultListableBeanFactory - Autowiring by type from bean name 'org.springframework.boot.autoconfigure.task.TaskSchedulingConfigurations$SimpleAsyncTaskSchedulerBuilderConfiguration' via constructor to bean named 'spring.task.scheduling-org.springframework.boot.autoconfigure.task.TaskSchedulingProperties'
2026-08-17 23:22:15 - o.s.b.f.s.DefaultListableBeanFactory - Creating shared instance of singleton bean 'simpleAsyncTaskSchedulerBuilder'
2026-08-17 23:22:15 - o.s.b.f.s.DefaultListableBeanFactory - Creating shared instance of singleton bean 'org.springframework.boot.autoconfigure.task.TaskSchedulingAutoConfiguration'
2026-08-17 23:22:15 - o.s.b.f.s.DefaultListableBeanFactory - Creating shared instance of singleton bean 'org.springframework.data.web.config.ProjectingArgumentResolverRegistrar'
2026-08-17 23:22:15 - o.s.b.f.s.DefaultListableBeanFactory - Creating shared instance of singleton bean 'offsetResolver'
2026-08-17 23:22:15 - o.s.b.f.s.DefaultListableBeanFactory - Creating shared instance of singleton bean 'org.springframework.boot.transaction.jta.autoconfigure.JtaAutoConfiguration'
2026-08-17 23:22:15 - o.s.b.f.s.DefaultListableBeanFactory - Creating shared instance of singleton bean 'org.springframework.boot.jdbc.autoconfigure.DataSourcePoolMetadataProvidersConfiguration'
2026-08-17 23:22:15 - o.s.b.f.s.DefaultListableBeanFactory - Creating shared instance of singleton bean 'org.springframework.boot.jdbc.autoconfigure.DataSourceAutoConfiguration'
2026-08-17 23:22:15 - o.s.b.f.s.DefaultListableBeanFactory - Creating shared instance of singleton bean 'org.springframework.boot.transaction.autoconfigure.TransactionManagerCustomizationAutoConfiguration'
2026-08-17 23:22:15 - o.s.b.f.s.DefaultListableBeanFactory - Creating shared instance of singleton bean 'platformTransactionManagerCustomizers'
2026-08-17 23:22:15 - o.s.b.f.s.DefaultListableBeanFactory - Creating shared instance of singleton bean 'transactionExecutionListeners'
2026-08-17 23:22:15 - o.s.b.f.s.DefaultListableBeanFactory - Creating shared instance of singleton bean 'spring.transaction-org.springframework.boot.transaction.autoconfigure.TransactionProperties'
2026-08-17 23:22:15 - o.s.b.f.s.DefaultListableBeanFactory - Creating shared instance of singleton bean 'org.springframework.boot.jpa.autoconfigure.JpaBaseConfiguration$PersistenceManagedTypesConfiguration'
2026-08-17 23:22:15 - o.s.b.f.s.DefaultListableBeanFactory - Creating shared instance of singleton bean 'transactionManager'
2026-08-17 23:22:15 - o.s.b.f.s.DefaultListableBeanFactory - Creating shared instance of singleton bean 'org.springframework.boot.hibernate.autoconfigure.HibernateJpaAutoConfiguration'
2026-08-17 23:22:15 - o.s.b.f.s.DefaultListableBeanFactory - Creating shared instance of singleton bean 'org.springframework.boot.data.jpa.autoconfigure.DataJpaRepositoriesAutoConfiguration'
2026-08-17 23:22:15 - o.s.b.f.s.DefaultListableBeanFactory - Creating shared instance of singleton bean 'eagerJpaMetamodelCacheCleanup'
2026-08-17 23:22:15 - o.s.b.f.s.DefaultListableBeanFactory - Creating shared instance of singleton bean 'org.springframework.data.jpa.util.JpaMetamodelCacheCleanup'
2026-08-17 23:22:15 - o.s.b.f.s.DefaultListableBeanFactory - Creating shared instance of singleton bean 'org.springframework.data.jpa.repository.support.JpaEvaluationContextExtension'
2026-08-17 23:22:15 - o.s.b.f.s.DefaultListableBeanFactory - Creating shared instance of singleton bean 'data-jpa.repository-aot-processor#0'
2026-08-17 23:22:15 - o.s.b.f.s.DefaultListableBeanFactory - Creating shared instance of singleton bean 'org.springframework.boot.http.converter.autoconfigure.JacksonHttpMessageConvertersConfiguration'
2026-08-17 23:22:15 - o.s.b.f.s.DefaultListableBeanFactory - Creating shared instance of singleton bean 'org.springframework.boot.http.converter.autoconfigure.Jackson2HttpMessageConvertersConfiguration'
2026-08-17 23:22:15 - o.s.b.f.s.DefaultListableBeanFactory - Creating shared instance of singleton bean 'clientConvertersCustomizer'
2026-08-17 23:22:15 - o.s.b.f.s.DefaultListableBeanFactory - Creating shared instance of singleton bean 'org.springframework.boot.jdbc.autoconfigure.JdbcTemplateConfiguration'
2026-08-17 23:22:15 - o.s.b.f.s.DefaultListableBeanFactory - Creating shared instance of singleton bean 'jdbcTemplate'
2026-08-17 23:22:15 - o.s.b.f.s.DefaultListableBeanFactory - Creating shared instance of singleton bean 'spring.jdbc-org.springframework.boot.jdbc.autoconfigure.JdbcProperties'
2026-08-17 23:22:15 - o.s.b.f.s.DefaultListableBeanFactory - Autowiring by type from bean name 'jdbcTemplate' via factory method to bean named 'dataSource'
2026-08-17 23:22:15 - o.s.b.f.s.DefaultListableBeanFactory - Autowiring by type from bean name 'jdbcTemplate' via factory method to bean named 'spring.jdbc-org.springframework.boot.jdbc.autoconfigure.JdbcProperties'
2026-08-17 23:22:15 - o.s.b.f.s.DefaultListableBeanFactory - Creating shared instance of singleton bean 'org.springframework.boot.jdbc.autoconfigure.NamedParameterJdbcTemplateConfiguration'
2026-08-17 23:22:15 - o.s.b.f.s.DefaultListableBeanFactory - Creating shared instance of singleton bean 'namedParameterJdbcTemplate'
2026-08-17 23:22:15 - o.s.b.f.s.DefaultListableBeanFactory - Autowiring by type from bean name 'namedParameterJdbcTemplate' via factory method to bean named 'jdbcTemplate'
2026-08-17 23:22:15 - o.s.b.f.s.DefaultListableBeanFactory - Creating shared instance of singleton bean 'org.springframework.boot.jdbc.autoconfigure.JdbcTemplateAutoConfiguration'
2026-08-17 23:22:15 - o.s.b.f.s.DefaultListableBeanFactory - Creating shared instance of singleton bean 'org.springframework.boot.jdbc.autoconfigure.JdbcClientAutoConfiguration'
2026-08-17 23:22:15 - o.s.b.f.s.DefaultListableBeanFactory - Creating shared instance of singleton bean 'jdbcClient'
2026-08-17 23:22:15 - o.s.b.f.s.DefaultListableBeanFactory - Autowiring by type from bean name 'jdbcClient' via factory method to bean named 'namedParameterJdbcTemplate'
2026-08-17 23:22:15 - o.s.b.f.s.DefaultListableBeanFactory - Creating shared instance of singleton bean 'org.springframework.boot.persistence.autoconfigure.PersistenceExceptionTranslationAutoConfiguration'
2026-08-17 23:22:15 - o.s.b.f.s.DefaultListableBeanFactory - Creating shared instance of singleton bean 'multipartResolver'
2026-08-17 23:22:15 - o.s.b.f.s.DefaultListableBeanFactory - Creating shared instance of singleton bean 'org.springframework.boot.jdbc.autoconfigure.DataSourceTransactionManagerAutoConfiguration$JdbcTransactionManagerConfiguration'
2026-08-17 23:22:15 - o.s.b.f.s.DefaultListableBeanFactory - Creating shared instance of singleton bean 'org.springframework.boot.jdbc.autoconfigure.DataSourceTransactionManagerAutoConfiguration'
2026-08-17 23:22:15 - o.s.b.f.s.DefaultListableBeanFactory - Creating shared instance of singleton bean 'org.springframework.boot.transaction.autoconfigure.TransactionAutoConfiguration$EnableTransactionManagementConfiguration$CglibAutoProxyConfiguration'
2026-08-17 23:22:15 - o.s.b.f.s.DefaultListableBeanFactory - Creating shared instance of singleton bean 'org.springframework.boot.transaction.autoconfigure.TransactionAutoConfiguration$EnableTransactionManagementConfiguration'
2026-08-17 23:22:15 - o.s.b.f.s.DefaultListableBeanFactory - Creating shared instance of singleton bean 'org.springframework.boot.transaction.autoconfigure.TransactionAutoConfiguration$TransactionTemplateConfiguration'
2026-08-17 23:22:15 - o.s.b.f.s.DefaultListableBeanFactory - Creating shared instance of singleton bean 'transactionTemplate'
2026-08-17 23:22:15 - o.s.b.f.s.DefaultListableBeanFactory - Autowiring by type from bean name 'transactionTemplate' via factory method to bean named 'transactionManager'
2026-08-17 23:22:15 - o.s.b.f.s.DefaultListableBeanFactory - Creating shared instance of singleton bean 'org.springframework.boot.transaction.autoconfigure.TransactionAutoConfiguration'
2026-08-17 23:22:15 - o.s.c.s.DefaultLifecycleProcessor - Starting beans in phase -2147483647
2026-08-17 23:22:15 - o.s.c.s.DefaultLifecycleProcessor - Successfully started bean 'springBootLoggingLifecycle'
2026-08-17 23:22:15 - o.s.c.s.DefaultLifecycleProcessor - Starting beans in phase 1073741823
2026-08-17 23:22:15 - o.s.c.s.DefaultLifecycleProcessor - Starting beans in phase 2147481599
2026-08-17 23:22:15 - o.a.coyote.http11.Http11NioProtocol - Starting ProtocolHandler ["http-nio-8082"]
2026-08-17 23:22:15 - o.s.boot.tomcat.TomcatWebServer - Tomcat started on port 8082 (http) with context path '/'
2026-08-17 23:22:15 - o.s.c.s.DefaultLifecycleProcessor - Successfully started bean 'webServerStartStop'
2026-08-17 23:22:15 - o.s.c.s.DefaultLifecycleProcessor - Starting beans in phase 2147482623
2026-08-17 23:22:15 - o.s.c.s.DefaultLifecycleProcessor - Successfully started bean 'webServerGracefulShutdown'
2026-08-17 23:22:15 - o.s.b.a.l.ConditionEvaluationReportLogger - 


============================
CONDITIONS EVALUATION REPORT
============================


Positive matches:
-----------------

   AopAutoConfiguration matched:
      - @ConditionalOnBooleanProperty (spring.aop.auto=true) matched (OnPropertyCondition)

   AopAutoConfiguration.AspectJAutoProxyingConfiguration matched:
      - @ConditionalOnClass found required class 'org.aspectj.weaver.Advice' (OnClassCondition)

   AopAutoConfiguration.AspectJAutoProxyingConfiguration.CglibAutoProxyConfiguration matched:
      - @ConditionalOnBooleanProperty (spring.aop.proxy-target-class=true) matched (OnPropertyCondition)

   ApplicationAvailabilityAutoConfiguration#applicationAvailability matched:
      - @ConditionalOnMissingBean (types: org.springframework.boot.availability.ApplicationAvailability; SearchStrategy: all) did not find any beans (OnBeanCondition)

   DataJpaRepositoriesAutoConfiguration matched:
      - @ConditionalOnClass found required class 'org.springframework.data.jpa.repository.JpaRepository' (OnClassCondition)
      - @ConditionalOnBooleanProperty (spring.data.jpa.repositories.enabled=true) matched (OnPropertyCondition)
      - @ConditionalOnBean (types: javax.sql.DataSource; SearchStrategy: all) found bean 'dataSource'; @ConditionalOnMissingBean (types: org.springframework.data.jpa.repository.support.JpaRepositoryFactoryBean,org.springframework.data.jpa.repository.config.JpaRepositoryConfigExtension; SearchStrategy: all) did not find any beans (OnBeanCondition)

   DataSourceAutoConfiguration matched:
      - @ConditionalOnClass found required classes 'javax.sql.DataSource', 'org.springframework.jdbc.datasource.embedded.EmbeddedDatabaseType' (OnClassCondition)
      - @ConditionalOnMissingBean (types: io.r2dbc.spi.ConnectionFactory; SearchStrategy: all) did not find any beans (OnBeanCondition)

   DataSourceAutoConfiguration.PooledDataSourceConfiguration matched:
      - AnyNestedCondition 1 matched 1 did not; NestedCondition on DataSourceAutoConfiguration.PooledDataSourceCondition.PooledDataSourceAvailable PooledDataSource found supported DataSource; NestedCondition on DataSourceAutoConfiguration.PooledDataSourceCondition.ExplicitType @ConditionalOnProperty (spring.datasource.type) did not find property 'spring.datasource.type' (DataSourceAutoConfiguration.PooledDataSourceCondition)
      - @ConditionalOnMissingBean (types: javax.sql.DataSource,javax.sql.XADataSource; SearchStrategy: all) did not find any beans (OnBeanCondition)

   DataSourceAutoConfiguration.PooledDataSourceConfiguration#jdbcConnectionDetails matched:
      - @ConditionalOnMissingBean (types: org.springframework.boot.jdbc.autoconfigure.JdbcConnectionDetails; SearchStrategy: all) did not find any beans (OnBeanCondition)

   DataSourceConfiguration.Hikari matched:
      - @ConditionalOnClass found required class 'com.zaxxer.hikari.HikariDataSource' (OnClassCondition)
      - @ConditionalOnProperty (spring.datasource.type=com.zaxxer.hikari.HikariDataSource) matched (OnPropertyCondition)
      - @ConditionalOnMissingBean (types: javax.sql.DataSource; SearchStrategy: all) did not find any beans (OnBeanCondition)

   DataSourceInitializationAutoConfiguration matched:
      - @ConditionalOnClass found required class 'org.springframework.jdbc.datasource.init.DatabasePopulator' (OnClassCondition)
      - SQL InitializationDatabase Initialization default value is EMBEDDED (OnSqlInitializationCondition)
      - @ConditionalOnSingleCandidate (types: javax.sql.DataSource; SearchStrategy: all) found a single bean 'dataSource'; @ConditionalOnMissingBean (types: org.springframework.boot.sql.autoconfigure.init.ApplicationScriptDatabaseInitializer; SearchStrategy: all) did not find any beans (OnBeanCondition)

   DataSourcePoolMetadataProvidersConfiguration.HikariPoolDataSourceMetadataProviderConfiguration matched:
      - @ConditionalOnClass found required class 'com.zaxxer.hikari.HikariDataSource' (OnClassCondition)

   DataSourceTransactionManagerAutoConfiguration matched:
      - @ConditionalOnClass found required classes 'javax.sql.DataSource', 'org.springframework.jdbc.core.JdbcTemplate', 'org.springframework.transaction.TransactionManager' (OnClassCondition)

   DataSourceTransactionManagerAutoConfiguration.JdbcTransactionManagerConfiguration matched:
      - @ConditionalOnSingleCandidate (types: javax.sql.DataSource; SearchStrategy: all) found a single bean 'dataSource' (OnBeanCondition)

   DataWebAutoConfiguration matched:
      - @ConditionalOnClass found required classes 'org.springframework.data.web.PageableHandlerMethodArgumentResolver', 'org.springframework.web.servlet.config.annotation.WebMvcConfigurer' (OnClassCondition)
      - found 'session' scope (OnWebApplicationCondition)
      - @ConditionalOnMissingBean (types: org.springframework.data.web.PageableHandlerMethodArgumentResolver; SearchStrategy: all) did not find any beans (OnBeanCondition)

   DataWebAutoConfiguration#pageableCustomizer matched:
      - @ConditionalOnMissingBean (types: org.springframework.data.web.config.PageableHandlerMethodArgumentResolverCustomizer; SearchStrategy: all) did not find any beans (OnBeanCondition)

   DataWebAutoConfiguration#sortCustomizer matched:
      - @ConditionalOnMissingBean (types: org.springframework.data.web.config.SortHandlerMethodArgumentResolverCustomizer; SearchStrategy: all) did not find any beans (OnBeanCondition)

   DataWebAutoConfiguration#springDataWebSettings matched:
      - @ConditionalOnMissingBean (types: org.springframework.data.web.config.SpringDataWebSettings; SearchStrategy: all) did not find any beans (OnBeanCondition)

   DispatcherServletAutoConfiguration matched:
      - @ConditionalOnClass found required class 'org.springframework.web.servlet.DispatcherServlet' (OnClassCondition)
      - found 'session' scope (OnWebApplicationCondition)

   DispatcherServletAutoConfiguration.DispatcherServletConfiguration matched:
      - @ConditionalOnClass found required class 'jakarta.servlet.ServletRegistration' (OnClassCondition)
      - Default DispatcherServlet did not find dispatcher servlet beans (DispatcherServletAutoConfiguration.DefaultDispatcherServletCondition)

   DispatcherServletAutoConfiguration.DispatcherServletRegistrationConfiguration matched:
      - @ConditionalOnClass found required class 'jakarta.servlet.ServletRegistration' (OnClassCondition)
      - DispatcherServlet Registration did not find servlet registration bean (DispatcherServletAutoConfiguration.DispatcherServletRegistrationCondition)

   DispatcherServletAutoConfiguration.DispatcherServletRegistrationConfiguration#dispatcherServletRegistration matched:
      - @ConditionalOnBean (names: dispatcherServlet types: org.springframework.web.servlet.DispatcherServlet; SearchStrategy: all) found bean 'dispatcherServlet' (OnBeanCondition)

   ErrorMvcAutoConfiguration matched:
      - @ConditionalOnClass found required classes 'jakarta.servlet.Servlet', 'org.springframework.web.servlet.DispatcherServlet' (OnClassCondition)
      - found 'session' scope (OnWebApplicationCondition)

   ErrorMvcAutoConfiguration#basicErrorController matched:
      - @ConditionalOnMissingBean (types: org.springframework.boot.webmvc.error.ErrorController; SearchStrategy: current) did not find any beans (OnBeanCondition)

   ErrorMvcAutoConfiguration#errorAttributes matched:
      - @ConditionalOnMissingBean (types: org.springframework.boot.webmvc.error.ErrorAttributes; SearchStrategy: current) did not find any beans (OnBeanCondition)

   ErrorMvcAutoConfiguration.DefaultErrorViewResolverConfiguration#conventionErrorViewResolver matched:
      - @ConditionalOnBean (types: org.springframework.web.servlet.DispatcherServlet; SearchStrategy: all) found bean 'dispatcherServlet'; @ConditionalOnMissingBean (types: org.springframework.boot.webmvc.autoconfigure.error.ErrorViewResolver; SearchStrategy: all) did not find any beans (OnBeanCondition)

   ErrorMvcAutoConfiguration.WhitelabelErrorViewConfiguration matched:
      - @ConditionalOnBooleanProperty (spring.web.error.whitelabel.enabled=true) matched (OnPropertyCondition)
      - ErrorTemplate Missing did not find error template view (ErrorMvcAutoConfiguration.ErrorTemplateMissingCondition)

   ErrorMvcAutoConfiguration.WhitelabelErrorViewConfiguration#beanNameViewResolver matched:
      - @ConditionalOnMissingBean (types: org.springframework.web.servlet.view.BeanNameViewResolver; SearchStrategy: all) did not find any beans (OnBeanCondition)

   ErrorMvcAutoConfiguration.WhitelabelErrorViewConfiguration#defaultErrorView matched:
      - @ConditionalOnMissingBean (names: error; SearchStrategy: all) did not find any beans (OnBeanCondition)

   HibernateJpaAutoConfiguration matched:
      - @ConditionalOnClass found required classes 'org.springframework.orm.jpa.LocalContainerEntityManagerFactoryBean', 'jakarta.persistence.EntityManager', 'org.hibernate.engine.spi.SessionImplementor' (OnClassCondition)

   HibernateJpaConfiguration matched:
      - @ConditionalOnSingleCandidate (types: javax.sql.DataSource; SearchStrategy: all) found a single bean 'dataSource' (OnBeanCondition)

   HttpEncodingAutoConfiguration matched:
      - @ConditionalOnClass found required class 'org.springframework.web.filter.CharacterEncodingFilter' (OnClassCondition)
      - found 'session' scope (OnWebApplicationCondition)
      - @ConditionalOnBooleanProperty (spring.servlet.encoding.enabled=true) matched (OnPropertyCondition)

   HttpEncodingAutoConfiguration#characterEncodingFilter matched:
      - @ConditionalOnMissingBean (types: org.springframework.web.filter.CharacterEncodingFilter; SearchStrategy: all) did not find any beans (OnBeanCondition)

   HttpMessageConvertersAutoConfiguration matched:
      - @ConditionalOnClass found required class 'org.springframework.http.converter.HttpMessageConverter' (OnClassCondition)
      - NoneNestedConditions 0 matched 1 did not; NestedCondition on HttpMessageConvertersAutoConfiguration.NotReactiveWebApplicationCondition.ReactiveWebApplication did not find reactive web application classes (HttpMessageConvertersAutoConfiguration.NotReactiveWebApplicationCondition)

   HttpMessageConvertersAutoConfiguration.StringHttpMessageConverterConfiguration#stringHttpMessageConvertersCustomizer matched:
      - @ConditionalOnMissingBean (types: org.springframework.http.converter.StringHttpMessageConverter; SearchStrategy: all) did not find any beans (OnBeanCondition)

   JacksonAutoConfiguration matched:
      - @ConditionalOnClass found required class 'tools.jackson.databind.json.JsonMapper' (OnClassCondition)

   JacksonAutoConfiguration#jacksonJsonMapper matched:
      - @ConditionalOnMissingBean (types: tools.jackson.databind.json.JsonMapper; SearchStrategy: all) did not find any beans (OnBeanCondition)

   JacksonAutoConfiguration#jsonFactory matched:
      - @ConditionalOnMissingBean (types: tools.jackson.core.json.JsonFactory; SearchStrategy: all) did not find any beans (OnBeanCondition)

   JacksonAutoConfiguration#jsonMapperBuilder matched:
      - @ConditionalOnMissingBean (types: tools.jackson.databind.json.JsonMapper$Builder; SearchStrategy: all) did not find any beans (OnBeanCondition)

   JacksonAutoConfiguration.JsonProblemDetailsConfiguration matched:
      - @ConditionalOnClass found required class 'org.springframework.http.ProblemDetail' (OnClassCondition)

   JacksonHttpMessageConvertersConfiguration.JacksonJsonHttpMessageConverterConfiguration matched:
      - @ConditionalOnClass found required class 'tools.jackson.databind.json.JsonMapper' (OnClassCondition)
      - @ConditionalOnProperty (spring.http.converters.preferred-json-mapper=jackson) matched (OnPropertyCondition)
      - @ConditionalOnBean (types: tools.jackson.databind.json.JsonMapper; SearchStrategy: all) found bean 'jacksonJsonMapper' (OnBeanCondition)

   JacksonHttpMessageConvertersConfiguration.JacksonJsonHttpMessageConverterConfiguration#jacksonJsonHttpMessageConvertersCustomizer matched:
      - @ConditionalOnMissingBean (types: org.springframework.http.converter.json.JacksonJsonHttpMessageConverter ignored: org.springframework.hateoas.server.mvc.TypeConstrainedJacksonJsonHttpMessageConverter,org.springframework.data.rest.webmvc.alps.AlpsJacksonJsonHttpMessageConverter; SearchStrategy: all) did not find any beans (OnBeanCondition)

   JdbcClientAutoConfiguration matched:
      - @ConditionalOnSingleCandidate (types: org.springframework.jdbc.core.namedparam.NamedParameterJdbcTemplate; SearchStrategy: all) found a single bean 'namedParameterJdbcTemplate'; @ConditionalOnMissingBean (types: org.springframework.jdbc.core.simple.JdbcClient; SearchStrategy: all) did not find any beans (OnBeanCondition)

   JdbcTemplateAutoConfiguration matched:
      - @ConditionalOnClass found required classes 'javax.sql.DataSource', 'org.springframework.jdbc.core.JdbcTemplate' (OnClassCondition)
      - @ConditionalOnSingleCandidate (types: javax.sql.DataSource; SearchStrategy: all) found a single bean 'dataSource' (OnBeanCondition)

   JdbcTemplateConfiguration matched:
      - @ConditionalOnMissingBean (types: org.springframework.jdbc.core.JdbcOperations; SearchStrategy: all) did not find any beans (OnBeanCondition)

   JpaBaseConfiguration#entityManagerFactory matched:
      - @ConditionalOnMissingBean (types: org.springframework.orm.jpa.LocalContainerEntityManagerFactoryBean,jakarta.persistence.EntityManagerFactory; SearchStrategy: all) did not find any beans (OnBeanCondition)

   JpaBaseConfiguration#entityManagerFactoryBuilder matched:
      - @ConditionalOnMissingBean (types: org.springframework.boot.jpa.EntityManagerFactoryBuilder; SearchStrategy: all) did not find any beans (OnBeanCondition)

   JpaBaseConfiguration#jpaVendorAdapter matched:
      - @ConditionalOnMissingBean (types: org.springframework.orm.jpa.JpaVendorAdapter; SearchStrategy: all) did not find any beans (OnBeanCondition)

   JpaBaseConfiguration#transactionManager matched:
      - @ConditionalOnMissingBean (types: org.springframework.transaction.TransactionManager; SearchStrategy: all) did not find any beans (OnBeanCondition)

   JpaBaseConfiguration.JpaWebConfiguration matched:
      - @ConditionalOnClass found required class 'org.springframework.web.servlet.config.annotation.WebMvcConfigurer' (OnClassCondition)
      - found 'session' scope (OnWebApplicationCondition)
      - @ConditionalOnBooleanProperty (spring.jpa.open-in-view=true) matched (OnPropertyCondition)
      - @ConditionalOnMissingBean (types: org.springframework.orm.jpa.support.OpenEntityManagerInViewInterceptor,org.springframework.orm.jpa.support.OpenEntityManagerInViewFilter; SearchStrategy: all) did not find any beans (OnBeanCondition)

   JpaBaseConfiguration.PersistenceManagedTypesConfiguration matched:
      - @ConditionalOnMissingBean (types: org.springframework.orm.jpa.LocalContainerEntityManagerFactoryBean,jakarta.persistence.EntityManagerFactory; SearchStrategy: all) did not find any beans (OnBeanCondition)

   JpaBaseConfiguration.PersistenceManagedTypesConfiguration#persistenceManagedTypes matched:
      - @ConditionalOnMissingBean (types: org.springframework.orm.jpa.persistenceunit.PersistenceManagedTypes; SearchStrategy: all) did not find any beans (OnBeanCondition)

   JtaAutoConfiguration matched:
      - @ConditionalOnClass found required class 'jakarta.transaction.Transaction' (OnClassCondition)
      - @ConditionalOnBooleanProperty (spring.jta.enabled=true) matched (OnPropertyCondition)

   LifecycleAutoConfiguration#defaultLifecycleProcessor matched:
      - @ConditionalOnMissingBean (names: lifecycleProcessor; SearchStrategy: current) did not find any beans (OnBeanCondition)

   MultipartAutoConfiguration matched:
      - @ConditionalOnClass found required classes 'jakarta.servlet.Servlet', 'org.springframework.web.multipart.support.StandardServletMultipartResolver', 'jakarta.servlet.MultipartConfigElement' (OnClassCondition)
      - found 'session' scope (OnWebApplicationCondition)
      - @ConditionalOnBooleanProperty (spring.servlet.multipart.enabled=true) matched (OnPropertyCondition)

   MultipartAutoConfiguration#multipartConfigElement matched:
      - @ConditionalOnMissingBean (types: jakarta.servlet.MultipartConfigElement; SearchStrategy: all) did not find any beans (OnBeanCondition)

   MultipartAutoConfiguration#multipartResolver matched:
      - @ConditionalOnMissingBean (types: org.springframework.web.multipart.MultipartResolver; SearchStrategy: all) did not find any beans (OnBeanCondition)

   NamedParameterJdbcTemplateConfiguration matched:
      - @ConditionalOnSingleCandidate (types: org.springframework.jdbc.core.JdbcTemplate; SearchStrategy: all) found a single bean 'jdbcTemplate'; @ConditionalOnMissingBean (types: org.springframework.jdbc.core.namedparam.NamedParameterJdbcOperations; SearchStrategy: all) did not find any beans (OnBeanCondition)

   PersistenceExceptionTranslationAutoConfiguration matched:
      - @ConditionalOnClass found required class 'org.springframework.dao.annotation.PersistenceExceptionTranslationPostProcessor' (OnClassCondition)

   PersistenceExceptionTranslationAutoConfiguration#persistenceExceptionTranslationPostProcessor matched:
      - @ConditionalOnBooleanProperty (spring.persistence.exceptiontranslation.enabled=true) matched (OnPropertyCondition)
      - @ConditionalOnMissingBean (types: org.springframework.dao.annotation.PersistenceExceptionTranslationPostProcessor; SearchStrategy: all) did not find any beans (OnBeanCondition)

   PropertyPlaceholderAutoConfiguration#propertySourcesPlaceholderConfigurer matched:
      - @ConditionalOnMissingBean (types: org.springframework.context.support.PropertySourcesPlaceholderConfigurer; SearchStrategy: current) did not find any beans (OnBeanCondition)

   SslAutoConfiguration#sslBundleRegistry matched:
      - @ConditionalOnMissingBean (types: org.springframework.boot.ssl.SslBundleRegistry,org.springframework.boot.ssl.SslBundles; SearchStrategy: all) did not find any beans (OnBeanCondition)

   TaskExecutionAutoConfiguration matched:
      - @ConditionalOnClass found required class 'org.springframework.scheduling.concurrent.ThreadPoolTaskExecutor' (OnClassCondition)

   TaskExecutorConfigurations.AsyncConfigurerConfiguration matched:
      - @ConditionalOnMissingBean (types: org.springframework.scheduling.annotation.AsyncConfigurer; SearchStrategy: all) did not find any beans (OnBeanCondition)

   TaskExecutorConfigurations.SimpleAsyncTaskExecutorBuilderConfiguration#simpleAsyncTaskExecutorBuilder matched:
      - @ConditionalOnMissingBean (types: org.springframework.boot.task.SimpleAsyncTaskExecutorBuilder; SearchStrategy: all) did not find any beans (OnBeanCondition)
      - @ConditionalOnThreading found PLATFORM (OnThreadingCondition)

   TaskExecutorConfigurations.TaskExecutorConfiguration matched:
      - AnyNestedCondition 1 matched 1 did not; NestedCondition on TaskExecutorConfigurations.OnExecutorCondition.ModelCondition @ConditionalOnProperty (spring.task.execution.mode=force) did not find property 'spring.task.execution.mode'; NestedCondition on TaskExecutorConfigurations.OnExecutorCondition.ExecutorBeanCondition @ConditionalOnMissingBean (types: java.util.concurrent.Executor; SearchStrategy: all) did not find any beans (TaskExecutorConfigurations.OnExecutorCondition)

   TaskExecutorConfigurations.TaskExecutorConfiguration#applicationTaskExecutor matched:
      - @ConditionalOnThreading found PLATFORM (OnThreadingCondition)

   TaskExecutorConfigurations.ThreadPoolTaskExecutorBuilderConfiguration#threadPoolTaskExecutorBuilder matched:
      - @ConditionalOnMissingBean (types: org.springframework.boot.task.ThreadPoolTaskExecutorBuilder; SearchStrategy: all) did not find any beans (OnBeanCondition)

   TaskSchedulingAutoConfiguration matched:
      - @ConditionalOnClass found required class 'org.springframework.scheduling.concurrent.ThreadPoolTaskScheduler' (OnClassCondition)

   TaskSchedulingConfigurations.SimpleAsyncTaskSchedulerBuilderConfiguration#simpleAsyncTaskSchedulerBuilder matched:
      - @ConditionalOnMissingBean (types: org.springframework.boot.task.SimpleAsyncTaskSchedulerBuilder; SearchStrategy: all) did not find any beans (OnBeanCondition)
      - @ConditionalOnThreading found PLATFORM (OnThreadingCondition)

   TaskSchedulingConfigurations.ThreadPoolTaskSchedulerBuilderConfiguration#threadPoolTaskSchedulerBuilder matched:
      - @ConditionalOnMissingBean (types: org.springframework.boot.task.ThreadPoolTaskSchedulerBuilder; SearchStrategy: all) did not find any beans (OnBeanCondition)

   TomcatServletWebServerAutoConfiguration matched:
      - @ConditionalOnClass found required classes 'jakarta.servlet.ServletRequest', 'org.apache.catalina.startup.Tomcat', 'org.apache.coyote.UpgradeProtocol', 'org.springframework.boot.tomcat.servlet.TomcatServletWebServerFactory' (OnClassCondition)
      - found 'session' scope (OnWebApplicationCondition)

   TomcatServletWebServerAutoConfiguration#tomcatServletWebServerFactory matched:
      - @ConditionalOnMissingBean (types: org.springframework.boot.web.server.servlet.ServletWebServerFactory; SearchStrategy: current) did not find any beans (OnBeanCondition)

   TomcatWebServerConfiguration matched:
      - @ConditionalOnWarDeployment the application is not deployed as a WAR file. (OnWarDeploymentCondition)

   TomcatWebServerConfiguration.TomcatWebSocketConfiguration matched:
      - @ConditionalOnClass found required class 'org.apache.tomcat.websocket.server.WsSci' (OnClassCondition)

   TransactionAutoConfiguration matched:
      - @ConditionalOnClass found required class 'org.springframework.transaction.PlatformTransactionManager' (OnClassCondition)

   TransactionAutoConfiguration.EnableTransactionManagementConfiguration matched:
      - @ConditionalOnBean (types: org.springframework.transaction.TransactionManager; SearchStrategy: all) found bean 'transactionManager'; @ConditionalOnMissingBean (types: org.springframework.transaction.annotation.AbstractTransactionManagementConfiguration; SearchStrategy: all) did not find any beans (OnBeanCondition)

   TransactionAutoConfiguration.EnableTransactionManagementConfiguration.CglibAutoProxyConfiguration matched:
      - @ConditionalOnBooleanProperty (spring.aop.proxy-target-class=true) matched (OnPropertyCondition)

   TransactionAutoConfiguration.TransactionTemplateConfiguration matched:
      - @ConditionalOnSingleCandidate (types: org.springframework.transaction.PlatformTransactionManager; SearchStrategy: all) found a single bean 'transactionManager' (OnBeanCondition)

   TransactionAutoConfiguration.TransactionTemplateConfiguration#transactionTemplate matched:
      - @ConditionalOnMissingBean (types: org.springframework.transaction.support.TransactionOperations; SearchStrategy: all) did not find any beans (OnBeanCondition)

   TransactionManagerCustomizationAutoConfiguration matched:
      - @ConditionalOnClass found required class 'org.springframework.transaction.PlatformTransactionManager' (OnClassCondition)

   TransactionManagerCustomizationAutoConfiguration#platformTransactionManagerCustomizers matched:
      - @ConditionalOnMissingBean (types: org.springframework.boot.transaction.autoconfigure.TransactionManagerCustomizers; SearchStrategy: all) did not find any beans (OnBeanCondition)

   ValidationAutoConfiguration matched:
      - @ConditionalOnClass found required class 'jakarta.validation.executable.ExecutableValidator' (OnClassCondition)
      - @ConditionalOnResource found location classpath:META-INF/services/jakarta.validation.spi.ValidationProvider (OnResourceCondition)

   ValidationAutoConfiguration#defaultValidator matched:
      - @ConditionalOnMissingBean (types: jakarta.validation.Validator; SearchStrategy: all) did not find any beans (OnBeanCondition)

   ValidationAutoConfiguration#methodValidationPostProcessor matched:
      - @ConditionalOnMissingBean (types: org.springframework.validation.beanvalidation.MethodValidationPostProcessor; SearchStrategy: current) did not find any beans (OnBeanCondition)

   WebMvcAutoConfiguration matched:
      - @ConditionalOnClass found required classes 'jakarta.servlet.Servlet', 'org.springframework.web.servlet.DispatcherServlet', 'org.springframework.web.servlet.config.annotation.WebMvcConfigurer' (OnClassCondition)
      - found 'session' scope (OnWebApplicationCondition)
      - @ConditionalOnMissingBean (types: org.springframework.web.servlet.config.annotation.WebMvcConfigurationSupport; SearchStrategy: all) did not find any beans (OnBeanCondition)

   WebMvcAutoConfiguration#formContentFilter matched:
      - @ConditionalOnBooleanProperty (spring.mvc.formcontent.filter.enabled=true) matched (OnPropertyCondition)
      - @ConditionalOnMissingBean (types: org.springframework.web.filter.FormContentFilter; SearchStrategy: all) did not find any beans (OnBeanCondition)

   WebMvcAutoConfiguration.EnableWebMvcConfiguration#flashMapManager matched:
      - @ConditionalOnMissingBean (names: flashMapManager; SearchStrategy: all) did not find any beans (OnBeanCondition)

   WebMvcAutoConfiguration.EnableWebMvcConfiguration#localeResolver matched:
      - @ConditionalOnMissingBean (names: localeResolver; SearchStrategy: all) did not find any beans (OnBeanCondition)

   WebMvcAutoConfiguration.EnableWebMvcConfiguration#viewNameTranslator matched:
      - @ConditionalOnMissingBean (names: viewNameTranslator; SearchStrategy: all) did not find any beans (OnBeanCondition)

   WebMvcAutoConfiguration.WebMvcAutoConfigurationAdapter#defaultViewResolver matched:
      - @ConditionalOnMissingBean (types: org.springframework.web.servlet.view.InternalResourceViewResolver; SearchStrategy: all) did not find any beans (OnBeanCondition)

   WebMvcAutoConfiguration.WebMvcAutoConfigurationAdapter#requestContextFilter matched:
      - @ConditionalOnMissingBean (types: org.springframework.web.context.request.RequestContextListener,org.springframework.web.filter.RequestContextFilter; SearchStrategy: all) did not find any beans (OnBeanCondition)

   WebMvcAutoConfiguration.WebMvcAutoConfigurationAdapter#viewResolver matched:
      - @ConditionalOnBean (types: org.springframework.web.servlet.ViewResolver; SearchStrategy: all) found beans 'defaultViewResolver', 'beanNameViewResolver', 'mvcViewResolver'; @ConditionalOnMissingBean (names: viewResolver types: org.springframework.web.servlet.view.ContentNegotiatingViewResolver; SearchStrategy: all) did not find any beans (OnBeanCondition)


Negative matches:
-----------------

   AopAutoConfiguration.AspectJAutoProxyingConfiguration.JdkDynamicAutoProxyConfiguration:
      Did not match:
         - @ConditionalOnBooleanProperty (spring.aop.proxy-target-class=false) did not find property 'spring.aop.proxy-target-class' (OnPropertyCondition)

   AopAutoConfiguration.ClassProxyingConfiguration:
      Did not match:
         - @ConditionalOnMissingClass found unwanted class 'org.aspectj.weaver.Advice' (OnClassCondition)

   DataJpaRepositoriesAutoConfiguration#entityManagerFactoryBootstrapExecutorCustomizer:
      Did not match:
         - @ConditionalOnProperty (spring.data.jpa.repositories.bootstrap-mode=deferred) did not find property 'spring.data.jpa.repositories.bootstrap-mode' (OnPropertyCondition)

   DataRepositoryMetricsAutoConfiguration:
      Did not match:
         - @ConditionalOnBean did not find required type 'io.micrometer.core.instrument.MeterRegistry' (OnBeanCondition)

   DataSourceAutoConfiguration.EmbeddedDatabaseConfiguration:
      Did not match:
         - EmbeddedDataSource spring.datasource.url is set (DataSourceAutoConfiguration.EmbeddedDatabaseCondition)

   DataSourceCheckpointRestoreConfiguration:
      Did not match:
         - @ConditionalOnClass did not find required class 'org.crac.Resource' (OnClassCondition)

   DataSourceConfiguration.Dbcp2:
      Did not match:
         - @ConditionalOnClass did not find required class 'org.apache.commons.dbcp2.BasicDataSource' (OnClassCondition)

   DataSourceConfiguration.Generic:
      Did not match:
         - @ConditionalOnProperty (spring.datasource.type) did not find property 'spring.datasource.type' (OnPropertyCondition)

   DataSourceConfiguration.OracleUcp:
      Did not match:
         - @ConditionalOnClass did not find required classes 'oracle.ucp.jdbc.PoolDataSourceImpl', 'oracle.jdbc.OracleConnection' (OnClassCondition)

   DataSourceConfiguration.Tomcat:
      Did not match:
         - @ConditionalOnClass did not find required class 'org.apache.tomcat.jdbc.pool.DataSource' (OnClassCondition)

   DataSourceHealthContributorAutoConfiguration:
      Did not match:
         - @ConditionalOnClass did not find required class 'org.springframework.boot.health.autoconfigure.contributor.ConditionalOnEnabledHealthIndicator' (OnClassCondition)

   DataSourceJmxConfiguration:
      Did not match:
         - @ConditionalOnBooleanProperty (spring.jmx.enabled=true) did not find property 'spring.jmx.enabled' (OnPropertyCondition)

   DataSourcePoolMetadataProvidersConfiguration.CommonsDbcp2PoolDataSourceMetadataProviderConfiguration:
      Did not match:
         - @ConditionalOnClass did not find required class 'org.apache.commons.dbcp2.BasicDataSource' (OnClassCondition)

   DataSourcePoolMetadataProvidersConfiguration.OracleUcpPoolDataSourceMetadataProviderConfiguration:
      Did not match:
         - @ConditionalOnClass did not find required classes 'oracle.ucp.jdbc.PoolDataSource', 'oracle.jdbc.OracleConnection' (OnClassCondition)

   DataSourcePoolMetadataProvidersConfiguration.TomcatDataSourcePoolMetadataProviderConfiguration:
      Did not match:
         - @ConditionalOnClass did not find required class 'org.apache.tomcat.jdbc.pool.DataSource' (OnClassCondition)

   DataSourcePoolMetricsAutoConfiguration:
      Did not match:
         - @ConditionalOnClass did not find required class 'io.micrometer.core.instrument.MeterRegistry' (OnClassCondition)

   DataSourceTransactionManagerAutoConfiguration.JdbcTransactionManagerConfiguration#transactionManager:
      Did not match:
         - @ConditionalOnMissingBean (types: org.springframework.transaction.TransactionManager; SearchStrategy: all) found beans of type 'org.springframework.transaction.TransactionManager' transactionManager (OnBeanCondition)

   DispatcherServletAutoConfiguration.DispatcherServletConfiguration#multipartResolver:
      Did not match:
         - @ConditionalOnBean (types: org.springframework.web.multipart.MultipartResolver; SearchStrategy: all) did not find any beans of type org.springframework.web.multipart.MultipartResolver (OnBeanCondition)

   GsonHttpMessageConvertersConfiguration:
      Did not match:
         - @ConditionalOnClass did not find required class 'com.google.gson.Gson' (OnClassCondition)

   HibernateMetricsAutoConfiguration:
      Did not match:
         - @ConditionalOnClass did not find required class 'io.micrometer.core.instrument.MeterRegistry' (OnClassCondition)

   Jackson2HttpMessageConvertersConfiguration.MappingJackson2HttpMessageConverterConfiguration:
      Did not match:
         - @ConditionalOnClass did not find required class 'com.fasterxml.jackson.databind.ObjectMapper' (OnClassCondition)

   Jackson2HttpMessageConvertersConfiguration.MappingJackson2XmlHttpMessageConverterConfiguration:
      Did not match:
         - @ConditionalOnClass did not find required class 'com.fasterxml.jackson.dataformat.xml.XmlMapper' (OnClassCondition)

   JacksonAutoConfiguration.CborConfiguration:
      Did not match:
         - @ConditionalOnClass did not find required class 'tools.jackson.dataformat.cbor.CBORMapper' (OnClassCondition)

   JacksonAutoConfiguration.XmlConfiguration:
      Did not match:
         - @ConditionalOnClass did not find required class 'tools.jackson.dataformat.xml.XmlMapper' (OnClassCondition)

   JacksonHttpMessageConvertersConfiguration.JacksonXmlHttpMessageConverterConfiguration:
      Did not match:
         - @ConditionalOnClass did not find required class 'tools.jackson.dataformat.xml.XmlMapper' (OnClassCondition)

   JmxAutoConfiguration:
      Did not match:
         - @ConditionalOnBooleanProperty (spring.jmx.enabled=true) did not find property 'spring.jmx.enabled' (OnPropertyCondition)
      Matched:
         - @ConditionalOnClass found required class 'org.springframework.jmx.export.MBeanExporter' (OnClassCondition)

   JndiDataSourceAutoConfiguration:
      Did not match:
         - @ConditionalOnProperty (spring.datasource.jndi-name) did not find property 'spring.datasource.jndi-name' (OnPropertyCondition)
      Matched:
         - @ConditionalOnClass found required classes 'javax.sql.DataSource', 'org.springframework.jdbc.datasource.embedded.EmbeddedDatabaseType' (OnClassCondition)

   JndiJtaConfiguration:
      Did not match:
         - @ConditionalOnJndi JNDI environment is not available (OnJndiCondition)
      Matched:
         - @ConditionalOnClass found required class 'org.springframework.transaction.jta.JtaTransactionManager' (OnClassCondition)

   JsonbHttpMessageConvertersConfiguration:
      Did not match:
         - @ConditionalOnClass did not find required class 'jakarta.json.bind.Jsonb' (OnClassCondition)

   KotlinSerializationHttpMessageConvertersConfiguration:
      Did not match:
         - @ConditionalOnClass did not find required classes 'kotlinx.serialization.Serializable', 'kotlinx.serialization.json.Json' (OnClassCondition)

   LazyConnectionDataSourceConfiguration:
      Did not match:
         - @ConditionalOnProperty (spring.datasource.connection-fetch=lazy) did not find property 'spring.datasource.connection-fetch' (OnPropertyCondition)

   MessageSourceAutoConfiguration:
      Did not match:
         - ResourceBundle did not find bundle with basename messages (MessageSourceAutoConfiguration.ResourceBundleCondition)

   ProjectInfoAutoConfiguration#buildProperties:
      Did not match:
         - @ConditionalOnResource did not find resource '${spring.info.build.location:classpath:META-INF/build-info.properties}' (OnResourceCondition)

   ProjectInfoAutoConfiguration#gitProperties:
      Did not match:
         - GitResource did not find git info at classpath:git.properties (ProjectInfoAutoConfiguration.GitResourceAvailableCondition)

   ServletHttpExchangesAutoConfiguration:
      Did not match:
         - @ConditionalOnBean did not find required type 'org.springframework.boot.actuate.web.exchanges.HttpExchangeRepository' (OnBeanCondition)

   ServletManagementContextAutoConfiguration:
      Did not match:
         - @ConditionalOnClass did not find required class 'org.springframework.boot.actuate.autoconfigure.endpoint.web.WebEndpointProperties' (OnClassCondition)

   ServletMappingsAutoConfiguration:
      Did not match:
         - @ConditionalOnClass did not find required class 'org.springframework.boot.actuate.autoconfigure.endpoint.condition.ConditionalOnAvailableEndpoint' (OnClassCondition)

   ServletWebServerConfiguration#forwardedHeaderFilter:
      Did not match:
         - @ConditionalOnProperty (server.forward-headers-strategy=framework) did not find property 'server.forward-headers-strategy' (OnPropertyCondition)

   SpringApplicationAdminJmxAutoConfiguration:
      Did not match:
         - @ConditionalOnBooleanProperty (spring.application.admin.enabled=true) did not find property 'spring.application.admin.enabled' (OnPropertyCondition)

   TaskExecutorConfigurations.AsyncConfigurerWrapperConfiguration:
      Did not match:
         - @ConditionalOnBean (types: org.springframework.scheduling.annotation.AsyncConfigurer; SearchStrategy: all) did not find any beans of type org.springframework.scheduling.annotation.AsyncConfigurer (OnBeanCondition)

   TaskExecutorConfigurations.SimpleAsyncTaskExecutorBuilderConfiguration#simpleAsyncTaskExecutorBuilderVirtualThreads:
      Did not match:
         - @ConditionalOnMissingBean (types: org.springframework.boot.task.SimpleAsyncTaskExecutorBuilder; SearchStrategy: all) found beans of type 'org.springframework.boot.task.SimpleAsyncTaskExecutorBuilder' simpleAsyncTaskExecutorBuilder (OnBeanCondition)

   TaskExecutorConfigurations.TaskExecutorConfiguration#applicationTaskExecutorVirtualThreads:
      Did not match:
         - @ConditionalOnThreading did not find VIRTUAL (OnThreadingCondition)

   TaskExecutorConfigurations.TaskExecutorContextPropagationConfiguration:
      Did not match:
         - @ConditionalOnClass did not find required class 'io.micrometer.context.ContextSnapshot' (OnClassCondition)

   TaskSchedulingAutoConfiguration#scheduledBeanLazyInitializationExcludeFilter:
      Did not match:
         - @ConditionalOnBean (names: org.springframework.scheduling.config.internalScheduledAnnotationProcessor; SearchStrategy: all) did not find any beans named org.springframework.scheduling.config.internalScheduledAnnotationProcessor (OnBeanCondition)

   TaskSchedulingConfigurations.SimpleAsyncTaskSchedulerBuilderConfiguration#simpleAsyncTaskSchedulerBuilderVirtualThreads:
      Did not match:
         - @ConditionalOnMissingBean (types: org.springframework.boot.task.SimpleAsyncTaskSchedulerBuilder; SearchStrategy: all) found beans of type 'org.springframework.boot.task.SimpleAsyncTaskSchedulerBuilder' simpleAsyncTaskSchedulerBuilder (OnBeanCondition)

   TaskSchedulingConfigurations.TaskSchedulerConfiguration:
      Did not match:
         - @ConditionalOnBean (names: org.springframework.scheduling.config.internalScheduledAnnotationProcessor; SearchStrategy: all) did not find any beans named org.springframework.scheduling.config.internalScheduledAnnotationProcessor (OnBeanCondition)

   TomcatMetricsAutoConfiguration:
      Did not match:
         - @ConditionalOnClass did not find required class 'io.micrometer.core.instrument.binder.tomcat.TomcatMetrics' (OnClassCondition)

   TomcatReactiveManagementContextAutoConfiguration:
      Did not match:
         - @ConditionalOnClass did not find required class 'org.springframework.boot.actuate.autoconfigure.web.server.ManagementContextFactory' (OnClassCondition)

   TomcatReactiveWebServerAutoConfiguration:
      Did not match:
         - @ConditionalOnWebApplication did not find reactive web application classes (OnWebApplicationCondition)

   TomcatServletManagementContextAutoConfiguration:
      Did not match:
         - @ConditionalOnClass did not find required class 'org.springframework.boot.actuate.autoconfigure.web.server.ManagementContextFactory' (OnClassCondition)

   TomcatServletWebServerAutoConfiguration#tomcatForwardedHeaderFilterCustomizer:
      Did not match:
         - @ConditionalOnProperty (server.forward-headers-strategy=framework) did not find property 'server.forward-headers-strategy' (OnPropertyCondition)

   TomcatWebServerConfiguration#tomcatVirtualThreadsProtocolHandlerCustomizer:
      Did not match:
         - @ConditionalOnThreading did not find VIRTUAL (OnThreadingCondition)

   TransactionAutoConfiguration#transactionalOperator:
      Did not match:
         - @ConditionalOnSingleCandidate (types: org.springframework.transaction.ReactiveTransactionManager; SearchStrategy: all) did not find any beans (OnBeanCondition)

   TransactionAutoConfiguration.AspectJTransactionManagementConfiguration:
      Did not match:
         - @ConditionalOnBean (types: org.springframework.transaction.aspectj.AbstractTransactionAspect; SearchStrategy: all) did not find any beans of type org.springframework.transaction.aspectj.AbstractTransactionAspect (OnBeanCondition)

   TransactionAutoConfiguration.EnableTransactionManagementConfiguration.JdkDynamicAutoProxyConfiguration:
      Did not match:
         - @ConditionalOnBooleanProperty (spring.aop.proxy-target-class=false) did not find property 'spring.aop.proxy-target-class' (OnPropertyCondition)

   WebMvcAutoConfiguration#hiddenHttpMethodFilter:
      Did not match:
         - @ConditionalOnBooleanProperty (spring.mvc.hiddenmethod.filter.enabled=true) did not find property 'spring.mvc.hiddenmethod.filter.enabled' (OnPropertyCondition)

   WebMvcAutoConfiguration.ProblemDetailsErrorHandlingConfiguration:
      Did not match:
         - @ConditionalOnBooleanProperty (spring.mvc.problemdetails.enabled=true) did not find property 'spring.mvc.problemdetails.enabled' (OnPropertyCondition)

   WebMvcAutoConfiguration.ResourceChainCustomizerConfiguration:
      Did not match:
         - @ConditionalOnEnabledResourceChain did not find class org.webjars.WebJarVersionLocator (OnEnabledResourceChainCondition)

   WebMvcAutoConfiguration.WebMvcAutoConfigurationAdapter#beanNameViewResolver:
      Did not match:
         - @ConditionalOnMissingBean (types: org.springframework.web.servlet.view.BeanNameViewResolver; SearchStrategy: all) found beans of type 'org.springframework.web.servlet.view.BeanNameViewResolver' beanNameViewResolver (OnBeanCondition)

   WebMvcHealthEndpointExtensionAutoConfiguration:
      Did not match:
         - @ConditionalOnClass did not find required class 'org.springframework.boot.health.actuate.endpoint.HealthEndpoint' (OnClassCondition)

   WebMvcMappingsAutoConfiguration:
      Did not match:
         - @ConditionalOnClass did not find required class 'org.springframework.boot.actuate.autoconfigure.endpoint.condition.ConditionalOnAvailableEndpoint' (OnClassCondition)

   WebMvcObservationAutoConfiguration:
      Did not match:
         - @ConditionalOnClass did not find required class 'org.springframework.boot.micrometer.observation.autoconfigure.ObservationProperties' (OnClassCondition)

   XADataSourceAutoConfiguration:
      Did not match:
         - @ConditionalOnBean (types: org.springframework.boot.jdbc.XADataSourceWrapper; SearchStrategy: all) did not find any beans of type org.springframework.boot.jdbc.XADataSourceWrapper (OnBeanCondition)
      Matched:
         - @ConditionalOnClass found required classes 'javax.sql.DataSource', 'jakarta.transaction.TransactionManager', 'org.springframework.jdbc.datasource.embedded.EmbeddedDatabaseType' (OnClassCondition)


Exclusions:
-----------

    None


Unconditional classes:
----------------------

    org.springframework.boot.autoconfigure.context.ConfigurationPropertiesAutoConfiguration

    org.springframework.boot.autoconfigure.ssl.SslAutoConfiguration

    org.springframework.boot.autoconfigure.context.LifecycleAutoConfiguration

    org.springframework.boot.autoconfigure.context.PropertyPlaceholderAutoConfiguration

    org.springframework.boot.autoconfigure.availability.ApplicationAvailabilityAutoConfiguration

    org.springframework.boot.autoconfigure.info.ProjectInfoAutoConfiguration



2026-08-17 23:22:15 - c.r.E.ExpenseTrackerApplication - Started ExpenseTrackerApplication in 4.108 seconds (process running for 4.506)
2026-08-17 23:22:15 - o.s.b.a.ApplicationAvailabilityBean - Application availability state LivenessState changed to CORRECT
2026-08-17 23:22:15 - o.s.b.a.ApplicationAvailabilityBean - Application availability state ReadinessState changed to ACCEPTING_TRAFFIC
2026-08-17 23:22:43 - com.zaxxer.hikari.pool.HikariPool - HikariPool-1 - Pool stats (total=10/10, idle=10/10, active=0, waiting=0)
2026-08-17 23:22:43 - com.zaxxer.hikari.pool.HikariPool - HikariPool-1 - Fill pool skipped, pool has sufficient level or currently being filled.
2026-08-17 23:22:55 - o.a.c.c.C.[Tomcat].[localhost].[/] - Initializing Spring DispatcherServlet 'dispatcherServlet'
2026-08-17 23:22:55 - o.s.web.servlet.DispatcherServlet - Initializing Servlet 'dispatcherServlet'
2026-08-17 23:22:55 - o.s.web.servlet.DispatcherServlet - Detected StandardServletMultipartResolver
2026-08-17 23:22:55 - o.s.web.servlet.DispatcherServlet - Detected AcceptHeaderLocaleResolver
2026-08-17 23:22:55 - o.s.web.servlet.DispatcherServlet - Detected org.springframework.web.servlet.view.DefaultRequestToViewNameTranslator@3a2881d6
2026-08-17 23:22:55 - o.s.web.servlet.DispatcherServlet - Detected org.springframework.web.servlet.support.SessionFlashMapManager@427c2c96
2026-08-17 23:22:55 - o.s.web.servlet.DispatcherServlet - enableLoggingRequestDetails='false': request parameters and headers will be masked to prevent unsafe logging of potentially sensitive data
2026-08-17 23:22:55 - o.s.web.servlet.DispatcherServlet - Completed initialization in 1 ms
2026-08-17 23:22:55 - o.s.web.servlet.DispatcherServlet - GET "/Expense", parameters={}
2026-08-17 23:22:55 - o.s.w.s.m.m.a.RequestMappingHandlerMapping - Mapped to com.rakesh.ExpenseTracker.controller.ExpenseController#getAllExpenses()
2026-08-17 23:22:55 - o.s.o.j.s.OpenEntityManagerInViewInterceptor - Opening JPA EntityManager in OpenEntityManagerInViewInterceptor
2026-08-17 23:22:55 - org.hibernate.orm.core - HHH006588: Opening session [tenant=null]
2026-08-17 23:22:55 - c.r.E.controller.ExpenseController - getAllExpanses Controller entered
2026-08-17 23:22:55 - o.s.orm.jpa.JpaTransactionManager - Found thread-bound EntityManager [SessionImpl(26776670<open>)] for JPA transaction
2026-08-17 23:22:55 - o.s.orm.jpa.JpaTransactionManager - Creating new transaction with name [org.springframework.data.jpa.repository.support.SimpleJpaRepository.findAll]: PROPAGATION_REQUIRED,ISOLATION_DEFAULT,readOnly
2026-08-17 23:22:55 - o.s.jdbc.datasource.DataSourceUtils - Setting JDBC Connection [HikariProxyConnection@343210789 wrapping com.mysql.cj.jdbc.ConnectionImpl@71285693] read-only
2026-08-17 23:22:55 - org.hibernate.orm.core - HHH006583: Beginning transaction
2026-08-17 23:22:55 - o.s.orm.jpa.JpaTransactionManager - Exposing JPA transaction as JDBC [org.springframework.orm.jpa.vendor.HibernateJpaDialect$HibernateConnectionHandle@35f4161c]
2026-08-17 23:22:55 - org.hibernate.SQL - 
    select
        e1_0.id,
        e1_0.amount,
        e1_0.spend_on 
    from
        expense e1_0
2026-08-17 23:22:55 - o.s.orm.jpa.JpaTransactionManager - Initiating transaction commit
2026-08-17 23:22:55 - o.s.orm.jpa.JpaTransactionManager - Committing JPA transaction on EntityManager [SessionImpl(26776670<open>)]
2026-08-17 23:22:55 - org.hibernate.orm.core - HHH006584: Committing transaction
2026-08-17 23:22:55 - o.s.jdbc.datasource.DataSourceUtils - Resetting read-only flag of JDBC Connection [HikariProxyConnection@343210789 wrapping com.mysql.cj.jdbc.ConnectionImpl@71285693]
2026-08-17 23:22:55 - o.s.orm.jpa.JpaTransactionManager - Not closing pre-bound JPA EntityManager after transaction
2026-08-17 23:22:55 - o.s.w.s.m.m.a.HttpEntityMethodProcessor - Using 'application/json', given [*/*] and supported [application/json, application/*+json]
2026-08-17 23:22:55 - o.s.w.s.m.m.a.HttpEntityMethodProcessor - Writing [[com.rakesh.ExpenseTracker.dto.ExpenseResponseDTO@7ff49ce0, com.rakesh.ExpenseTracker.dto.ExpenseRes (truncated)...]
2026-08-17 23:22:55 - o.s.o.j.s.OpenEntityManagerInViewInterceptor - Closing JPA EntityManager in OpenEntityManagerInViewInterceptor
2026-08-17 23:22:55 - org.hibernate.session.metrics - HHH000401: Logging session metrics:
	534444 ns acquiring 1 JDBC connections
	0 ns releasing 0 JDBC connections
	1986096 ns preparing 1 JDBC statements
	1008215 ns executing 1 JDBC statements
	0 ns executing 0 JDBC batches
	0 ns performing 0 second-level cache puts
	0 ns performing 0 second-level cache hits
	0 ns performing 0 second-level cache misses
	0 ns executing 0 flushes (flushing a total of 0 entities and 0 collections)
	149752 ns executing 1 pre-partial-flushes
	139693 ns executing 1 partial-flushes (flushing a total of 0 entities and 0 collections)

2026-08-17 23:22:55 - o.s.web.servlet.DispatcherServlet - Completed 200 OK
2026-08-17 23:22:59 - o.s.web.servlet.DispatcherServlet - POST "/Expense", parameters={}
2026-08-17 23:22:59 - o.s.w.s.m.m.a.RequestMappingHandlerMapping - Mapped to com.rakesh.ExpenseTracker.controller.ExpenseController#saveExpense(ExpenseRequestDTO)
2026-08-17 23:22:59 - o.s.o.j.s.OpenEntityManagerInViewInterceptor - Opening JPA EntityManager in OpenEntityManagerInViewInterceptor
2026-08-17 23:22:59 - org.hibernate.orm.core - HHH006588: Opening session [tenant=null]
2026-08-17 23:22:59 - o.s.w.s.m.m.a.RequestResponseBodyMethodProcessor - Read "application/json;charset=UTF-8" to [com.rakesh.ExpenseTracker.dto.ExpenseRequestDTO@9cd6328]
2026-08-17 23:22:59 - o.s.orm.jpa.JpaTransactionManager - Found thread-bound EntityManager [SessionImpl(1725549576<open>)] for JPA transaction
2026-08-17 23:22:59 - o.s.orm.jpa.JpaTransactionManager - Creating new transaction with name [org.springframework.data.jpa.repository.support.SimpleJpaRepository.save]: PROPAGATION_REQUIRED,ISOLATION_DEFAULT
2026-08-17 23:22:59 - org.hibernate.orm.core - HHH006583: Beginning transaction
2026-08-17 23:22:59 - o.s.orm.jpa.JpaTransactionManager - Exposing JPA transaction as JDBC [org.springframework.orm.jpa.vendor.HibernateJpaDialect$HibernateConnectionHandle@1057cf3e]
2026-08-17 23:22:59 - org.hibernate.SQL - 
    select
        next_val as id_val 
    from
        expense_seq 
    for
        update
2026-08-17 23:22:59 - org.hibernate.SQL - 
    update
        expense_seq 
    set
        next_val= ? 
    where
        next_val=?
2026-08-17 23:22:59 - o.s.orm.jpa.JpaTransactionManager - Initiating transaction commit
2026-08-17 23:22:59 - o.s.orm.jpa.JpaTransactionManager - Committing JPA transaction on EntityManager [SessionImpl(1725549576<open>)]
2026-08-17 23:22:59 - org.hibernate.orm.core - HHH006584: Committing transaction
2026-08-17 23:22:59 - org.hibernate.orm.event - HHH90060071: Flushed: 1 insertions, 0 updates, 0 deletions to 1 objects
2026-08-17 23:22:59 - org.hibernate.orm.event - HHH90060072: Flushed: 0 (re)creations, 0 updates, 0 removals to 0 collections
2026-08-17 23:22:59 - org.hibernate.orm.core - Listing entities:
2026-08-17 23:22:59 - org.hibernate.orm.core - com.rakesh.ExpenseTracker.entity.Expense{amount=500.0, spendOn=Dinner, id=102}
2026-08-17 23:22:59 - org.hibernate.SQL - 
    insert 
    into
        expense
        (amount, spend_on, id) 
    values
        (?, ?, ?)
2026-08-17 23:22:59 - o.s.orm.jpa.JpaTransactionManager - Not closing pre-bound JPA EntityManager after transaction
2026-08-17 23:22:59 - o.s.w.s.m.m.a.HttpEntityMethodProcessor - Using 'application/json', given [*/*] and supported [application/json, application/*+json]
2026-08-17 23:22:59 - o.s.w.s.m.m.a.HttpEntityMethodProcessor - Writing [com.rakesh.ExpenseTracker.dto.ExpenseResponseDTO@44987b6b]
2026-08-17 23:22:59 - o.s.o.j.s.OpenEntityManagerInViewInterceptor - Closing JPA EntityManager in OpenEntityManagerInViewInterceptor
2026-08-17 23:22:59 - org.hibernate.session.metrics - HHH000401: Logging session metrics:
	824589 ns acquiring 2 JDBC connections
	14050 ns releasing 1 JDBC connections
	703333 ns preparing 3 JDBC statements
	7746868 ns executing 3 JDBC statements
	0 ns executing 0 JDBC batches
	0 ns performing 0 second-level cache puts
	0 ns performing 0 second-level cache hits
	0 ns performing 0 second-level cache misses
	14179531 ns executing 1 flushes (flushing a total of 1 entities and 0 collections)
	0 ns executing 0 pre-partial-flushes
	0 ns executing 0 partial-flushes (flushing a total of 0 entities and 0 collections)

2026-08-17 23:22:59 - o.s.web.servlet.DispatcherServlet - Completed 201 CREATED
2026-08-17 23:23:13 - com.zaxxer.hikari.pool.HikariPool - HikariPool-1 - Pool stats (total=10/10, idle=10/10, active=0, waiting=0)
2026-08-17 23:23:13 - com.zaxxer.hikari.pool.HikariPool - HikariPool-1 - Fill pool skipped, pool has sufficient level or currently being filled.
2026-08-17 23:23:16 - o.s.b.a.ApplicationAvailabilityBean - Application availability state ReadinessState changed from ACCEPTING_TRAFFIC to REFUSING_TRAFFIC
2026-08-17 23:23:16 - o.s.b.w.s.s.c.AnnotationConfigServletWebServerApplicationContext - Closing org.springframework.boot.web.server.servlet.context.AnnotationConfigServletWebServerApplicationContext@1951b871, started on Mon Aug 17 23:22:11 IST 2026
2026-08-17 23:23:16 - o.s.c.s.DefaultLifecycleProcessor - Stopping beans in phase 2147482623
2026-08-17 23:23:16 - o.s.boot.tomcat.GracefulShutdown - Commencing graceful shutdown. Waiting for active requests to complete
2026-08-17 23:23:18 - o.s.boot.tomcat.GracefulShutdown - Graceful shutdown complete
2026-08-17 23:23:18 - o.s.c.s.DefaultLifecycleProcessor - Stopping beans in phase 2147481599
2026-08-17 23:23:18 - o.s.c.s.DefaultLifecycleProcessor - Bean 'webServerGracefulShutdown' completed its stop procedure
2026-08-17 23:23:18 - o.s.c.s.DefaultLifecycleProcessor - Bean 'webServerStartStop' completed its stop procedure
2026-08-17 23:23:18 - o.s.c.s.DefaultLifecycleProcessor - Stopping beans in phase 1073741823
2026-08-17 23:23:18 - o.s.c.s.DefaultLifecycleProcessor - Bean 'applicationTaskExecutor' completed its stop procedure
2026-08-17 23:23:18 - o.s.c.s.DefaultLifecycleProcessor - Stopping beans in phase -2147483647
2026-08-17 23:23:18 - o.s.c.s.DefaultLifecycleProcessor - Bean 'springBootLoggingLifecycle' completed its stop procedure
2026-08-17 23:23:18 - o.s.o.j.LocalContainerEntityManagerFactoryBean - Closing JPA EntityManagerFactory for persistence unit 'default'
2026-08-17 23:23:18 - org.hibernate.orm.factory - HHH90020005: Closing factory [b687e3dd-1eb7-4096-a8ac-79ed75cb4714]
2026-08-17 23:23:18 - com.zaxxer.hikari.HikariDataSource - HikariPool-1 - Shutdown initiated...
2026-08-17 23:23:18 - com.zaxxer.hikari.pool.HikariPool - HikariPool-1 - Before shutdown stats (total=10/10, idle=10/10, active=0, waiting=0)
2026-08-17 23:23:18 - com.zaxxer.hikari.pool.PoolBase - HikariPool-1 - Closing connection com.mysql.cj.jdbc.ConnectionImpl@71285693: (connection evicted)
2026-08-17 23:23:18 - com.zaxxer.hikari.pool.PoolBase - HikariPool-1 - Closing connection com.mysql.cj.jdbc.ConnectionImpl@5e49feb6: (connection evicted)
2026-08-17 23:23:18 - com.zaxxer.hikari.pool.PoolBase - HikariPool-1 - Closing connection com.mysql.cj.jdbc.ConnectionImpl@1f74f48d: (connection evicted)
2026-08-17 23:23:18 - com.zaxxer.hikari.pool.PoolBase - HikariPool-1 - Closing connection com.mysql.cj.jdbc.ConnectionImpl@2ea1680f: (connection evicted)
2026-08-17 23:23:18 - com.zaxxer.hikari.pool.PoolBase - HikariPool-1 - Closing connection com.mysql.cj.jdbc.ConnectionImpl@24645d92: (connection evicted)
2026-08-17 23:23:18 - com.zaxxer.hikari.pool.PoolBase - HikariPool-1 - Closing connection com.mysql.cj.jdbc.ConnectionImpl@7d1b4a05: (connection evicted)
2026-08-17 23:23:18 - com.zaxxer.hikari.pool.PoolBase - HikariPool-1 - Closing connection com.mysql.cj.jdbc.ConnectionImpl@1d87abe2: (connection evicted)
2026-08-17 23:23:18 - com.zaxxer.hikari.pool.PoolBase - HikariPool-1 - Closing connection com.mysql.cj.jdbc.ConnectionImpl@69accc15: (connection evicted)
2026-08-17 23:23:18 - com.zaxxer.hikari.pool.PoolBase - HikariPool-1 - Closing connection com.mysql.cj.jdbc.ConnectionImpl@4c06d5dc: (connection evicted)
2026-08-17 23:23:18 - com.zaxxer.hikari.pool.PoolBase - HikariPool-1 - Closing connection com.mysql.cj.jdbc.ConnectionImpl@a296d06: (connection evicted)
2026-08-17 23:23:18 - com.zaxxer.hikari.pool.HikariPool - HikariPool-1 - After  shutdown stats (total=0/10, idle=0/10, active=0, waiting=0)
2026-08-17 23:23:18 - com.zaxxer.hikari.HikariDataSource - HikariPool-1 - Shutdown completed.
2026-08-17 23:23:18 - o.s.s.c.ThreadPoolTaskExecutor - Shutting down ExecutorService 'applicationTaskExecutor'
2026-08-17 23:40:36 - org.jboss.logging - Logging Provider: org.jboss.logging.Slf4jLoggerProvider found via system property
2026-08-17 23:40:36 - o.h.validator.internal.util.Version - HV000001: Hibernate Validator 9.1.0.Final
2026-08-17 23:40:36 - o.h.v.i.x.config.ValidationXmlParser - Trying to load META-INF/validation.xml for XML based Validator configuration.
2026-08-17 23:40:36 - o.h.v.i.x.c.ResourceLoaderHelper - Trying to load META-INF/validation.xml via TCCL
2026-08-17 23:40:36 - o.h.v.i.x.c.ResourceLoaderHelper - Trying to load META-INF/validation.xml via Hibernate Validator's class loader
2026-08-17 23:40:36 - o.h.v.i.x.config.ValidationXmlParser - No META-INF/validation.xml found. Using annotation based configuration only.
2026-08-17 23:40:36 - o.h.v.i.e.r.TraversableResolvers - Found jakarta.persistence.Persistence on classpath containing 'getPersistenceUtil'. Assuming Jakarta Persistence environment. Trying to instantiate Jakarta Persistence aware TraversableResolver
2026-08-17 23:40:36 - o.h.v.i.e.r.TraversableResolvers - Instantiated Jakarta Persistence aware TraversableResolver of type org.hibernate.validator.internal.engine.resolver.JPATraversableResolver.
2026-08-17 23:40:36 - o.h.v.m.ResourceBundleMessageInterpolator - Loaded expression factory via original TCCL
2026-08-17 23:40:36 - c.r.E.ExpenseTrackerApplication - Starting ExpenseTrackerApplication using Java 25.0.2 with PID 8180 (/Users/rakeshkuratti/Desktop/Projcts/ExpenseTracker/target/classes started by rakeshkuratti in /Users/rakeshkuratti/Desktop/Projcts/ExpenseTracker)
2026-08-17 23:40:36 - c.r.E.ExpenseTrackerApplication - Running with Spring Boot v4.1.0, Spring v7.0.8
2026-08-17 23:40:36 - c.r.E.ExpenseTrackerApplication - No active profile set, falling back to 1 default profile: "default"
2026-08-17 23:40:36 - o.s.boot.SpringApplication - Loading source class com.rakesh.ExpenseTracker.ExpenseTrackerApplication
2026-08-17 23:40:36 - o.s.b.w.s.s.c.AnnotationConfigServletWebServerApplicationContext - Refreshing org.springframework.boot.web.server.servlet.context.AnnotationConfigServletWebServerApplicationContext@1951b871
2026-08-17 23:40:36 - o.h.v.i.e.ValidatorFactoryConfigurationHelper - HV000252: Using org.hibernate.validator.internal.engine.DefaultPropertyNodeNameProvider as property node name provider.
2026-08-17 23:40:36 - o.s.b.f.s.DefaultListableBeanFactory - Creating shared instance of singleton bean 'org.springframework.context.annotation.internalConfigurationAnnotationProcessor'
2026-08-17 23:40:36 - o.h.v.i.e.ValidatorFactoryConfigurationHelper - HV000234: Using org.hibernate.validator.messageinterpolation.ResourceBundleMessageInterpolator as ValidatorFactory-scoped message interpolator.
2026-08-17 23:40:36 - o.h.v.i.e.ValidatorFactoryConfigurationHelper - HV000234: Using org.hibernate.validator.internal.engine.resolver.JPATraversableResolver as ValidatorFactory-scoped traversable resolver.
2026-08-17 23:40:36 - o.h.v.i.e.ValidatorFactoryConfigurationHelper - HV000234: Using org.hibernate.validator.internal.util.ExecutableParameterNameProvider as ValidatorFactory-scoped parameter name provider.
2026-08-17 23:40:36 - o.h.v.i.e.ValidatorFactoryConfigurationHelper - HV000234: Using org.hibernate.validator.internal.engine.DefaultClockProvider as ValidatorFactory-scoped clock provider.
2026-08-17 23:40:36 - o.h.v.i.e.ValidatorFactoryConfigurationHelper - HV000234: Using org.hibernate.validator.internal.engine.scripting.DefaultScriptEvaluatorFactory as ValidatorFactory-scoped script evaluator factory.
2026-08-17 23:40:36 - o.s.b.f.s.DefaultListableBeanFactory - Creating shared instance of singleton bean 'org.springframework.boot.autoconfigure.internalCachingMetadataReaderFactory'
2026-08-17 23:40:36 - o.s.c.a.ClassPathBeanDefinitionScanner - Identified candidate component class: file [/Users/rakeshkuratti/Desktop/Projcts/ExpenseTracker/target/classes/com/rakesh/ExpenseTracker/controller/ExpenseController.class]
2026-08-17 23:40:36 - o.s.c.a.ClassPathBeanDefinitionScanner - Identified candidate component class: file [/Users/rakeshkuratti/Desktop/Projcts/ExpenseTracker/target/classes/com/rakesh/ExpenseTracker/service/ExpenseServiceImpl.class]
2026-08-17 23:40:37 - o.s.d.r.c.RepositoryConfigurationDelegate - Bootstrapping Spring Data JPA repositories in DEFAULT mode.
2026-08-17 23:40:37 - o.s.b.f.s.DefaultListableBeanFactory - Creating shared instance of singleton bean 'org.springframework.boot.autoconfigure.AutoConfigurationPackages'
2026-08-17 23:40:37 - o.s.b.a.AutoConfigurationPackages - @EnableAutoConfiguration was declared on a class in the package 'com.rakesh.ExpenseTracker'. Automatic @Repository and @Entity scanning is enabled.
2026-08-17 23:40:37 - o.s.d.r.c.RepositoryConfigurationDelegate - Scanning for JPA repositories in packages com.rakesh.ExpenseTracker.
2026-08-17 23:40:37 - o.s.d.r.c.RepositoryComponentProvider - Identified candidate component class: file [/Users/rakeshkuratti/Desktop/Projcts/ExpenseTracker/target/classes/com/rakesh/ExpenseTracker/repository/ExpenseRepository.class]
2026-08-17 23:40:37 - o.s.c.a.ClassPathScanningCandidateComponentProvider - Identified candidate component class: file [/Users/rakeshkuratti/Desktop/Projcts/ExpenseTracker/target/classes/com/rakesh/ExpenseTracker/service/ExpenseServiceImpl.class]
2026-08-17 23:40:37 - o.s.d.r.c.RepositoryConfigurationDelegate - Finished Spring Data repository scanning in 72 ms. Found 1 JPA repository interface.
2026-08-17 23:40:37 - o.s.b.f.s.DefaultListableBeanFactory - Creating shared instance of singleton bean 'propertySourcesPlaceholderConfigurer'
2026-08-17 23:40:37 - o.s.b.f.s.DefaultListableBeanFactory - Creating shared instance of singleton bean 'org.springframework.boot.sql.init.dependency.DatabaseInitializationDependencyConfigurer$DependsOnDatabaseInitializationPostProcessor'
2026-08-17 23:40:37 - o.s.b.f.s.DefaultListableBeanFactory - Creating shared instance of singleton bean 'org.springframework.context.event.internalEventListenerProcessor'
2026-08-17 23:40:37 - o.s.b.f.s.DefaultListableBeanFactory - Creating shared instance of singleton bean 'bootstrapExecutorAliasPostProcessor'
2026-08-17 23:40:37 - o.s.b.f.s.DefaultListableBeanFactory - Creating shared instance of singleton bean 'preserveErrorControllerTargetClassPostProcessor'
2026-08-17 23:40:37 - o.s.b.f.s.DefaultListableBeanFactory - Creating shared instance of singleton bean 'org.springframework.context.event.internalEventListenerFactory'
2026-08-17 23:40:37 - o.s.b.f.s.DefaultListableBeanFactory - Creating shared instance of singleton bean 'org.springframework.transaction.config.internalTransactionalEventListenerFactory'
2026-08-17 23:40:37 - o.s.b.f.s.DefaultListableBeanFactory - Creating shared instance of singleton bean 'org.springframework.context.annotation.internalAutowiredAnnotationProcessor'
2026-08-17 23:40:37 - o.s.b.f.s.DefaultListableBeanFactory - Creating shared instance of singleton bean 'org.springframework.context.annotation.internalCommonAnnotationProcessor'
2026-08-17 23:40:37 - o.s.b.f.s.DefaultListableBeanFactory - Creating shared instance of singleton bean 'org.springframework.context.annotation.internalPersistenceAnnotationProcessor'
2026-08-17 23:40:37 - o.s.b.f.s.DefaultListableBeanFactory - Creating shared instance of singleton bean 'org.springframework.boot.context.properties.ConfigurationPropertiesBindingPostProcessor'
2026-08-17 23:40:37 - o.s.b.f.s.DefaultListableBeanFactory - Creating shared instance of singleton bean 'org.springframework.boot.context.internalConfigurationPropertiesBinder'
2026-08-17 23:40:37 - o.s.b.f.s.DefaultListableBeanFactory - Creating shared instance of singleton bean 'jdbcConnectionDetailsHikariBeanPostProcessor'
2026-08-17 23:40:37 - o.s.b.f.s.DefaultListableBeanFactory - Creating shared instance of singleton bean 'methodValidationPostProcessor'
2026-08-17 23:40:37 - o.s.b.f.s.DefaultListableBeanFactory - Autowiring by type from bean name 'methodValidationPostProcessor' via factory method to bean named 'environment'
2026-08-17 23:40:37 - o.s.b.f.s.DefaultListableBeanFactory - Creating shared instance of singleton bean 'org.springframework.boot.context.properties.EnableConfigurationPropertiesRegistrar.methodValidationExcludeFilter'
2026-08-17 23:40:37 - o.s.b.f.s.DefaultListableBeanFactory - Creating shared instance of singleton bean 'org.springframework.aop.framework.autoproxy.defaultProxyConfig'
2026-08-17 23:40:37 - o.s.b.f.s.DefaultListableBeanFactory - Creating shared instance of singleton bean 'org.springframework.aop.config.internalAutoProxyCreator'
2026-08-17 23:40:37 - o.s.b.f.s.DefaultListableBeanFactory - Creating shared instance of singleton bean 'persistenceExceptionTranslationPostProcessor'
2026-08-17 23:40:37 - o.s.b.f.s.DefaultListableBeanFactory - Autowiring by type from bean name 'persistenceExceptionTranslationPostProcessor' via factory method to bean named 'environment'
2026-08-17 23:40:37 - o.s.b.f.s.DefaultListableBeanFactory - Creating shared instance of singleton bean 'projectingArgumentResolverBeanPostProcessor'
2026-08-17 23:40:37 - o.s.b.f.s.DefaultListableBeanFactory - Creating shared instance of singleton bean 'org.springframework.transaction.config.internalTransactionAdvisor'
2026-08-17 23:40:37 - o.s.b.f.s.DefaultListableBeanFactory - Creating shared instance of singleton bean 'org.springframework.transaction.annotation.ProxyTransactionManagementConfiguration'
2026-08-17 23:40:37 - o.s.b.f.s.DefaultListableBeanFactory - Creating shared instance of singleton bean 'transactionAttributeSource'
2026-08-17 23:40:37 - o.s.b.f.s.DefaultListableBeanFactory - Creating shared instance of singleton bean 'transactionInterceptor'
2026-08-17 23:40:37 - o.s.b.f.s.DefaultListableBeanFactory - Autowiring by type from bean name 'transactionInterceptor' via factory method to bean named 'transactionAttributeSource'
2026-08-17 23:40:37 - o.s.b.f.s.DefaultListableBeanFactory - Autowiring by type from bean name 'org.springframework.transaction.config.internalTransactionAdvisor' via factory method to bean named 'transactionAttributeSource'
2026-08-17 23:40:37 - o.s.b.f.s.DefaultListableBeanFactory - Autowiring by type from bean name 'org.springframework.transaction.config.internalTransactionAdvisor' via factory method to bean named 'transactionInterceptor'
2026-08-17 23:40:37 - o.s.b.f.s.DefaultListableBeanFactory - Creating shared instance of singleton bean 'webServerFactoryCustomizerBeanPostProcessor'
2026-08-17 23:40:37 - o.s.b.f.s.DefaultListableBeanFactory - Creating shared instance of singleton bean 'errorPageRegistrarBeanPostProcessor'
2026-08-17 23:40:37 - o.s.b.f.s.DefaultListableBeanFactory - Creating shared instance of singleton bean 'tomcatServletWebServerFactory'
2026-08-17 23:40:37 - o.s.b.f.s.DefaultListableBeanFactory - Creating shared instance of singleton bean 'org.springframework.boot.tomcat.autoconfigure.servlet.TomcatServletWebServerAutoConfiguration'
2026-08-17 23:40:37 - o.s.b.f.s.DefaultListableBeanFactory - Creating shared instance of singleton bean 'server.tomcat-org.springframework.boot.tomcat.autoconfigure.TomcatServerProperties'
2026-08-17 23:40:37 - o.s.b.f.s.DefaultListableBeanFactory - Creating shared instance of singleton bean 'org.springframework.boot.context.properties.BoundConfigurationProperties'
2026-08-17 23:40:37 - o.s.b.f.s.DefaultListableBeanFactory - Autowiring by type from bean name 'org.springframework.boot.tomcat.autoconfigure.servlet.TomcatServletWebServerAutoConfiguration' via constructor to bean named 'server.tomcat-org.springframework.boot.tomcat.autoconfigure.TomcatServerProperties'
2026-08-17 23:40:37 - o.s.b.f.s.DefaultListableBeanFactory - Creating shared instance of singleton bean 'servletWebServerFactoryCustomizer'
2026-08-17 23:40:37 - o.s.b.f.s.DefaultListableBeanFactory - Creating shared instance of singleton bean 'org.springframework.boot.web.server.autoconfigure.servlet.ServletWebServerConfiguration'
2026-08-17 23:40:37 - o.s.b.f.s.DefaultListableBeanFactory - Creating shared instance of singleton bean 'server-org.springframework.boot.web.server.autoconfigure.ServerProperties'
2026-08-17 23:40:37 - o.s.b.f.s.DefaultListableBeanFactory - Autowiring by type from bean name 'servletWebServerFactoryCustomizer' via factory method to bean named 'server-org.springframework.boot.web.server.autoconfigure.ServerProperties'
2026-08-17 23:40:37 - o.s.b.f.s.DefaultListableBeanFactory - Creating shared instance of singleton bean 'sslBundleRegistry'
2026-08-17 23:40:37 - o.s.b.f.s.DefaultListableBeanFactory - Creating shared instance of singleton bean 'org.springframework.boot.autoconfigure.ssl.SslAutoConfiguration'
2026-08-17 23:40:37 - o.s.b.f.s.DefaultListableBeanFactory - Creating shared instance of singleton bean 'spring.ssl-org.springframework.boot.autoconfigure.ssl.SslProperties'
2026-08-17 23:40:37 - o.s.b.f.s.DefaultListableBeanFactory - Autowiring by type from bean name 'org.springframework.boot.autoconfigure.ssl.SslAutoConfiguration' via constructor to bean named 'org.springframework.boot.web.server.servlet.context.AnnotationConfigServletWebServerApplicationContext@1951b871'
2026-08-17 23:40:37 - o.s.b.f.s.DefaultListableBeanFactory - Autowiring by type from bean name 'org.springframework.boot.autoconfigure.ssl.SslAutoConfiguration' via constructor to bean named 'spring.ssl-org.springframework.boot.autoconfigure.ssl.SslProperties'
2026-08-17 23:40:37 - o.s.b.f.s.DefaultListableBeanFactory - Creating shared instance of singleton bean 'sslPropertiesSslBundleRegistrar'
2026-08-17 23:40:37 - o.s.b.f.s.DefaultListableBeanFactory - Creating shared instance of singleton bean 'fileWatcher'
2026-08-17 23:40:37 - o.s.b.f.s.DefaultListableBeanFactory - Autowiring by type from bean name 'sslPropertiesSslBundleRegistrar' via factory method to bean named 'fileWatcher'
2026-08-17 23:40:37 - o.s.b.f.s.DefaultListableBeanFactory - Creating shared instance of singleton bean 'webSocketWebServerCustomizer'
2026-08-17 23:40:37 - o.s.b.f.s.DefaultListableBeanFactory - Creating shared instance of singleton bean 'org.springframework.boot.tomcat.autoconfigure.TomcatWebServerConfiguration$TomcatWebSocketConfiguration'
2026-08-17 23:40:37 - o.s.b.f.s.DefaultListableBeanFactory - Creating shared instance of singleton bean 'tomcatWebServerFactoryCustomizer'
2026-08-17 23:40:37 - o.s.b.f.s.DefaultListableBeanFactory - Creating shared instance of singleton bean 'org.springframework.boot.tomcat.autoconfigure.TomcatWebServerConfiguration'
2026-08-17 23:40:37 - o.s.b.f.s.DefaultListableBeanFactory - Creating shared instance of singleton bean 'spring.web-org.springframework.boot.autoconfigure.web.WebProperties'
2026-08-17 23:40:37 - o.s.b.f.s.DefaultListableBeanFactory - Autowiring by type from bean name 'tomcatWebServerFactoryCustomizer' via factory method to bean named 'environment'
2026-08-17 23:40:37 - o.s.b.f.s.DefaultListableBeanFactory - Autowiring by type from bean name 'tomcatWebServerFactoryCustomizer' via factory method to bean named 'server-org.springframework.boot.web.server.autoconfigure.ServerProperties'
2026-08-17 23:40:37 - o.s.b.f.s.DefaultListableBeanFactory - Autowiring by type from bean name 'tomcatWebServerFactoryCustomizer' via factory method to bean named 'server.tomcat-org.springframework.boot.tomcat.autoconfigure.TomcatServerProperties'
2026-08-17 23:40:37 - o.s.b.f.s.DefaultListableBeanFactory - Autowiring by type from bean name 'tomcatWebServerFactoryCustomizer' via factory method to bean named 'spring.web-org.springframework.boot.autoconfigure.web.WebProperties'
2026-08-17 23:40:37 - o.s.b.f.s.DefaultListableBeanFactory - Creating shared instance of singleton bean 'tomcatServletWebServerFactoryCustomizer'
2026-08-17 23:40:37 - o.s.b.f.s.DefaultListableBeanFactory - Autowiring by type from bean name 'tomcatServletWebServerFactoryCustomizer' via factory method to bean named 'server.tomcat-org.springframework.boot.tomcat.autoconfigure.TomcatServerProperties'
2026-08-17 23:40:37 - o.s.b.f.s.DefaultListableBeanFactory - Creating shared instance of singleton bean 'errorPageCustomizer'
2026-08-17 23:40:37 - o.s.b.f.s.DefaultListableBeanFactory - Creating shared instance of singleton bean 'org.springframework.boot.webmvc.autoconfigure.error.ErrorMvcAutoConfiguration'
2026-08-17 23:40:37 - o.s.b.f.s.DefaultListableBeanFactory - Autowiring by type from bean name 'org.springframework.boot.webmvc.autoconfigure.error.ErrorMvcAutoConfiguration' via constructor to bean named 'spring.web-org.springframework.boot.autoconfigure.web.WebProperties'
2026-08-17 23:40:37 - o.s.b.f.s.DefaultListableBeanFactory - Creating shared instance of singleton bean 'dispatcherServletRegistration'
2026-08-17 23:40:37 - o.s.b.f.s.DefaultListableBeanFactory - Creating shared instance of singleton bean 'org.springframework.boot.webmvc.autoconfigure.DispatcherServletAutoConfiguration$DispatcherServletRegistrationConfiguration'
2026-08-17 23:40:37 - o.s.b.f.s.DefaultListableBeanFactory - Creating shared instance of singleton bean 'dispatcherServlet'
2026-08-17 23:40:37 - o.s.b.f.s.DefaultListableBeanFactory - Creating shared instance of singleton bean 'org.springframework.boot.webmvc.autoconfigure.DispatcherServletAutoConfiguration$DispatcherServletConfiguration'
2026-08-17 23:40:37 - o.s.b.f.s.DefaultListableBeanFactory - Creating shared instance of singleton bean 'spring.mvc-org.springframework.boot.webmvc.autoconfigure.WebMvcProperties'
2026-08-17 23:40:37 - o.s.b.f.s.DefaultListableBeanFactory - Autowiring by type from bean name 'dispatcherServlet' via factory method to bean named 'spring.mvc-org.springframework.boot.webmvc.autoconfigure.WebMvcProperties'
2026-08-17 23:40:37 - o.s.b.f.s.DefaultListableBeanFactory - Autowiring by type from bean name 'dispatcherServletRegistration' via factory method to bean named 'dispatcherServlet'
2026-08-17 23:40:37 - o.s.b.f.s.DefaultListableBeanFactory - Autowiring by type from bean name 'dispatcherServletRegistration' via factory method to bean named 'spring.mvc-org.springframework.boot.webmvc.autoconfigure.WebMvcProperties'
2026-08-17 23:40:37 - o.s.b.f.s.DefaultListableBeanFactory - Creating shared instance of singleton bean 'multipartConfigElement'
2026-08-17 23:40:37 - o.s.b.f.s.DefaultListableBeanFactory - Creating shared instance of singleton bean 'org.springframework.boot.servlet.autoconfigure.MultipartAutoConfiguration'
2026-08-17 23:40:37 - o.s.b.f.s.DefaultListableBeanFactory - Creating shared instance of singleton bean 'spring.servlet.multipart-org.springframework.boot.servlet.autoconfigure.MultipartProperties'
2026-08-17 23:40:37 - o.s.b.f.s.DefaultListableBeanFactory - Autowiring by type from bean name 'org.springframework.boot.servlet.autoconfigure.MultipartAutoConfiguration' via constructor to bean named 'spring.servlet.multipart-org.springframework.boot.servlet.autoconfigure.MultipartProperties'
2026-08-17 23:40:37 - o.s.b.f.s.DefaultListableBeanFactory - Autowiring by type from bean name 'errorPageCustomizer' via factory method to bean named 'dispatcherServletRegistration'
2026-08-17 23:40:37 - o.s.b.t.s.TomcatServletWebServerFactory - Code archive: /Users/rakeshkuratti/.m2/repository/org/springframework/boot/spring-boot-web-server/4.1.0/spring-boot-web-server-4.1.0.jar
2026-08-17 23:40:37 - o.s.b.t.s.TomcatServletWebServerFactory - Code archive: /Users/rakeshkuratti/.m2/repository/org/springframework/boot/spring-boot-web-server/4.1.0/spring-boot-web-server-4.1.0.jar
2026-08-17 23:40:37 - o.s.b.t.s.TomcatServletWebServerFactory - None of the document roots [src/main/webapp, public, static] point to a directory and will be ignored.
2026-08-17 23:40:37 - o.s.boot.tomcat.TomcatWebServer - Tomcat initialized with port 8082 (http)
2026-08-17 23:40:38 - o.a.coyote.http11.Http11NioProtocol - Initializing ProtocolHandler ["http-nio-8082"]
2026-08-17 23:40:38 - o.a.catalina.core.StandardService - Starting service [Tomcat]
2026-08-17 23:40:38 - o.a.catalina.core.StandardEngine - Starting Servlet engine: [Apache Tomcat/11.0.22]
2026-08-17 23:40:38 - o.s.b.w.c.s.WebApplicationContextInitializer - Published root WebApplicationContext as ServletContext attribute with name [org.springframework.web.context.WebApplicationContext.ROOT]
2026-08-17 23:40:38 - o.s.b.w.c.s.WebApplicationContextInitializer - Root WebApplicationContext: initialization completed in 1247 ms
2026-08-17 23:40:38 - o.s.b.f.s.DefaultListableBeanFactory - Creating shared instance of singleton bean 'requestContextFilter'
2026-08-17 23:40:38 - o.s.b.f.s.DefaultListableBeanFactory - Creating shared instance of singleton bean 'formContentFilter'
2026-08-17 23:40:38 - o.s.b.f.s.DefaultListableBeanFactory - Creating shared instance of singleton bean 'org.springframework.boot.webmvc.autoconfigure.WebMvcAutoConfiguration'
2026-08-17 23:40:38 - o.s.b.f.s.DefaultListableBeanFactory - Creating shared instance of singleton bean 'characterEncodingFilter'
2026-08-17 23:40:38 - o.s.b.f.s.DefaultListableBeanFactory - Creating shared instance of singleton bean 'org.springframework.boot.servlet.autoconfigure.HttpEncodingAutoConfiguration'
2026-08-17 23:40:38 - o.s.b.f.s.DefaultListableBeanFactory - Creating shared instance of singleton bean 'spring.servlet.encoding-org.springframework.boot.servlet.autoconfigure.ServletEncodingProperties'
2026-08-17 23:40:38 - o.s.b.f.s.DefaultListableBeanFactory - Autowiring by type from bean name 'characterEncodingFilter' via factory method to bean named 'spring.servlet.encoding-org.springframework.boot.servlet.autoconfigure.ServletEncodingProperties'
2026-08-17 23:40:38 - o.s.b.w.s.ServletContextInitializerBeans - Mapping filters: characterEncodingFilter urls=[/*] order=-2147483648, formContentFilter urls=[/*] order=-9900, requestContextFilter urls=[/*] order=-105
2026-08-17 23:40:38 - o.s.b.w.s.ServletContextInitializerBeans - Mapping servlets: dispatcherServlet urls=[/]
2026-08-17 23:40:38 - o.s.b.s.f.OrderedRequestContextFilter - Filter 'requestContextFilter' configured for use
2026-08-17 23:40:38 - o.s.b.s.f.OrderedCharacterEncodingFilter - Filter 'characterEncodingFilter' configured for use
2026-08-17 23:40:38 - o.s.b.s.f.OrderedFormContentFilter - Filter 'formContentFilter' configured for use
2026-08-17 23:40:38 - o.s.b.f.s.DefaultListableBeanFactory - Creating shared instance of singleton bean 'applicationTaskExecutor'
2026-08-17 23:40:38 - o.s.b.f.s.DefaultListableBeanFactory - Creating shared instance of singleton bean 'org.springframework.boot.autoconfigure.task.TaskExecutorConfigurations$TaskExecutorConfiguration'
2026-08-17 23:40:38 - o.s.b.f.s.DefaultListableBeanFactory - Creating shared instance of singleton bean 'threadPoolTaskExecutorBuilder'
2026-08-17 23:40:38 - o.s.b.f.s.DefaultListableBeanFactory - Creating shared instance of singleton bean 'org.springframework.boot.autoconfigure.task.TaskExecutorConfigurations$ThreadPoolTaskExecutorBuilderConfiguration'
2026-08-17 23:40:38 - o.s.b.f.s.DefaultListableBeanFactory - Creating shared instance of singleton bean 'spring.task.execution-org.springframework.boot.autoconfigure.task.TaskExecutionProperties'
2026-08-17 23:40:38 - o.s.b.f.s.DefaultListableBeanFactory - Autowiring by type from bean name 'threadPoolTaskExecutorBuilder' via factory method to bean named 'spring.task.execution-org.springframework.boot.autoconfigure.task.TaskExecutionProperties'
2026-08-17 23:40:38 - o.s.b.f.s.DefaultListableBeanFactory - Autowiring by type from bean name 'applicationTaskExecutor' via factory method to bean named 'threadPoolTaskExecutorBuilder'
2026-08-17 23:40:38 - o.s.s.c.ThreadPoolTaskExecutor - Initializing ExecutorService 'applicationTaskExecutor'
2026-08-17 23:40:38 - o.s.b.f.s.DefaultListableBeanFactory - Creating shared instance of singleton bean 'dataSourceScriptDatabaseInitializer'
2026-08-17 23:40:38 - o.s.b.f.s.DefaultListableBeanFactory - Creating shared instance of singleton bean 'org.springframework.boot.jdbc.autoconfigure.DataSourceInitializationAutoConfiguration'
2026-08-17 23:40:38 - o.s.b.f.s.DefaultListableBeanFactory - Creating shared instance of singleton bean 'dataSource'
2026-08-17 23:40:38 - o.s.b.f.s.DefaultListableBeanFactory - Creating shared instance of singleton bean 'org.springframework.boot.jdbc.autoconfigure.DataSourceConfiguration$Hikari'
2026-08-17 23:40:38 - o.s.b.f.s.DefaultListableBeanFactory - Creating shared instance of singleton bean 'spring.datasource-org.springframework.boot.jdbc.autoconfigure.DataSourceProperties'
2026-08-17 23:40:38 - o.s.b.f.s.DefaultListableBeanFactory - Creating shared instance of singleton bean 'jdbcConnectionDetails'
2026-08-17 23:40:38 - o.s.b.f.s.DefaultListableBeanFactory - Creating shared instance of singleton bean 'org.springframework.boot.jdbc.autoconfigure.DataSourceAutoConfiguration$PooledDataSourceConfiguration'
2026-08-17 23:40:38 - o.s.b.f.s.DefaultListableBeanFactory - Autowiring by type from bean name 'jdbcConnectionDetails' via factory method to bean named 'spring.datasource-org.springframework.boot.jdbc.autoconfigure.DataSourceProperties'
2026-08-17 23:40:38 - o.s.b.f.s.DefaultListableBeanFactory - Autowiring by type from bean name 'dataSource' via factory method to bean named 'spring.datasource-org.springframework.boot.jdbc.autoconfigure.DataSourceProperties'
2026-08-17 23:40:38 - o.s.b.f.s.DefaultListableBeanFactory - Autowiring by type from bean name 'dataSource' via factory method to bean named 'jdbcConnectionDetails'
2026-08-17 23:40:38 - o.s.b.f.s.DefaultListableBeanFactory - Autowiring by type from bean name 'dataSource' via factory method to bean named 'environment'
2026-08-17 23:40:38 - com.zaxxer.hikari.util.UtilityElf - Class com.mysql.cj.jdbc.Driver found in Thread context class loader jdk.internal.loader.ClassLoaders$AppClassLoader@14dad5dc
2026-08-17 23:40:38 - o.s.b.f.s.DefaultListableBeanFactory - Creating shared instance of singleton bean 'spring.sql.init-org.springframework.boot.sql.autoconfigure.init.SqlInitializationProperties'
2026-08-17 23:40:38 - o.s.b.f.s.DefaultListableBeanFactory - Autowiring by type from bean name 'dataSourceScriptDatabaseInitializer' via factory method to bean named 'dataSource'
2026-08-17 23:40:38 - o.s.b.f.s.DefaultListableBeanFactory - Autowiring by type from bean name 'dataSourceScriptDatabaseInitializer' via factory method to bean named 'spring.sql.init-org.springframework.boot.sql.autoconfigure.init.SqlInitializationProperties'
2026-08-17 23:40:38 - o.s.b.f.s.DefaultListableBeanFactory - Creating shared instance of singleton bean 'entityManagerFactory'
2026-08-17 23:40:38 - o.s.b.f.s.DefaultListableBeanFactory - Creating shared instance of singleton bean 'org.springframework.boot.hibernate.autoconfigure.HibernateJpaConfiguration'
2026-08-17 23:40:38 - o.s.b.f.s.DefaultListableBeanFactory - Creating shared instance of singleton bean 'spring.jpa-org.springframework.boot.jpa.autoconfigure.JpaProperties'
2026-08-17 23:40:38 - o.s.b.f.s.DefaultListableBeanFactory - Creating shared instance of singleton bean 'spring.jpa.hibernate-org.springframework.boot.hibernate.autoconfigure.HibernateProperties'
2026-08-17 23:40:38 - o.s.b.f.s.DefaultListableBeanFactory - Autowiring by type from bean name 'org.springframework.boot.hibernate.autoconfigure.HibernateJpaConfiguration' via constructor to bean named 'dataSource'
2026-08-17 23:40:38 - o.s.b.f.s.DefaultListableBeanFactory - Autowiring by type from bean name 'org.springframework.boot.hibernate.autoconfigure.HibernateJpaConfiguration' via constructor to bean named 'spring.jpa-org.springframework.boot.jpa.autoconfigure.JpaProperties'
2026-08-17 23:40:38 - o.s.b.f.s.DefaultListableBeanFactory - Autowiring by type from bean name 'org.springframework.boot.hibernate.autoconfigure.HibernateJpaConfiguration' via constructor to bean named 'spring.jpa.hibernate-org.springframework.boot.hibernate.autoconfigure.HibernateProperties'
2026-08-17 23:40:38 - o.s.b.f.s.DefaultListableBeanFactory - Creating shared instance of singleton bean 'hikariPoolDataSourceMetadataProvider'
2026-08-17 23:40:38 - o.s.b.f.s.DefaultListableBeanFactory - Creating shared instance of singleton bean 'org.springframework.boot.jdbc.autoconfigure.DataSourcePoolMetadataProvidersConfiguration$HikariPoolDataSourceMetadataProviderConfiguration'
2026-08-17 23:40:38 - o.s.b.f.s.DefaultListableBeanFactory - Creating shared instance of singleton bean 'entityManagerFactoryBuilder'
2026-08-17 23:40:38 - o.s.b.f.s.DefaultListableBeanFactory - Creating shared instance of singleton bean 'jpaVendorAdapter'
2026-08-17 23:40:38 - o.s.b.f.s.DefaultListableBeanFactory - Autowiring by type from bean name 'entityManagerFactoryBuilder' via factory method to bean named 'jpaVendorAdapter'
2026-08-17 23:40:38 - o.s.b.f.s.DefaultListableBeanFactory - Autowiring by type from bean name 'entityManagerFactoryBuilder' via factory method to bean named 'applicationTaskExecutor'
2026-08-17 23:40:38 - o.s.b.f.s.DefaultListableBeanFactory - Creating shared instance of singleton bean 'persistenceManagedTypes'
2026-08-17 23:40:38 - o.s.b.f.s.DefaultListableBeanFactory - Autowiring by type from bean name 'persistenceManagedTypes' via factory method to bean named 'org.springframework.beans.factory.support.DefaultListableBeanFactory@47874b25'
2026-08-17 23:40:38 - o.s.b.f.s.DefaultListableBeanFactory - Autowiring by type from bean name 'persistenceManagedTypes' via factory method to bean named 'org.springframework.boot.web.server.servlet.context.AnnotationConfigServletWebServerApplicationContext@1951b871'
2026-08-17 23:40:38 - o.s.b.f.s.DefaultListableBeanFactory - Autowiring by type from bean name 'entityManagerFactory' via factory method to bean named 'entityManagerFactoryBuilder'
2026-08-17 23:40:38 - o.s.b.f.s.DefaultListableBeanFactory - Autowiring by type from bean name 'entityManagerFactory' via factory method to bean named 'persistenceManagedTypes'
2026-08-17 23:40:38 - o.s.o.j.LocalContainerEntityManagerFactoryBean - Building JPA container EntityManagerFactory for persistence unit 'default'
2026-08-17 23:40:38 - org.hibernate.orm.jpa - HHH008541: PersistenceUnitInfo [
	name: default
	persistence provider classname: null
	classloader: jdk.internal.loader.ClassLoaders$AppClassLoader@14dad5dc
	excludeUnlistedClasses: true
	JTA datasource: null
	Non JTA datasource: HikariDataSource (null)
	Transaction type: RESOURCE_LOCAL
	PU root URL: file:/Users/rakeshkuratti/Desktop/Projcts/ExpenseTracker/target/classes/
	Shared Cache Mode: UNSPECIFIED
	Validation Mode: AUTO
	Jar files URLs []
	Managed classes names [
		com.rakesh.ExpenseTracker.entity.Expense]
	Mapping files names []
	Properties []
2026-08-17 23:40:38 - org.hibernate.orm.service - HHH010455: Adding integrator: org.hibernate.boot.beanvalidation.BeanValidationIntegrator
2026-08-17 23:40:38 - org.hibernate.orm.service - HHH010455: Adding integrator: org.hibernate.cache.internal.CollectionCacheInvalidator
2026-08-17 23:40:38 - org.hibernate.orm.core - HHH000001: Hibernate ORM core version 7.4.1.Final
2026-08-17 23:40:38 - org.hibernate.orm.core - HHH000206: 'hibernate.properties' not found
2026-08-17 23:40:38 - o.s.o.j.h.SpringBeanContainer - Falling back to Hibernate's default producer after bean creation failure for interface org.hibernate.engine.jdbc.connections.spi.MultiTenantConnectionProvider: org.springframework.beans.factory.BeanCreationException: Error creating bean with name 'org.hibernate.engine.jdbc.connections.spi.MultiTenantConnectionProvider': Failed to instantiate [org.hibernate.engine.jdbc.connections.spi.MultiTenantConnectionProvider]: Specified class is an interface
2026-08-17 23:40:38 - org.hibernate.orm.cache - HHH90001031: Cannot default RegionFactory since no RegionFactory strategies were registered
2026-08-17 23:40:38 - org.hibernate.orm.cache - HHH90001029: Second-level cache disabled
2026-08-17 23:40:38 - o.s.o.j.p.SpringPersistenceUnitInfo - No LoadTimeWeaver setup: ignoring JPA class transformer
2026-08-17 23:40:38 - com.zaxxer.hikari.HikariConfig - HikariPool-1 - configuration:
2026-08-17 23:40:38 - com.zaxxer.hikari.HikariConfig - allowPoolSuspension.............false
2026-08-17 23:40:38 - com.zaxxer.hikari.HikariConfig - autoCommit......................true
2026-08-17 23:40:38 - com.zaxxer.hikari.HikariConfig - catalog.........................none
2026-08-17 23:40:38 - com.zaxxer.hikari.HikariConfig - connectionInitSql...............none
2026-08-17 23:40:38 - com.zaxxer.hikari.HikariConfig - connectionTestQuery.............none
2026-08-17 23:40:38 - com.zaxxer.hikari.HikariConfig - connectionTimeout...............30000
2026-08-17 23:40:38 - com.zaxxer.hikari.HikariConfig - credentials.....................com.zaxxer.hikari.util.Credentials@2a631049
2026-08-17 23:40:38 - com.zaxxer.hikari.HikariConfig - credentialsProvider.............none
2026-08-17 23:40:38 - com.zaxxer.hikari.HikariConfig - credentialsProviderClassName....none
2026-08-17 23:40:38 - com.zaxxer.hikari.HikariConfig - dataSource......................none
2026-08-17 23:40:38 - com.zaxxer.hikari.HikariConfig - dataSourceClassName.............none
2026-08-17 23:40:38 - com.zaxxer.hikari.HikariConfig - dataSourceJNDI..................none
2026-08-17 23:40:38 - com.zaxxer.hikari.HikariConfig - dataSourceProperties............{password=<masked>}
2026-08-17 23:40:38 - com.zaxxer.hikari.HikariConfig - driverClassName................."com.mysql.cj.jdbc.Driver"
2026-08-17 23:40:38 - com.zaxxer.hikari.HikariConfig - exceptionOverride...............none
2026-08-17 23:40:38 - com.zaxxer.hikari.HikariConfig - exceptionOverrideClassName......none
2026-08-17 23:40:38 - com.zaxxer.hikari.HikariConfig - healthCheckProperties...........{}
2026-08-17 23:40:38 - com.zaxxer.hikari.HikariConfig - healthCheckRegistry.............none
2026-08-17 23:40:38 - com.zaxxer.hikari.HikariConfig - idleTimeout.....................600000
2026-08-17 23:40:38 - com.zaxxer.hikari.HikariConfig - initializationFailTimeout.......1
2026-08-17 23:40:38 - com.zaxxer.hikari.HikariConfig - isolateInternalQueries..........false
2026-08-17 23:40:38 - com.zaxxer.hikari.HikariConfig - jdbcUrl.........................jdbc:mysql://localhost:3306/ExpenseTracker
2026-08-17 23:40:38 - com.zaxxer.hikari.HikariConfig - keepaliveTime...................120000
2026-08-17 23:40:38 - com.zaxxer.hikari.HikariConfig - leakDetectionThreshold..........0
2026-08-17 23:40:38 - com.zaxxer.hikari.HikariConfig - maxLifetime.....................1800000
2026-08-17 23:40:38 - com.zaxxer.hikari.HikariConfig - maximumPoolSize.................10
2026-08-17 23:40:38 - com.zaxxer.hikari.HikariConfig - metricRegistry..................none
2026-08-17 23:40:38 - com.zaxxer.hikari.HikariConfig - metricsTrackerFactory...........none
2026-08-17 23:40:38 - com.zaxxer.hikari.HikariConfig - minimumIdle.....................10
2026-08-17 23:40:38 - com.zaxxer.hikari.HikariConfig - password........................<masked>
2026-08-17 23:40:38 - com.zaxxer.hikari.HikariConfig - poolName........................"HikariPool-1"
2026-08-17 23:40:38 - com.zaxxer.hikari.HikariConfig - readOnly........................false
2026-08-17 23:40:38 - com.zaxxer.hikari.HikariConfig - registerMbeans..................false
2026-08-17 23:40:38 - com.zaxxer.hikari.HikariConfig - scheduledExecutor...............none
2026-08-17 23:40:38 - com.zaxxer.hikari.HikariConfig - schema..........................none
2026-08-17 23:40:38 - com.zaxxer.hikari.HikariConfig - threadFactory...................internal
2026-08-17 23:40:38 - com.zaxxer.hikari.HikariConfig - transactionIsolation............default
2026-08-17 23:40:38 - com.zaxxer.hikari.HikariConfig - username........................"root"
2026-08-17 23:40:38 - com.zaxxer.hikari.HikariConfig - validationTimeout...............5000
2026-08-17 23:40:38 - com.zaxxer.hikari.HikariDataSource - HikariPool-1 - Starting...
2026-08-17 23:40:38 - com.zaxxer.hikari.pool.PoolBase - HikariPool-1 - Attempting to create/setup new connection (d047fb01-f40c-454c-80a3-05ef36dc3160)
2026-08-17 23:40:39 - com.zaxxer.hikari.pool.PoolBase - HikariPool-1 - Established new connection (d047fb01-f40c-454c-80a3-05ef36dc3160)
2026-08-17 23:40:39 - com.zaxxer.hikari.pool.HikariPool - HikariPool-1 - Added connection com.mysql.cj.jdbc.ConnectionImpl@7286827b
2026-08-17 23:40:39 - com.zaxxer.hikari.HikariDataSource - HikariPool-1 - Start completed.
2026-08-17 23:40:39 - org.hibernate.orm.jdbc - HHH100017: Database:
	name: MySQL
	version: 8.0.45
	major: 8
	minor: 0
2026-08-17 23:40:39 - org.hibernate.orm.jdbc - HHH100018: Driver:
	name: MySQL Connector/J
	version: mysql-connector-j-9.7.0 (Revision: 0aade1f13bcc98faf7dda5c02e782481eb291f62)
	major: 9
	minor: 7
	JDBC version: 4.2
2026-08-17 23:40:39 - org.hibernate.orm.deprecation - HHH90000025: MySQLDialect does not need to be specified explicitly using 'hibernate.dialect' (remove the property setting and it will be selected by default)
2026-08-17 23:40:39 - org.hibernate.orm.dialect - HHH035001: Using dialect: org.hibernate.dialect.MySQLDialect, version: 8.0.45
2026-08-17 23:40:39 - o.h.e.j.e.s.IdentifierHelperBuilder - IdentifierCaseStrategy for both quoted and unquoted identifiers was set to the same strategy [MIXED]; that will likely lead to problems in schema update and validation if using quoted identifiers
2026-08-17 23:40:39 - org.hibernate.orm.jdbc - HHH100122: Using default JDBC fetch size: 0
2026-08-17 23:40:39 - o.hibernate.orm.connections.pooling - HHH10001005: Database info:
	Database JDBC URL [jdbc:mysql://localhost:3306/ExpenseTracker]
	Database driver: MySQL Connector/J
	Database dialect: MySQLDialect
	Database version: 8.0.45
	Default catalog/schema: ExpenseTracker/undefined
	Autocommit mode: undefined/unknown
	Isolation level: REPEATABLE_READ [default REPEATABLE_READ]
	JDBC fetch size: none
	Pool: DataSourceConnectionProvider
	Minimum pool size: undefined/unknown
	Maximum pool size: undefined/unknown
2026-08-17 23:40:39 - com.zaxxer.hikari.pool.HikariPool - HikariPool-1 - Pool stats (total=1/10, idle=1/10, active=0, waiting=0)
2026-08-17 23:40:39 - com.zaxxer.hikari.pool.PoolBase - HikariPool-1 - Attempting to create/setup new connection (78236e97-af5e-4034-abc2-adbf7d157012)
2026-08-17 23:40:39 - com.zaxxer.hikari.pool.PoolBase - HikariPool-1 - Established new connection (78236e97-af5e-4034-abc2-adbf7d157012)
2026-08-17 23:40:39 - com.zaxxer.hikari.pool.HikariPool - HikariPool-1 - Added connection com.mysql.cj.jdbc.ConnectionImpl@17397932
2026-08-17 23:40:39 - com.zaxxer.hikari.pool.HikariPool - HikariPool-1 - After adding stats (total=2/10, idle=2/10, active=0, waiting=0)
2026-08-17 23:40:39 - com.zaxxer.hikari.pool.PoolBase - HikariPool-1 - Attempting to create/setup new connection (a42f4aa8-daec-4345-8992-8c208b08a0c2)
2026-08-17 23:40:39 - com.zaxxer.hikari.pool.PoolBase - HikariPool-1 - Established new connection (a42f4aa8-daec-4345-8992-8c208b08a0c2)
2026-08-17 23:40:39 - com.zaxxer.hikari.pool.HikariPool - HikariPool-1 - Added connection com.mysql.cj.jdbc.ConnectionImpl@56047309
2026-08-17 23:40:39 - com.zaxxer.hikari.pool.HikariPool - HikariPool-1 - After adding stats (total=3/10, idle=3/10, active=0, waiting=0)
2026-08-17 23:40:39 - com.zaxxer.hikari.pool.PoolBase - HikariPool-1 - Attempting to create/setup new connection (999050cd-c365-4368-b864-7e9fd853b343)
2026-08-17 23:40:39 - com.zaxxer.hikari.pool.PoolBase - HikariPool-1 - Established new connection (999050cd-c365-4368-b864-7e9fd853b343)
2026-08-17 23:40:39 - com.zaxxer.hikari.pool.HikariPool - HikariPool-1 - Added connection com.mysql.cj.jdbc.ConnectionImpl@6798c665
2026-08-17 23:40:39 - o.s.o.j.h.SpringBeanContainer - Falling back to Hibernate's default producer after bean creation failure for interface org.hibernate.context.spi.CurrentTenantIdentifierResolver: org.springframework.beans.factory.NoSuchBeanDefinitionException: No qualifying bean of type 'org.hibernate.context.spi.CurrentTenantIdentifierResolver<?>' available
2026-08-17 23:40:39 - o.s.o.j.h.SpringBeanContainer - Falling back to Hibernate's default producer after bean creation failure for interface org.hibernate.context.spi.TenantSchemaMapper: org.springframework.beans.factory.NoSuchBeanDefinitionException: No qualifying bean of type 'org.hibernate.context.spi.TenantSchemaMapper<?>' available
2026-08-17 23:40:39 - com.zaxxer.hikari.pool.HikariPool - HikariPool-1 - After adding stats (total=4/10, idle=4/10, active=0, waiting=0)
2026-08-17 23:40:39 - com.zaxxer.hikari.pool.PoolBase - HikariPool-1 - Attempting to create/setup new connection (7d89290a-9721-4c03-98d3-988c8873a5c9)
2026-08-17 23:40:39 - o.s.o.j.h.SpringBeanContainer - Falling back to Hibernate's default producer after bean creation failure for interface org.hibernate.context.spi.TenantCredentialsMapper: org.springframework.beans.factory.NoSuchBeanDefinitionException: No qualifying bean of type 'org.hibernate.context.spi.TenantCredentialsMapper<?>' available
2026-08-17 23:40:39 - com.zaxxer.hikari.pool.PoolBase - HikariPool-1 - Established new connection (7d89290a-9721-4c03-98d3-988c8873a5c9)
2026-08-17 23:40:39 - com.zaxxer.hikari.pool.HikariPool - HikariPool-1 - Added connection com.mysql.cj.jdbc.ConnectionImpl@2b446043
2026-08-17 23:40:39 - com.zaxxer.hikari.pool.HikariPool - HikariPool-1 - After adding stats (total=5/10, idle=5/10, active=0, waiting=0)
2026-08-17 23:40:39 - com.zaxxer.hikari.pool.PoolBase - HikariPool-1 - Attempting to create/setup new connection (d59e5a06-15d9-422a-84e2-8dc3a61094b6)
2026-08-17 23:40:39 - org.hibernate.orm.factory - HHH90020001: Instantiating factory [20ef5553-8e94-4ea6-a2fc-e025c5196d6b] with settings: {hibernate.format_sql=true, java.specification.version=25, hibernate.resource.beans.container=org.springframework.orm.jpa.hibernate.SpringBeanContainer@4b76251c, hibernate.connection.handling_mode=DELAYED_ACQUISITION_AND_HOLD, sun.jnu.encoding=UTF-8, hibernate.dialect=org.hibernate.dialect.MySQLDialect, hibernate.implicit_naming_strategy=org.springframework.boot.hibernate.SpringImplicitNamingStrategy, java.class.path=/Users/rakeshkuratti/Desktop/Projcts/ExpenseTracker/target/classes:/Users/rakeshkuratti/.m2/repository/org/springframework/boot/spring-boot-starter-data-jpa/4.1.0/spring-boot-starter-data-jpa-4.1.0.jar:/Users/rakeshkuratti/.m2/repository/org/springframework/boot/spring-boot-starter/4.1.0/spring-boot-starter-4.1.0.jar:/Users/rakeshkuratti/.m2/repository/org/springframework/boot/spring-boot-starter-logging/4.1.0/spring-boot-starter-logging-4.1.0.jar:/Users/rakeshkuratti/.m2/repository/ch/qos/logback/logback-classic/1.5.34/logback-classic-1.5.34.jar:/Users/rakeshkuratti/.m2/repository/ch/qos/logback/logback-core/1.5.34/logback-core-1.5.34.jar:/Users/rakeshkuratti/.m2/repository/org/apache/logging/log4j/log4j-to-slf4j/2.25.4/log4j-to-slf4j-2.25.4.jar:/Users/rakeshkuratti/.m2/repository/org/apache/logging/log4j/log4j-api/2.25.4/log4j-api-2.25.4.jar:/Users/rakeshkuratti/.m2/repository/org/slf4j/jul-to-slf4j/2.0.18/jul-to-slf4j-2.0.18.jar:/Users/rakeshkuratti/.m2/repository/org/springframework/boot/spring-boot-autoconfigure/4.1.0/spring-boot-autoconfigure-4.1.0.jar:/Users/rakeshkuratti/.m2/repository/jakarta/annotation/jakarta.annotation-api/3.0.0/jakarta.annotation-api-3.0.0.jar:/Users/rakeshkuratti/.m2/repository/org/yaml/snakeyaml/2.6/snakeyaml-2.6.jar:/Users/rakeshkuratti/.m2/repository/org/springframework/boot/spring-boot-starter-jdbc/4.1.0/spring-boot-starter-jdbc-4.1.0.jar:/Users/rakeshkuratti/.m2/repository/com/zaxxer/HikariCP/7.0.2/HikariCP-7.0.2.jar:/Users/rakeshkuratti/.m2/repository/org/slf4j/slf4j-api/2.0.18/slf4j-api-2.0.18.jar:/Users/rakeshkuratti/.m2/repository/org/springframework/boot/spring-boot-data-jpa/4.1.0/spring-boot-data-jpa-4.1.0.jar:/Users/rakeshkuratti/.m2/repository/org/springframework/boot/spring-boot-data-commons/4.1.0/spring-boot-data-commons-4.1.0.jar:/Users/rakeshkuratti/.m2/repository/org/springframework/boot/spring-boot-persistence/4.1.0/spring-boot-persistence-4.1.0.jar:/Users/rakeshkuratti/.m2/repository/org/springframework/data/spring-data-commons/4.1.0/spring-data-commons-4.1.0.jar:/Users/rakeshkuratti/.m2/repository/org/springframework/boot/spring-boot-hibernate/4.1.0/spring-boot-hibernate-4.1.0.jar:/Users/rakeshkuratti/.m2/repository/org/springframework/boot/spring-boot-jpa/4.1.0/spring-boot-jpa-4.1.0.jar:/Users/rakeshkuratti/.m2/repository/jakarta/persistence/jakarta.persistence-api/3.2.0/jakarta.persistence-api-3.2.0.jar:/Users/rakeshkuratti/.m2/repository/org/hibernate/orm/hibernate-core/7.4.1.Final/hibernate-core-7.4.1.Final.jar:/Users/rakeshkuratti/.m2/repository/jakarta/transaction/jakarta.transaction-api/2.0.1/jakarta.transaction-api-2.0.1.jar:/Users/rakeshkuratti/.m2/repository/org/hibernate/models/hibernate-models/1.1.1/hibernate-models-1.1.1.jar:/Users/rakeshkuratti/.m2/repository/org/glassfish/jaxb/jaxb-runtime/4.0.9/jaxb-runtime-4.0.9.jar:/Users/rakeshkuratti/.m2/repository/org/glassfish/jaxb/jaxb-core/4.0.9/jaxb-core-4.0.9.jar:/Users/rakeshkuratti/.m2/repository/org/eclipse/angus/angus-activation/2.0.3/angus-activation-2.0.3.jar:/Users/rakeshkuratti/.m2/repository/org/glassfish/jaxb/txw2/4.0.9/txw2-4.0.9.jar:/Users/rakeshkuratti/.m2/repository/com/sun/istack/istack-commons-runtime/4.1.2/istack-commons-runtime-4.1.2.jar:/Users/rakeshkuratti/.m2/repository/jakarta/inject/jakarta.inject-api/2.0.1/jakarta.inject-api-2.0.1.jar:/Users/rakeshkuratti/.m2/repository/org/springframework/spring-orm/7.0.8/spring-orm-7.0.8.jar:/Users/rakeshkuratti/.m2/repository/org/springframework/data/spring-data-jpa/4.1.0/spring-data-jpa-4.1.0.jar:/Users/rakeshkuratti/.m2/repository/org/springframework/spring-context/7.0.8/spring-context-7.0.8.jar:/Users/rakeshkuratti/.m2/repository/org/springframework/spring-aop/7.0.8/spring-aop-7.0.8.jar:/Users/rakeshkuratti/.m2/repository/org/springframework/spring-tx/7.0.8/spring-tx-7.0.8.jar:/Users/rakeshkuratti/.m2/repository/org/springframework/spring-beans/7.0.8/spring-beans-7.0.8.jar:/Users/rakeshkuratti/.m2/repository/org/antlr/antlr4-runtime/4.13.2/antlr4-runtime-4.13.2.jar:/Users/rakeshkuratti/.m2/repository/org/springframework/spring-aspects/7.0.8/spring-aspects-7.0.8.jar:/Users/rakeshkuratti/.m2/repository/org/aspectj/aspectjweaver/1.9.25.1/aspectjweaver-1.9.25.1.jar:/Users/rakeshkuratti/.m2/repository/org/springframework/boot/spring-boot-jdbc/4.1.0/spring-boot-jdbc-4.1.0.jar:/Users/rakeshkuratti/.m2/repository/org/springframework/boot/spring-boot/4.1.0/spring-boot-4.1.0.jar:/Users/rakeshkuratti/.m2/repository/org/springframework/boot/spring-boot-sql/4.1.0/spring-boot-sql-4.1.0.jar:/Users/rakeshkuratti/.m2/repository/org/springframework/boot/spring-boot-transaction/4.1.0/spring-boot-transaction-4.1.0.jar:/Users/rakeshkuratti/.m2/repository/org/springframework/spring-jdbc/7.0.8/spring-jdbc-7.0.8.jar:/Users/rakeshkuratti/.m2/repository/org/springframework/boot/spring-boot-starter-validation/4.1.0/spring-boot-starter-validation-4.1.0.jar:/Users/rakeshkuratti/.m2/repository/org/springframework/boot/spring-boot-validation/4.1.0/spring-boot-validation-4.1.0.jar:/Users/rakeshkuratti/.m2/repository/org/apache/tomcat/embed/tomcat-embed-el/11.0.22/tomcat-embed-el-11.0.22.jar:/Users/rakeshkuratti/.m2/repository/org/hibernate/validator/hibernate-validator/9.1.0.Final/hibernate-validator-9.1.0.Final.jar:/Users/rakeshkuratti/.m2/repository/jakarta/validation/jakarta.validation-api/3.1.1/jakarta.validation-api-3.1.1.jar:/Users/rakeshkuratti/.m2/repository/org/jboss/logging/jboss-logging/3.6.3.Final/jboss-logging-3.6.3.Final.jar:/Users/rakeshkuratti/.m2/repository/com/fasterxml/classmate/1.7.3/classmate-1.7.3.jar:/Users/rakeshkuratti/.m2/repository/org/springframework/boot/spring-boot-starter-webmvc/4.1.0/spring-boot-starter-webmvc-4.1.0.jar:/Users/rakeshkuratti/.m2/repository/org/springframework/boot/spring-boot-starter-jackson/4.1.0/spring-boot-starter-jackson-4.1.0.jar:/Users/rakeshkuratti/.m2/repository/org/springframework/boot/spring-boot-jackson/4.1.0/spring-boot-jackson-4.1.0.jar:/Users/rakeshkuratti/.m2/repository/tools/jackson/core/jackson-databind/3.1.4/jackson-databind-3.1.4.jar:/Users/rakeshkuratti/.m2/repository/com/fasterxml/jackson/core/jackson-annotations/2.21/jackson-annotations-2.21.jar:/Users/rakeshkuratti/.m2/repository/tools/jackson/core/jackson-core/3.1.4/jackson-core-3.1.4.jar:/Users/rakeshkuratti/.m2/repository/org/springframework/boot/spring-boot-starter-tomcat/4.1.0/spring-boot-starter-tomcat-4.1.0.jar:/Users/rakeshkuratti/.m2/repository/org/springframework/boot/spring-boot-starter-tomcat-runtime/4.1.0/spring-boot-starter-tomcat-runtime-4.1.0.jar:/Users/rakeshkuratti/.m2/repository/org/apache/tomcat/embed/tomcat-embed-core/11.0.22/tomcat-embed-core-11.0.22.jar:/Users/rakeshkuratti/.m2/repository/org/apache/tomcat/embed/tomcat-embed-websocket/11.0.22/tomcat-embed-websocket-11.0.22.jar:/Users/rakeshkuratti/.m2/repository/org/springframework/boot/spring-boot-tomcat/4.1.0/spring-boot-tomcat-4.1.0.jar:/Users/rakeshkuratti/.m2/repository/org/springframework/boot/spring-boot-http-converter/4.1.0/spring-boot-http-converter-4.1.0.jar:/Users/rakeshkuratti/.m2/repository/org/springframework/spring-web/7.0.8/spring-web-7.0.8.jar:/Users/rakeshkuratti/.m2/repository/io/micrometer/micrometer-observation/1.17.0/micrometer-observation-1.17.0.jar:/Users/rakeshkuratti/.m2/repository/io/micrometer/micrometer-commons/1.17.0/micrometer-commons-1.17.0.jar:/Users/rakeshkuratti/.m2/repository/org/springframework/boot/spring-boot-webmvc/4.1.0/spring-boot-webmvc-4.1.0.jar:/Users/rakeshkuratti/.m2/repository/org/springframework/boot/spring-boot-servlet/4.1.0/spring-boot-servlet-4.1.0.jar:/Users/rakeshkuratti/.m2/repository/org/springframework/spring-webmvc/7.0.8/spring-webmvc-7.0.8.jar:/Users/rakeshkuratti/.m2/repository/org/springframework/spring-expression/7.0.8/spring-expression-7.0.8.jar:/Users/rakeshkuratti/.m2/repository/com/mysql/mysql-connector-j/9.7.0/mysql-connector-j-9.7.0.jar:/Users/rakeshkuratti/.m2/repository/org/projectlombok/lombok/1.18.46/lombok-1.18.46.jar:/Users/rakeshkuratti/.m2/repository/jakarta/xml/bind/jakarta.xml.bind-api/4.0.5/jakarta.xml.bind-api-4.0.5.jar:/Users/rakeshkuratti/.m2/repository/jakarta/activation/jakarta.activation-api/2.1.4/jakarta.activation-api-2.1.4.jar:/Users/rakeshkuratti/.m2/repository/net/bytebuddy/byte-buddy/1.18.10/byte-buddy-1.18.10.jar:/Users/rakeshkuratti/.m2/repository/org/springframework/spring-core/7.0.8/spring-core-7.0.8.jar:/Users/rakeshkuratti/.m2/repository/commons-logging/commons-logging/1.3.6/commons-logging-1.3.6.jar:/Users/rakeshkuratti/.m2/repository/org/jspecify/jspecify/1.0.0/jspecify-1.0.0.jar:/Users/rakeshkuratti/.m2/repository/org/springframework/boot/spring-boot-web-server/4.1.0/spring-boot-web-server-4.1.0.jar, java.vm.vendor=Oracle Corporation, sun.arch.data.model=64, catalina.useNaming=false, java.vendor.url=https://java.oracle.com/, user.timezone=Asia/Kolkata, jakarta.persistence.sharedCache.mode=UNSPECIFIED, org.jboss.logging.provider=slf4j, os.name=Mac OS X, java.vm.specification.version=25, APPLICATION_NAME=ExpenseTracker, jakarta.persistence.nonJtaDataSource=HikariDataSource (HikariPool-1), user.country=US, sun.java.launcher=SUN_STANDARD, sun.boot.library.path=/Library/Java/JavaVirtualMachines/jdk-25.jdk/Contents/Home/lib, sun.java.command=com.rakesh.ExpenseTracker.ExpenseTrackerApplication, javax.persistence.nonJtaDataSource=HikariDataSource (HikariPool-1), http.nonProxyHosts=local|*.local|169.254/16|*.169.254/16, jdk.debug=release, sun.cpu.endian=little, hibernate.cdi.extensions=true, user.home=/Users/rakeshkuratti, user.language=en, sun.stderr.encoding=UTF-8, java.specification.vendor=Oracle Corporation, java.version.date=2026-01-20, java.home=/Library/Java/JavaVirtualMachines/jdk-25.jdk/Contents/Home, file.separator=/, java.vm.compressedOopsMode=Zero based, sun.stdout.encoding=UTF-8, line.separator=
, hibernate.persistenceUnitName=default, java.vm.specification.vendor=Oracle Corporation, java.specification.name=Java Platform API Specification, FILE_LOG_CHARSET=UTF-8, hibernate.transaction.coordinator_class=class org.hibernate.resource.transaction.backend.jdbc.internal.JdbcResourceLocalTransactionCoordinatorBuilderImpl, java.awt.headless=true, apple.awt.application.name=ExpenseTrackerApplication, jakarta.persistence.validation.mode=AUTO, hibernate.hbm2ddl.auto=update, sun.management.compiler=HotSpot 64-Bit Tiered Compilers, ftp.nonProxyHosts=local|*.local|169.254/16|*.169.254/16, java.runtime.version=25.0.2+10-LTS-69, user.name=rakeshkuratti, stdout.encoding=UTF-8, path.separator=:, os.version=26.6, java.runtime.name=Java(TM) SE Runtime Environment, file.encoding=UTF-8, java.vm.name=Java HotSpot(TM) 64-Bit Server VM, hibernate.show_sql=true, LOG_FILE=myapp.log, java.vendor.url.bug=https://bugreport.java.com/bugreport/, java.io.tmpdir=/var/folders/d9/17yqn9653js4rz2_zfr7c15m0000gn/T/, catalina.home=/private/var/folders/d9/17yqn9653js4rz2_zfr7c15m0000gn/T/tomcat.8082.4673565410751935966, java.version=25.0.2, hibernate.physical_naming_strategy=org.hibernate.boot.model.naming.PhysicalNamingStrategySnakeCaseImpl, user.dir=/Users/rakeshkuratti/Desktop/Projcts/ExpenseTracker, os.arch=x86_64, java.vm.specification.name=Java Virtual Machine Specification, PID=8180, CONSOLE_LOG_CHARSET=UTF-8, catalina.base=/private/var/folders/d9/17yqn9653js4rz2_zfr7c15m0000gn/T/tomcat.8082.4673565410751935966, hibernate.boot.CfgXmlAccessService.key=org.hibernate.boot.registry.StandardServiceRegistryBuilder$1@20c283b4, native.encoding=UTF-8, java.library.path=/Users/rakeshkuratti/Library/Java/Extensions:/Library/Java/Extensions:/Network/Library/Java/Extensions:/System/Library/Java/Extensions:/usr/lib/java:., stderr.encoding=UTF-8, java.vendor=Oracle Corporation, java.vm.info=mixed mode, sharing, java.vm.version=25.0.2+10-LTS-69, stdin.encoding=UTF-8, sun.io.unicode.encoding=UnicodeBig, hibernate.archive.scanner=org.hibernate.boot.archive.scan.internal.DisabledScanner, hibernate.connection.datasource=HikariDataSource (HikariPool-1), socksNonProxyHosts=local|*.local|169.254/16|*.169.254/16, java.class.version=69.0, LOGGED_APPLICATION_NAME=[ExpenseTracker] }
2026-08-17 23:40:39 - com.zaxxer.hikari.pool.PoolBase - HikariPool-1 - Established new connection (d59e5a06-15d9-422a-84e2-8dc3a61094b6)
2026-08-17 23:40:39 - com.zaxxer.hikari.pool.HikariPool - HikariPool-1 - Added connection com.mysql.cj.jdbc.ConnectionImpl@3aabfea3
2026-08-17 23:40:39 - o.h.v.i.x.config.ValidationXmlParser - Trying to load META-INF/validation.xml for XML based Validator configuration.
2026-08-17 23:40:39 - o.h.v.i.x.c.ResourceLoaderHelper - Trying to load META-INF/validation.xml via TCCL
2026-08-17 23:40:39 - o.h.v.i.x.c.ResourceLoaderHelper - Trying to load META-INF/validation.xml via Hibernate Validator's class loader
2026-08-17 23:40:39 - o.h.v.i.x.config.ValidationXmlParser - No META-INF/validation.xml found. Using annotation based configuration only.
2026-08-17 23:40:39 - o.h.v.i.e.r.TraversableResolvers - Found jakarta.persistence.Persistence on classpath containing 'getPersistenceUtil'. Assuming Jakarta Persistence environment. Trying to instantiate Jakarta Persistence aware TraversableResolver
2026-08-17 23:40:39 - o.h.v.i.e.r.TraversableResolvers - Instantiated Jakarta Persistence aware TraversableResolver of type org.hibernate.validator.internal.engine.resolver.JPATraversableResolver.
2026-08-17 23:40:39 - o.h.v.m.ResourceBundleMessageInterpolator - Loaded expression factory via original TCCL
2026-08-17 23:40:39 - o.h.v.i.e.ValidatorFactoryConfigurationHelper - HV000252: Using org.hibernate.validator.internal.engine.DefaultPropertyNodeNameProvider as property node name provider.
2026-08-17 23:40:39 - o.h.v.i.e.ValidatorFactoryConfigurationHelper - HV000234: Using org.hibernate.validator.messageinterpolation.ResourceBundleMessageInterpolator as ValidatorFactory-scoped message interpolator.
2026-08-17 23:40:39 - o.h.v.i.e.ValidatorFactoryConfigurationHelper - HV000234: Using org.hibernate.validator.internal.engine.resolver.JPATraversableResolver as ValidatorFactory-scoped traversable resolver.
2026-08-17 23:40:39 - o.h.v.i.e.ValidatorFactoryConfigurationHelper - HV000234: Using org.hibernate.validator.internal.util.ExecutableParameterNameProvider as ValidatorFactory-scoped parameter name provider.
2026-08-17 23:40:39 - o.h.v.i.e.ValidatorFactoryConfigurationHelper - HV000234: Using org.hibernate.validator.internal.engine.DefaultClockProvider as ValidatorFactory-scoped clock provider.
2026-08-17 23:40:39 - o.h.v.i.e.ValidatorFactoryConfigurationHelper - HV000234: Using org.hibernate.validator.internal.engine.scripting.DefaultScriptEvaluatorFactory as ValidatorFactory-scoped script evaluator factory.
2026-08-17 23:40:39 - com.zaxxer.hikari.pool.HikariPool - HikariPool-1 - After adding stats (total=6/10, idle=6/10, active=0, waiting=0)
2026-08-17 23:40:39 - com.zaxxer.hikari.pool.PoolBase - HikariPool-1 - Attempting to create/setup new connection (7eda1ef1-313b-43d2-85b5-71e6a326f780)
2026-08-17 23:40:39 - com.zaxxer.hikari.pool.PoolBase - HikariPool-1 - Established new connection (7eda1ef1-313b-43d2-85b5-71e6a326f780)
2026-08-17 23:40:39 - com.zaxxer.hikari.pool.HikariPool - HikariPool-1 - Added connection com.mysql.cj.jdbc.ConnectionImpl@2875856b
2026-08-17 23:40:39 - com.zaxxer.hikari.pool.HikariPool - HikariPool-1 - After adding stats (total=7/10, idle=7/10, active=0, waiting=0)
2026-08-17 23:40:39 - com.zaxxer.hikari.pool.PoolBase - HikariPool-1 - Attempting to create/setup new connection (86e7a304-170d-4891-83a6-201a93acc924)
2026-08-17 23:40:39 - com.zaxxer.hikari.pool.PoolBase - HikariPool-1 - Established new connection (86e7a304-170d-4891-83a6-201a93acc924)
2026-08-17 23:40:39 - com.zaxxer.hikari.pool.HikariPool - HikariPool-1 - Added connection com.mysql.cj.jdbc.ConnectionImpl@51018b05
2026-08-17 23:40:39 - org.hibernate.HQL_FUNCTIONS - Available HQL Functions:
	abs(NUMERIC arg)
	Double acos(NUMERIC arg)
	adddate(DATE datetime, INTEGER days)
	addtime(TIME datetime, TIME time)
	Boolean any(BOOLEAN arg)
	Integer ascii(STRING arg)
	Double asin(NUMERIC arg)
	Double atan(NUMERIC arg)
	Double atan2(NUMERIC arg0, NUMERIC arg1)
	avg(arg)
	bit_and(arg)
	Integer bit_length(STRING_OR_CLOB arg)
	bit_or(arg)
	bitand(arg0, arg1)
	bitnot(arg)
	bitor(arg0, arg1)
	bitxor(arg0, arg1)
	cast(arg as Type)
	ceiling(NUMERIC arg)
	Object changesetid(arg)
	Character char(INTEGER arg)
	Integer character_length(STRING_OR_CLOB arg)
	Character chr(INTEGER arg)
	coalesce(arg0[, arg1[, ...]])
	String collate(STRING string as COLLATION collation)
	String concat(STRING string0[, STRING string1[, ...]])
	Double cos(NUMERIC arg)
	Double cosh(NUMERIC arg)
	Double cot(NUMERIC arg)
	Long count([distinct ]{arg|*})
	Integer crc32(arg)
	Double cume_dist([arg0[, ...]])
	Date curdate()
	Date current date
	Date current time
	Date current timestamp
	Date current_date
	Instant current_instant
	Date current_time
	Date current_timestamp
	Date curtime()
	Date date(arg)
	dateadd(TEMPORAL_UNIT field, INTEGER magnitude, TEMPORAL datetime)
	Integer datediff(DATE end, DATE start)
	Integer day(DATE arg)
	String dayname(DATE arg)
	Integer dayofmonth(DATE arg)
	Integer dayofweek(DATE arg)
	Integer dayofyear(DATE arg)
	Double degrees(NUMERIC arg)
	Long dense_rank([arg0[, ...]])
	Boolean every(BOOLEAN arg)
	Double exp(NUMERIC arg)
	extract(TEMPORAL_UNIT field from TEMPORAL arg)
	first_valueANY value
	floor(NUMERIC arg)
	String format(TEMPORAL datetime as STRING pattern)
	greatest(COMPARABLE arg0, COMPARABLE arg1[, arg2[, ...]])
	String hex(arg)
	Integer hour(TIME arg)
	ifnull(arg0, arg1)
	String insert(STRING string, INTEGER start, INTEGER length, STRING replacement)
	Instant instant
	Integer instr(STRING string, STRING pattern[, INTEGER start[, INTEGER occurrence]])
	String json_array([arg0[, ...]])
	String json_array_append(IMPLICIT_JSON arg0, STRING arg1, ANY arg2)
	String json_array_insert(IMPLICIT_JSON arg0, STRING arg1, ANY arg2)
	String json_arrayagg(arg0[, arg1])
	Boolean json_exists(IMPLICIT_JSON arg0, STRING arg1)
	String json_insert(IMPLICIT_JSON arg0, STRING arg1, ANY arg2)
	String json_mergepatch(IMPLICIT_JSON arg0, IMPLICIT_JSON arg1[, arg2[, ...]])
	String json_object( ... )
	String json_objectagg(arg0, arg1[, arg2, arg3])
	String json_query( ... )
	String json_remove(IMPLICIT_JSON arg0, STRING arg1)
	String json_replace(IMPLICIT_JSON arg0, STRING arg1, ANY arg2)
	String json_set(IMPLICIT_JSON arg0, STRING arg1, ANY arg2)
	json_value( ... )
	lagANY value[, INTEGER offset[, ANY default]]
	Date last_day(DATE arg)
	last_valueANY value
	leadANY value[, INTEGER offset[, ANY default]]
	least(COMPARABLE arg0, COMPARABLE arg1[, arg2[, ...]])
	String left(STRING string, INTEGER length)
	Integer length(STRING_OR_CLOB arg)
	String listagg(STRING arg0, STRING arg1)
	Double ln(NUMERIC arg)
	LocalDate local date
	LocalDateTime local datetime
	LocalTime local time
	LocalDate local_date
	LocalDateTime local_datetime
	LocalTime local_time
	Date localtime
	Date localtimestamp
	Integer locate(STRING pattern, STRING string[, INTEGER start])
	Double log(NUMERIC arg0[, NUMERIC arg1])
	Double log10(NUMERIC arg)
	Double log2(NUMERIC arg)
	String lower(STRING string)
	String lpad(string, length[, padding])
	String ltrim(STRING string[, STRING characters])
	Date makedate(INTEGER year, INTEGER dayofyear)
	Date maketime(INTEGER hour, INTEGER min, INTEGER sec)
	max(COMPARABLE arg)
	byte[] md5(arg)
	Integer microsecond(TIME arg)
	min(COMPARABLE arg)
	Integer minute(TIME arg)
	Integer mod(INTEGER arg0, INTEGER arg1)
	ModificationType modificationtype(arg)
	Integer month(DATE arg)
	String monthname(DATE arg)
	Date now()
	nth_valueANY value, INTEGER nth
	nullif(arg0, arg1)
	Integer octet_length(STRING_OR_CLOB arg)
	OffsetDateTime offset datetime
	OffsetDateTime offset_datetime
	Integer ordinal(ENUM arg)
	String overlay(STRING string placing STRING replacement from INTEGER start[ for INTEGER length])
	String pad(STRING string with INTEGER length {leading|trailing}[ STRING character])
	Double percent_rank([arg0[, ...]])
	Double pi
	Integer position(STRING pattern in STRING string)
	Double power(NUMERIC arg0, NUMERIC arg1)
	Integer quarter(DATE arg)
	Double radians(NUMERIC arg)
	Double rand([INTEGER seed])
	Long rank([arg0[, ...]])
	Boolean regexp_like(STRING arg0, STRING arg1[, STRING arg2])
	String repeat(STRING string, INTEGER times)
	String replace(STRING string, STRING pattern, STRING replacement)
	String reverse(STRING arg)
	String right(STRING string, INTEGER length)
	round(NUMERIC number[, INTEGER places])
	Long row_number()
	String rpad(string, length[, padding])
	String rtrim(STRING string[, STRING characters])
	Integer second(TIME arg)
	byte[] sha(arg)
	String sha1(arg)
	String sha2(arg0, arg1)
	Integer sign(NUMERIC arg)
	Double sin(NUMERIC arg)
	Double sinh(NUMERIC arg)
	String soundex(arg)
	String space(INTEGER arg)
	sql
	Double sqrt(NUMERIC arg)
	Double stddev(NUMERIC arg)
	Double stddev_pop(NUMERIC arg)
	Double stddev_samp(NUMERIC arg)
	String str(arg)
	String string(ENUM arg)
	subdate(DATE datetime, INTEGER days)
	String substr(STRING string, INTEGER start[, INTEGER length])
	String substring(STRING string{ from|,} INTEGER start[{ for|,} INTEGER length])
	subtime(TIME datetime, TIME time)
	sum(arg)
	Date sysdate()
	Double tan(NUMERIC arg)
	Double tanh(NUMERIC arg)
	String time(arg)
	Date timestamp(arg0[, arg1])
	timestampadd(TEMPORAL_UNIT field, INTEGER magnitude, TEMPORAL datetime)
	Long|Double timestampdiff(TEMPORAL_UNIT field, TEMPORAL start, TEMPORAL end)
	String trim([[{leading|trailing|both} ][STRING arg0 ]from] STRING arg1)
	trunc( ... )
	truncate( ... )
	String upper(STRING string)
	Date utc_date
	Date utc_time
	Date utc_timestamp
	Double var_pop(NUMERIC arg)
	Double var_samp(NUMERIC arg)
	Double variance(NUMERIC arg)
	Integer week(DATE arg)
	Integer year(DATE arg)

2026-08-17 23:40:39 - com.zaxxer.hikari.pool.HikariPool - HikariPool-1 - After adding stats (total=8/10, idle=8/10, active=0, waiting=0)
2026-08-17 23:40:39 - com.zaxxer.hikari.pool.PoolBase - HikariPool-1 - Attempting to create/setup new connection (f6e6d08e-75c2-4eff-a0ec-28ad3557ce16)
2026-08-17 23:40:39 - com.zaxxer.hikari.pool.PoolBase - HikariPool-1 - Established new connection (f6e6d08e-75c2-4eff-a0ec-28ad3557ce16)
2026-08-17 23:40:39 - com.zaxxer.hikari.pool.HikariPool - HikariPool-1 - Added connection com.mysql.cj.jdbc.ConnectionImpl@4cca21d5
2026-08-17 23:40:39 - com.zaxxer.hikari.pool.HikariPool - HikariPool-1 - After adding stats (total=9/10, idle=9/10, active=0, waiting=0)
2026-08-17 23:40:39 - com.zaxxer.hikari.pool.PoolBase - HikariPool-1 - Attempting to create/setup new connection (177d0946-f09a-4baf-96ee-4292c049b312)
2026-08-17 23:40:39 - com.zaxxer.hikari.pool.PoolBase - HikariPool-1 - Established new connection (177d0946-f09a-4baf-96ee-4292c049b312)
2026-08-17 23:40:39 - com.zaxxer.hikari.pool.HikariPool - HikariPool-1 - Added connection com.mysql.cj.jdbc.ConnectionImpl@74bf5e17
2026-08-17 23:40:39 - com.zaxxer.hikari.pool.HikariPool - HikariPool-1 - After adding stats (total=10/10, idle=10/10, active=0, waiting=0)
2026-08-17 23:40:39 - org.hibernate.orm.core - HHH000513: Unable to create the ReflectionOptimizer for [com.rakesh.ExpenseTracker.entity.Expense]: private accessor [amount]
2026-08-17 23:40:40 - org.hibernate.orm.core - HHH000489: No JTA platform available (set 'hibernate.transaction.jta.platform' to enable JTA platform integration)
2026-08-17 23:40:40 - org.hibernate.orm.service - HHH010454: EventListenerRegistry access via ServiceRegistry is deprecated - use 'sessionFactory.getEventEngine().getListenerRegistry()' instead
2026-08-17 23:40:40 - org.hibernate.SQL - 
    alter table expense 
       modify column amount decimal(38,2) not null
2026-08-17 23:40:40 - org.hibernate.SQL - 
    alter table expense 
       add column expense_date_time datetime(6) not null
2026-08-17 23:40:40 - o.h.t.s.i.ExceptionHandlerLoggedImpl - GenerationTarget encountered exception accepting command : Error executing DDL "
    alter table expense 
       add column expense_date_time datetime(6) not null" via JDBC [Data truncation: Incorrect datetime value: '0000-00-00 00:00:00' for column 'expense_date_time' at row 1]
org.hibernate.tool.schema.spi.CommandAcceptanceException: Error executing DDL "
    alter table expense 
       add column expense_date_time datetime(6) not null" via JDBC [Data truncation: Incorrect datetime value: '0000-00-00 00:00:00' for column 'expense_date_time' at row 1]
	at org.hibernate.tool.schema.internal.exec.GenerationTargetToDatabase.accept(GenerationTargetToDatabase.java:91)
	at org.hibernate.tool.schema.internal.AbstractSchemaMigrator.applySqlString(AbstractSchemaMigrator.java:566)
	at org.hibernate.tool.schema.internal.AbstractSchemaMigrator.applySqlStrings(AbstractSchemaMigrator.java:506)
	at org.hibernate.tool.schema.internal.AbstractSchemaMigrator.migrateTable(AbstractSchemaMigrator.java:324)
	at org.hibernate.tool.schema.internal.GroupedSchemaMigratorImpl.performTablesMigration(GroupedSchemaMigratorImpl.java:84)
	at org.hibernate.tool.schema.internal.AbstractSchemaMigrator.performMigration(AbstractSchemaMigrator.java:220)
	at org.hibernate.tool.schema.internal.AbstractSchemaMigrator.doMigration(AbstractSchemaMigrator.java:96)
	at org.hibernate.tool.schema.spi.SchemaManagementToolCoordinator.performDatabaseAction(SchemaManagementToolCoordinator.java:269)
	at org.hibernate.tool.schema.spi.SchemaManagementToolCoordinator.lambda$process$1(SchemaManagementToolCoordinator.java:101)
	at java.base/java.util.HashMap.forEach(HashMap.java:1430)
	at org.hibernate.tool.schema.spi.SchemaManagementToolCoordinator.process(SchemaManagementToolCoordinator.java:100)
	at org.hibernate.boot.internal.SessionFactoryObserverForSchemaExport.sessionFactoryCreated(SessionFactoryObserverForSchemaExport.java:35)
	at org.hibernate.internal.SessionFactoryObserverChain.sessionFactoryCreated(SessionFactoryObserverChain.java:33)
	at org.hibernate.internal.SessionFactoryImpl.<init>(SessionFactoryImpl.java:327)
	at org.hibernate.internal.SessionFactoryRegistry.instantiateSessionFactory(SessionFactoryRegistry.java:64)
	at org.hibernate.boot.internal.SessionFactoryBuilderImpl.build(SessionFactoryBuilderImpl.java:458)
	at org.hibernate.jpa.boot.internal.EntityManagerFactoryBuilderImpl.build(EntityManagerFactoryBuilderImpl.java:1452)
	at org.springframework.orm.jpa.vendor.SpringHibernateJpaPersistenceProvider.createContainerEntityManagerFactory(SpringHibernateJpaPersistenceProvider.java:93)
	at org.springframework.orm.jpa.LocalContainerEntityManagerFactoryBean.createNativeEntityManagerFactory(LocalContainerEntityManagerFactoryBean.java:443)
	at org.springframework.orm.jpa.AbstractEntityManagerFactoryBean.buildNativeEntityManagerFactory(AbstractEntityManagerFactoryBean.java:436)
	at org.springframework.orm.jpa.AbstractEntityManagerFactoryBean.afterPropertiesSet(AbstractEntityManagerFactoryBean.java:411)
	at org.springframework.orm.jpa.LocalContainerEntityManagerFactoryBean.afterPropertiesSet(LocalContainerEntityManagerFactoryBean.java:419)
	at org.springframework.beans.factory.support.AbstractAutowireCapableBeanFactory.invokeInitMethods(AbstractAutowireCapableBeanFactory.java:1862)
	at org.springframework.beans.factory.support.AbstractAutowireCapableBeanFactory.initializeBean(AbstractAutowireCapableBeanFactory.java:1811)
	at org.springframework.beans.factory.support.AbstractAutowireCapableBeanFactory.doCreateBean(AbstractAutowireCapableBeanFactory.java:603)
	at org.springframework.beans.factory.support.AbstractAutowireCapableBeanFactory.createBean(AbstractAutowireCapableBeanFactory.java:525)
	at org.springframework.beans.factory.support.AbstractBeanFactory.lambda$doGetBean$0(AbstractBeanFactory.java:333)
	at org.springframework.beans.factory.support.DefaultSingletonBeanRegistry.getSingleton(DefaultSingletonBeanRegistry.java:371)
	at org.springframework.beans.factory.support.AbstractBeanFactory.doGetBean(AbstractBeanFactory.java:331)
	at org.springframework.beans.factory.support.AbstractBeanFactory.getBean(AbstractBeanFactory.java:201)
	at org.springframework.context.support.AbstractApplicationContext.finishBeanFactoryInitialization(AbstractApplicationContext.java:977)
	at org.springframework.context.support.AbstractApplicationContext.refresh(AbstractApplicationContext.java:621)
	at org.springframework.boot.web.server.servlet.context.ServletWebServerApplicationContext.refresh(ServletWebServerApplicationContext.java:143)
	at org.springframework.boot.SpringApplication.refresh(SpringApplication.java:756)
	at org.springframework.boot.SpringApplication.refreshContext(SpringApplication.java:445)
	at org.springframework.boot.SpringApplication.run(SpringApplication.java:321)
	at org.springframework.boot.SpringApplication.run(SpringApplication.java:1365)
	at org.springframework.boot.SpringApplication.run(SpringApplication.java:1354)
	at com.rakesh.ExpenseTracker.ExpenseTrackerApplication.main(ExpenseTrackerApplication.java:13)
Caused by: com.mysql.cj.jdbc.exceptions.MysqlDataTruncation: Data truncation: Incorrect datetime value: '0000-00-00 00:00:00' for column 'expense_date_time' at row 1
	at com.mysql.cj.jdbc.exceptions.SQLExceptionsMapping.translateException(SQLExceptionsMapping.java:96)
	at com.mysql.cj.jdbc.StatementImpl.executeInternal(StatementImpl.java:839)
	at com.mysql.cj.jdbc.StatementImpl.execute(StatementImpl.java:687)
	at com.zaxxer.hikari.pool.ProxyStatement.execute(ProxyStatement.java:95)
	at com.zaxxer.hikari.pool.HikariProxyStatement.execute(HikariProxyStatement.java)
	at org.hibernate.tool.schema.internal.exec.GenerationTargetToDatabase.accept(GenerationTargetToDatabase.java:86)
	... 38 common frames omitted
2026-08-17 23:40:40 - org.hibernate.mapping.Table - No alter strings for table: expense_seq
2026-08-17 23:40:40 - org.hibernate.orm.factoryRegistry - HHH020384: Registering SessionFactory [20ef5553-8e94-4ea6-a2fc-e025c5196d6b] (default)
2026-08-17 23:40:40 - o.s.o.j.LocalContainerEntityManagerFactoryBean - Initialized JPA EntityManagerFactory for persistence unit 'default'
2026-08-17 23:40:40 - o.s.b.f.s.DefaultListableBeanFactory - Creating shared instance of singleton bean 'expenseTrackerApplication'
2026-08-17 23:40:40 - o.s.b.f.s.DefaultListableBeanFactory - Creating shared instance of singleton bean 'expenseController'
2026-08-17 23:40:40 - o.s.b.f.s.DefaultListableBeanFactory - Creating shared instance of singleton bean 'expenseServiceImpl'
2026-08-17 23:40:40 - o.s.b.f.s.DefaultListableBeanFactory - Creating shared instance of singleton bean 'expenseRepository'
2026-08-17 23:40:40 - o.s.b.f.s.DefaultListableBeanFactory - Creating shared instance of singleton bean 'jpa.named-queries#0'
2026-08-17 23:40:40 - o.s.b.f.s.DefaultListableBeanFactory - Creating shared instance of singleton bean 'jpa.ExpenseRepository.fragments#0'
2026-08-17 23:40:40 - o.s.b.f.s.DefaultListableBeanFactory - Creating shared instance of singleton bean 'jpaSharedEM_entityManagerFactory'
2026-08-17 23:40:40 - o.s.b.f.s.DefaultListableBeanFactory - Creating shared instance of singleton bean 'jpaMappingContext'
2026-08-17 23:40:40 - o.s.d.j.r.c.JpaMetamodelMappingContextFactoryBean - Initializing JpaMetamodelMappingContext…
2026-08-17 23:40:40 - o.s.d.j.r.c.JpaMetamodelMappingContextFactoryBean - Finished initializing JpaMetamodelMappingContext
2026-08-17 23:40:40 - o.s.d.j.r.q.QueryEnhancerFactories - Hibernate is in classpath; If applicable, HQL parser will be used.
2026-08-17 23:40:40 - o.s.d.r.c.s.RepositoryFactorySupport - Initializing repository instance for com.rakesh.ExpenseTracker.repository.ExpenseRepository…
2026-08-17 23:40:40 - o.s.d.r.c.s.RepositoryFactorySupport - Finished creation of repository instance for com.rakesh.ExpenseTracker.repository.ExpenseRepository.
2026-08-17 23:40:40 - o.s.b.f.s.DefaultListableBeanFactory - Autowiring by type from bean name 'expenseController' via constructor to bean named 'expenseServiceImpl'
2026-08-17 23:40:40 - o.s.b.f.s.DefaultListableBeanFactory - Creating shared instance of singleton bean 'org.springframework.boot.autoconfigure.context.PropertyPlaceholderAutoConfiguration'
2026-08-17 23:40:40 - o.s.b.f.s.DefaultListableBeanFactory - Creating shared instance of singleton bean 'org.springframework.boot.webmvc.autoconfigure.DispatcherServletAutoConfiguration'
2026-08-17 23:40:40 - o.s.b.f.s.DefaultListableBeanFactory - Creating shared instance of singleton bean 'org.springframework.boot.autoconfigure.task.TaskExecutorConfigurations$SimpleAsyncTaskExecutorBuilderConfiguration'
2026-08-17 23:40:40 - o.s.b.f.s.DefaultListableBeanFactory - Autowiring by type from bean name 'org.springframework.boot.autoconfigure.task.TaskExecutorConfigurations$SimpleAsyncTaskExecutorBuilderConfiguration' via constructor to bean named 'spring.task.execution-org.springframework.boot.autoconfigure.task.TaskExecutionProperties'
2026-08-17 23:40:40 - o.s.b.f.s.DefaultListableBeanFactory - Creating shared instance of singleton bean 'simpleAsyncTaskExecutorBuilder'
2026-08-17 23:40:40 - o.s.b.f.s.DefaultListableBeanFactory - Creating shared instance of singleton bean 'org.springframework.boot.autoconfigure.task.TaskExecutorConfigurations$AsyncConfigurerConfiguration'
2026-08-17 23:40:40 - o.s.b.f.s.DefaultListableBeanFactory - Creating shared instance of singleton bean 'applicationTaskExecutorAsyncConfigurer'
2026-08-17 23:40:40 - o.s.b.f.s.DefaultListableBeanFactory - Autowiring by type from bean name 'applicationTaskExecutorAsyncConfigurer' via factory method to bean named 'org.springframework.beans.factory.support.DefaultListableBeanFactory@47874b25'
2026-08-17 23:40:40 - o.s.b.f.s.DefaultListableBeanFactory - Creating shared instance of singleton bean 'org.springframework.boot.autoconfigure.task.TaskExecutorConfigurations$BootstrapExecutorConfiguration'
2026-08-17 23:40:40 - o.s.b.f.s.DefaultListableBeanFactory - Creating shared instance of singleton bean 'org.springframework.boot.autoconfigure.task.TaskExecutionAutoConfiguration'
2026-08-17 23:40:40 - o.s.b.f.s.DefaultListableBeanFactory - Creating shared instance of singleton bean 'org.springframework.boot.validation.autoconfigure.ValidationAutoConfiguration'
2026-08-17 23:40:40 - o.s.b.f.s.DefaultListableBeanFactory - Creating shared instance of singleton bean 'defaultValidator'
2026-08-17 23:40:40 - o.s.b.f.s.DefaultListableBeanFactory - Autowiring by type from bean name 'defaultValidator' via factory method to bean named 'org.springframework.boot.web.server.servlet.context.AnnotationConfigServletWebServerApplicationContext@1951b871'
2026-08-17 23:40:40 - o.h.v.m.ResourceBundleMessageInterpolator - Loaded expression factory via original TCCL
2026-08-17 23:40:40 - o.h.v.i.e.AbstractConfigurationImpl - Setting custom MessageInterpolator of type org.springframework.validation.beanvalidation.LocaleContextMessageInterpolator
2026-08-17 23:40:40 - o.h.v.i.e.AbstractConfigurationImpl - Setting custom ConstraintValidatorFactory of type org.springframework.validation.beanvalidation.SpringConstraintValidatorFactory
2026-08-17 23:40:40 - o.h.v.i.x.config.ValidationXmlParser - Trying to load META-INF/validation.xml for XML based Validator configuration.
2026-08-17 23:40:40 - o.h.v.i.x.c.ResourceLoaderHelper - Trying to load META-INF/validation.xml via user class loader
2026-08-17 23:40:40 - o.h.v.i.x.c.ResourceLoaderHelper - Trying to load META-INF/validation.xml via TCCL
2026-08-17 23:40:40 - o.h.v.i.x.c.ResourceLoaderHelper - Trying to load META-INF/validation.xml via Hibernate Validator's class loader
2026-08-17 23:40:40 - o.h.v.i.x.config.ValidationXmlParser - No META-INF/validation.xml found. Using annotation based configuration only.
2026-08-17 23:40:40 - o.h.v.i.e.r.TraversableResolvers - Found jakarta.persistence.Persistence on classpath containing 'getPersistenceUtil'. Assuming Jakarta Persistence environment. Trying to instantiate Jakarta Persistence aware TraversableResolver
2026-08-17 23:40:40 - o.h.v.i.e.r.TraversableResolvers - Instantiated Jakarta Persistence aware TraversableResolver of type org.hibernate.validator.internal.engine.resolver.JPATraversableResolver.
2026-08-17 23:40:40 - o.h.v.i.e.ValidatorFactoryConfigurationHelper - HV000252: Using org.hibernate.validator.internal.engine.DefaultPropertyNodeNameProvider as property node name provider.
2026-08-17 23:40:40 - o.h.v.i.e.ValidatorFactoryConfigurationHelper - HV000234: Using org.springframework.validation.beanvalidation.LocaleContextMessageInterpolator as ValidatorFactory-scoped message interpolator.
2026-08-17 23:40:40 - o.h.v.i.e.ValidatorFactoryConfigurationHelper - HV000234: Using org.hibernate.validator.internal.engine.resolver.JPATraversableResolver as ValidatorFactory-scoped traversable resolver.
2026-08-17 23:40:40 - o.h.v.i.e.ValidatorFactoryConfigurationHelper - HV000234: Using org.hibernate.validator.internal.util.ExecutableParameterNameProvider as ValidatorFactory-scoped parameter name provider.
2026-08-17 23:40:40 - o.h.v.i.e.ValidatorFactoryConfigurationHelper - HV000234: Using org.hibernate.validator.internal.engine.DefaultClockProvider as ValidatorFactory-scoped clock provider.
2026-08-17 23:40:40 - o.h.v.i.e.ValidatorFactoryConfigurationHelper - HV000234: Using org.hibernate.validator.internal.engine.scripting.DefaultScriptEvaluatorFactory as ValidatorFactory-scoped script evaluator factory.
2026-08-17 23:40:40 - o.s.b.f.s.DefaultListableBeanFactory - Creating shared instance of singleton bean 'org.springframework.boot.webmvc.autoconfigure.error.ErrorMvcAutoConfiguration$WhitelabelErrorViewConfiguration'
2026-08-17 23:40:40 - o.s.b.f.s.DefaultListableBeanFactory - Creating shared instance of singleton bean 'error'
2026-08-17 23:40:40 - o.s.b.f.s.DefaultListableBeanFactory - Creating shared instance of singleton bean 'beanNameViewResolver'
2026-08-17 23:40:40 - o.s.b.f.s.DefaultListableBeanFactory - Creating shared instance of singleton bean 'org.springframework.boot.webmvc.autoconfigure.error.ErrorMvcAutoConfiguration$DefaultErrorViewResolverConfiguration'
2026-08-17 23:40:40 - o.s.b.f.s.DefaultListableBeanFactory - Autowiring by type from bean name 'org.springframework.boot.webmvc.autoconfigure.error.ErrorMvcAutoConfiguration$DefaultErrorViewResolverConfiguration' via constructor to bean named 'org.springframework.boot.web.server.servlet.context.AnnotationConfigServletWebServerApplicationContext@1951b871'
2026-08-17 23:40:40 - o.s.b.f.s.DefaultListableBeanFactory - Autowiring by type from bean name 'org.springframework.boot.webmvc.autoconfigure.error.ErrorMvcAutoConfiguration$DefaultErrorViewResolverConfiguration' via constructor to bean named 'spring.web-org.springframework.boot.autoconfigure.web.WebProperties'
2026-08-17 23:40:40 - o.s.b.f.s.DefaultListableBeanFactory - Creating shared instance of singleton bean 'conventionErrorViewResolver'
2026-08-17 23:40:40 - o.s.b.f.s.DefaultListableBeanFactory - Creating shared instance of singleton bean 'errorAttributes'
2026-08-17 23:40:40 - o.s.b.f.s.DefaultListableBeanFactory - Creating shared instance of singleton bean 'basicErrorController'
2026-08-17 23:40:40 - o.s.b.f.s.DefaultListableBeanFactory - Autowiring by type from bean name 'basicErrorController' via factory method to bean named 'errorAttributes'
2026-08-17 23:40:40 - o.s.b.f.s.DefaultListableBeanFactory - Creating shared instance of singleton bean 'org.springframework.boot.webmvc.autoconfigure.WebMvcAutoConfiguration$EnableWebMvcConfiguration'
2026-08-17 23:40:40 - o.s.b.f.s.DefaultListableBeanFactory - Autowiring by type from bean name 'org.springframework.boot.webmvc.autoconfigure.WebMvcAutoConfiguration$EnableWebMvcConfiguration' via constructor to bean named 'spring.mvc-org.springframework.boot.webmvc.autoconfigure.WebMvcProperties'
2026-08-17 23:40:40 - o.s.b.f.s.DefaultListableBeanFactory - Autowiring by type from bean name 'org.springframework.boot.webmvc.autoconfigure.WebMvcAutoConfiguration$EnableWebMvcConfiguration' via constructor to bean named 'spring.web-org.springframework.boot.autoconfigure.web.WebProperties'
2026-08-17 23:40:40 - o.s.b.f.s.DefaultListableBeanFactory - Autowiring by type from bean name 'org.springframework.boot.webmvc.autoconfigure.WebMvcAutoConfiguration$EnableWebMvcConfiguration' via constructor to bean named 'org.springframework.beans.factory.support.DefaultListableBeanFactory@47874b25'
2026-08-17 23:40:40 - o.s.b.f.s.DefaultListableBeanFactory - Creating shared instance of singleton bean 'org.springframework.boot.webmvc.autoconfigure.WebMvcAutoConfiguration$WebMvcAutoConfigurationAdapter'
2026-08-17 23:40:40 - o.s.b.f.s.DefaultListableBeanFactory - Autowiring by type from bean name 'org.springframework.boot.webmvc.autoconfigure.WebMvcAutoConfiguration$WebMvcAutoConfigurationAdapter' via constructor to bean named 'spring.web-org.springframework.boot.autoconfigure.web.WebProperties'
2026-08-17 23:40:40 - o.s.b.f.s.DefaultListableBeanFactory - Autowiring by type from bean name 'org.springframework.boot.webmvc.autoconfigure.WebMvcAutoConfiguration$WebMvcAutoConfigurationAdapter' via constructor to bean named 'spring.mvc-org.springframework.boot.webmvc.autoconfigure.WebMvcProperties'
2026-08-17 23:40:40 - o.s.b.f.s.DefaultListableBeanFactory - Autowiring by type from bean name 'org.springframework.boot.webmvc.autoconfigure.WebMvcAutoConfiguration$WebMvcAutoConfigurationAdapter' via constructor to bean named 'org.springframework.beans.factory.support.DefaultListableBeanFactory@47874b25'
2026-08-17 23:40:40 - o.s.b.f.s.DefaultListableBeanFactory - Creating shared instance of singleton bean 'org.springframework.data.web.config.SpringDataWebConfiguration'
2026-08-17 23:40:40 - o.s.b.f.s.DefaultListableBeanFactory - Autowiring by type from bean name 'org.springframework.data.web.config.SpringDataWebConfiguration' via constructor to bean named 'org.springframework.boot.web.server.servlet.context.AnnotationConfigServletWebServerApplicationContext@1951b871'
2026-08-17 23:40:40 - o.s.b.f.s.DefaultListableBeanFactory - Creating shared instance of singleton bean 'openEntityManagerInViewInterceptorConfigurer'
2026-08-17 23:40:40 - o.s.b.f.s.DefaultListableBeanFactory - Creating shared instance of singleton bean 'org.springframework.boot.jpa.autoconfigure.JpaBaseConfiguration$JpaWebConfiguration'
2026-08-17 23:40:40 - o.s.b.f.s.DefaultListableBeanFactory - Autowiring by type from bean name 'org.springframework.boot.jpa.autoconfigure.JpaBaseConfiguration$JpaWebConfiguration' via constructor to bean named 'spring.jpa-org.springframework.boot.jpa.autoconfigure.JpaProperties'
2026-08-17 23:40:40 - o.s.b.f.s.DefaultListableBeanFactory - Creating shared instance of singleton bean 'openEntityManagerInViewInterceptor'
2026-08-17 23:40:40 - o.s.b.j.a.JpaBaseConfiguration$JpaWebConfiguration - spring.jpa.open-in-view is enabled by default. Therefore, database queries may be performed during view rendering. Explicitly configure spring.jpa.open-in-view to disable this warning
2026-08-17 23:40:40 - o.s.b.f.s.DefaultListableBeanFactory - Autowiring by type from bean name 'openEntityManagerInViewInterceptorConfigurer' via factory method to bean named 'openEntityManagerInViewInterceptor'
2026-08-17 23:40:40 - o.s.b.f.s.DefaultListableBeanFactory - Creating shared instance of singleton bean 'welcomePageHandlerMapping'
2026-08-17 23:40:40 - o.s.b.f.s.DefaultListableBeanFactory - Creating shared instance of singleton bean 'mvcConversionService'
2026-08-17 23:40:40 - o.s.b.f.s.DefaultListableBeanFactory - Creating shared instance of singleton bean 'mvcResourceUrlProvider'
2026-08-17 23:40:40 - o.s.b.f.s.DefaultListableBeanFactory - Autowiring by type from bean name 'welcomePageHandlerMapping' via factory method to bean named 'org.springframework.boot.web.server.servlet.context.AnnotationConfigServletWebServerApplicationContext@1951b871'
2026-08-17 23:40:40 - o.s.b.f.s.DefaultListableBeanFactory - Autowiring by type from bean name 'welcomePageHandlerMapping' via factory method to bean named 'mvcConversionService'
2026-08-17 23:40:40 - o.s.b.f.s.DefaultListableBeanFactory - Autowiring by type from bean name 'welcomePageHandlerMapping' via factory method to bean named 'mvcResourceUrlProvider'
2026-08-17 23:40:40 - o.s.b.f.s.DefaultListableBeanFactory - Creating shared instance of singleton bean 'welcomePageNotAcceptableHandlerMapping'
2026-08-17 23:40:40 - o.s.b.f.s.DefaultListableBeanFactory - Autowiring by type from bean name 'welcomePageNotAcceptableHandlerMapping' via factory method to bean named 'org.springframework.boot.web.server.servlet.context.AnnotationConfigServletWebServerApplicationContext@1951b871'
2026-08-17 23:40:40 - o.s.b.f.s.DefaultListableBeanFactory - Autowiring by type from bean name 'welcomePageNotAcceptableHandlerMapping' via factory method to bean named 'mvcConversionService'
2026-08-17 23:40:40 - o.s.b.f.s.DefaultListableBeanFactory - Autowiring by type from bean name 'welcomePageNotAcceptableHandlerMapping' via factory method to bean named 'mvcResourceUrlProvider'
2026-08-17 23:40:40 - o.s.b.f.s.DefaultListableBeanFactory - Creating shared instance of singleton bean 'localeResolver'
2026-08-17 23:40:40 - o.s.b.f.s.DefaultListableBeanFactory - Creating shared instance of singleton bean 'flashMapManager'
2026-08-17 23:40:40 - o.s.b.f.s.DefaultListableBeanFactory - Creating shared instance of singleton bean 'viewNameTranslator'
2026-08-17 23:40:40 - o.s.b.f.s.DefaultListableBeanFactory - Creating shared instance of singleton bean 'mvcValidator'
2026-08-17 23:40:40 - o.s.b.f.s.DefaultListableBeanFactory - Creating shared instance of singleton bean 'requestMappingHandlerMapping'
2026-08-17 23:40:40 - o.s.b.f.s.DefaultListableBeanFactory - Creating shared instance of singleton bean 'mvcContentNegotiationManager'
2026-08-17 23:40:40 - o.s.b.f.s.DefaultListableBeanFactory - Creating shared instance of singleton bean 'stringHttpMessageConvertersCustomizer'
2026-08-17 23:40:40 - o.s.b.f.s.DefaultListableBeanFactory - Creating shared instance of singleton bean 'org.springframework.boot.http.converter.autoconfigure.HttpMessageConvertersAutoConfiguration$StringHttpMessageConverterConfiguration'
2026-08-17 23:40:40 - o.s.b.f.s.DefaultListableBeanFactory - Creating shared instance of singleton bean 'spring.http.converters-org.springframework.boot.http.converter.autoconfigure.HttpMessageConvertersProperties'
2026-08-17 23:40:40 - o.s.b.f.s.DefaultListableBeanFactory - Autowiring by type from bean name 'stringHttpMessageConvertersCustomizer' via factory method to bean named 'spring.http.converters-org.springframework.boot.http.converter.autoconfigure.HttpMessageConvertersProperties'
2026-08-17 23:40:40 - o.s.b.f.s.DefaultListableBeanFactory - Creating shared instance of singleton bean 'jacksonJsonHttpMessageConvertersCustomizer'
2026-08-17 23:40:40 - o.s.b.f.s.DefaultListableBeanFactory - Creating shared instance of singleton bean 'org.springframework.boot.http.converter.autoconfigure.JacksonHttpMessageConvertersConfiguration$JacksonJsonHttpMessageConverterConfiguration'
2026-08-17 23:40:40 - o.s.b.f.s.DefaultListableBeanFactory - Creating shared instance of singleton bean 'jacksonJsonMapper'
2026-08-17 23:40:40 - o.s.b.f.s.DefaultListableBeanFactory - Creating shared instance of singleton bean 'org.springframework.boot.jackson.autoconfigure.JacksonAutoConfiguration'
2026-08-17 23:40:40 - o.s.b.f.s.DefaultListableBeanFactory - Creating shared instance of singleton bean 'problemDetailJsonMapperBuilderCustomizer'
2026-08-17 23:40:40 - o.s.b.f.s.DefaultListableBeanFactory - Creating shared instance of singleton bean 'org.springframework.boot.jackson.autoconfigure.JacksonAutoConfiguration$JsonProblemDetailsConfiguration'
2026-08-17 23:40:40 - o.s.b.f.s.DefaultListableBeanFactory - Creating shared instance of singleton bean 'standardJsonMapperBuilderCustomizer'
2026-08-17 23:40:40 - o.s.b.f.s.DefaultListableBeanFactory - Creating shared instance of singleton bean 'org.springframework.boot.jackson.autoconfigure.JacksonAutoConfiguration$JacksonJsonCustomizerConfiguration'
2026-08-17 23:40:40 - o.s.b.f.s.DefaultListableBeanFactory - Creating shared instance of singleton bean 'spring.jackson-org.springframework.boot.jackson.autoconfigure.JacksonProperties'
2026-08-17 23:40:40 - o.s.b.f.s.DefaultListableBeanFactory - Autowiring by type from bean name 'org.springframework.boot.jackson.autoconfigure.JacksonAutoConfiguration$JacksonJsonCustomizerConfiguration' via constructor to bean named 'spring.jackson-org.springframework.boot.jackson.autoconfigure.JacksonProperties'
2026-08-17 23:40:40 - o.s.b.f.s.DefaultListableBeanFactory - Autowiring by type from bean name 'standardJsonMapperBuilderCustomizer' via factory method to bean named 'org.springframework.beans.factory.support.DefaultListableBeanFactory@47874b25'
2026-08-17 23:40:40 - o.s.b.f.s.DefaultListableBeanFactory - Creating shared instance of singleton bean 'jackson3GeoModule'
2026-08-17 23:40:40 - o.s.b.f.s.DefaultListableBeanFactory - Creating shared instance of singleton bean 'org.springframework.data.web.config.SpringDataJackson3Configuration'
2026-08-17 23:40:40 - o.s.b.f.s.DefaultListableBeanFactory - Creating shared instance of singleton bean 'springDataWebSettings'
2026-08-17 23:40:40 - o.s.b.f.s.DefaultListableBeanFactory - Creating shared instance of singleton bean 'org.springframework.boot.data.autoconfigure.web.DataWebAutoConfiguration'
2026-08-17 23:40:40 - o.s.b.f.s.DefaultListableBeanFactory - Creating shared instance of singleton bean 'spring.data.web-org.springframework.boot.data.autoconfigure.web.DataWebProperties'
2026-08-17 23:40:40 - o.s.b.f.s.DefaultListableBeanFactory - Autowiring by type from bean name 'org.springframework.boot.data.autoconfigure.web.DataWebAutoConfiguration' via constructor to bean named 'spring.data.web-org.springframework.boot.data.autoconfigure.web.DataWebProperties'
2026-08-17 23:40:40 - o.s.b.f.s.DefaultListableBeanFactory - Creating shared instance of singleton bean 'jackson3pageModule'
2026-08-17 23:40:40 - o.s.b.f.s.DefaultListableBeanFactory - Creating shared instance of singleton bean 'jacksonMixinModule'
2026-08-17 23:40:40 - o.s.b.f.s.DefaultListableBeanFactory - Creating shared instance of singleton bean 'org.springframework.boot.jackson.autoconfigure.JacksonAutoConfiguration$JacksonMixinConfiguration'
2026-08-17 23:40:40 - o.s.b.f.s.DefaultListableBeanFactory - Creating shared instance of singleton bean 'jacksonMixinModuleEntries'
2026-08-17 23:40:40 - o.s.b.f.s.DefaultListableBeanFactory - Autowiring by type from bean name 'jacksonMixinModuleEntries' via factory method to bean named 'org.springframework.boot.web.server.servlet.context.AnnotationConfigServletWebServerApplicationContext@1951b871'
2026-08-17 23:40:40 - o.s.b.f.s.DefaultListableBeanFactory - Autowiring by type from bean name 'jacksonMixinModule' via factory method to bean named 'org.springframework.boot.web.server.servlet.context.AnnotationConfigServletWebServerApplicationContext@1951b871'
2026-08-17 23:40:40 - o.s.b.f.s.DefaultListableBeanFactory - Autowiring by type from bean name 'jacksonMixinModule' via factory method to bean named 'jacksonMixinModuleEntries'
2026-08-17 23:40:40 - o.s.b.f.s.DefaultListableBeanFactory - Creating shared instance of singleton bean 'jsonComponentModule'
2026-08-17 23:40:40 - o.s.b.f.s.DefaultListableBeanFactory - Creating shared instance of singleton bean 'jsonFactory'
2026-08-17 23:40:40 - o.s.b.f.s.DefaultListableBeanFactory - Creating shared instance of singleton bean 'standardJsonFactoryBuilderCustomizer'
2026-08-17 23:40:40 - o.s.b.f.s.DefaultListableBeanFactory - Autowiring by type from bean name 'jsonFactory' via factory method to bean named 'standardJsonFactoryBuilderCustomizer'
2026-08-17 23:40:40 - o.s.b.f.s.DefaultListableBeanFactory - Autowiring by type from bean name 'jsonMapperBuilder' via factory method to bean named 'problemDetailJsonMapperBuilderCustomizer'
2026-08-17 23:40:40 - o.s.b.f.s.DefaultListableBeanFactory - Autowiring by type from bean name 'jsonMapperBuilder' via factory method to bean named 'standardJsonMapperBuilderCustomizer'
2026-08-17 23:40:40 - o.s.b.f.s.DefaultListableBeanFactory - Autowiring by type from bean name 'jsonMapperBuilder' via factory method to bean named 'jsonFactory'
2026-08-17 23:40:40 - o.s.b.f.s.DefaultListableBeanFactory - Autowiring by type from bean name 'jacksonJsonMapper' via factory method to bean named 'jsonMapperBuilder'
2026-08-17 23:40:40 - o.s.b.f.s.DefaultListableBeanFactory - Autowiring by type from bean name 'jacksonJsonHttpMessageConvertersCustomizer' via factory method to bean named 'jacksonJsonMapper'
2026-08-17 23:40:40 - o.s.b.f.s.DefaultListableBeanFactory - Creating shared instance of singleton bean 'serverConvertersCustomizer'
2026-08-17 23:40:40 - o.s.b.f.s.DefaultListableBeanFactory - Creating shared instance of singleton bean 'org.springframework.boot.http.converter.autoconfigure.HttpMessageConvertersAutoConfiguration'
2026-08-17 23:40:40 - o.s.b.f.s.DefaultListableBeanFactory - Creating shared instance of singleton bean 'mvcApiVersionStrategy'
2026-08-17 23:40:40 - o.s.b.f.s.DefaultListableBeanFactory - Autowiring by type from bean name 'requestMappingHandlerMapping' via factory method to bean named 'mvcContentNegotiationManager'
2026-08-17 23:40:40 - o.s.b.f.s.DefaultListableBeanFactory - Autowiring by type from bean name 'requestMappingHandlerMapping' via factory method to bean named 'mvcApiVersionStrategy'
2026-08-17 23:40:40 - o.s.b.f.s.DefaultListableBeanFactory - Autowiring by type from bean name 'requestMappingHandlerMapping' via factory method to bean named 'mvcConversionService'
2026-08-17 23:40:40 - o.s.b.f.s.DefaultListableBeanFactory - Autowiring by type from bean name 'requestMappingHandlerMapping' via factory method to bean named 'mvcResourceUrlProvider'
2026-08-17 23:40:40 - _.s.w.s.HandlerMapping.Mappings - 
	c.r.E.c.ExpenseController:
	{GET [/Expense]}: getAllExpenses()
	{POST [/Expense]}: saveExpense(ExpenseRequestDTO)
2026-08-17 23:40:40 - _.s.w.s.HandlerMapping.Mappings - 
	o.s.b.w.a.e.BasicErrorController:
	{ [/error]}: error(HttpServletRequest)
	{ [/error], produces [text/html]}: errorHtml(HttpServletRequest,HttpServletResponse)
2026-08-17 23:40:40 - o.s.w.s.m.m.a.RequestMappingHandlerMapping - 4 mappings in 'requestMappingHandlerMapping'
2026-08-17 23:40:40 - o.s.b.f.s.DefaultListableBeanFactory - Creating shared instance of singleton bean 'mvcPatternParser'
2026-08-17 23:40:40 - o.s.b.f.s.DefaultListableBeanFactory - Creating shared instance of singleton bean 'mvcUrlPathHelper'
2026-08-17 23:40:40 - o.s.b.f.s.DefaultListableBeanFactory - Creating shared instance of singleton bean 'mvcPathMatcher'
2026-08-17 23:40:40 - o.s.b.f.s.DefaultListableBeanFactory - Creating shared instance of singleton bean 'viewControllerHandlerMapping'
2026-08-17 23:40:40 - o.s.b.f.s.DefaultListableBeanFactory - Autowiring by type from bean name 'viewControllerHandlerMapping' via factory method to bean named 'mvcConversionService'
2026-08-17 23:40:40 - o.s.b.f.s.DefaultListableBeanFactory - Autowiring by type from bean name 'viewControllerHandlerMapping' via factory method to bean named 'mvcResourceUrlProvider'
2026-08-17 23:40:40 - o.s.b.f.s.DefaultListableBeanFactory - Creating shared instance of singleton bean 'beanNameHandlerMapping'
2026-08-17 23:40:40 - o.s.b.f.s.DefaultListableBeanFactory - Autowiring by type from bean name 'beanNameHandlerMapping' via factory method to bean named 'mvcConversionService'
2026-08-17 23:40:40 - o.s.b.f.s.DefaultListableBeanFactory - Autowiring by type from bean name 'beanNameHandlerMapping' via factory method to bean named 'mvcResourceUrlProvider'
2026-08-17 23:40:40 - _.s.w.s.HandlerMapping.Mappings - 'beanNameHandlerMapping' {}
2026-08-17 23:40:40 - o.s.b.f.s.DefaultListableBeanFactory - Creating shared instance of singleton bean 'routerFunctionMapping'
2026-08-17 23:40:40 - o.s.b.f.s.DefaultListableBeanFactory - Autowiring by type from bean name 'routerFunctionMapping' via factory method to bean named 'mvcConversionService'
2026-08-17 23:40:40 - o.s.b.f.s.DefaultListableBeanFactory - Autowiring by type from bean name 'routerFunctionMapping' via factory method to bean named 'mvcResourceUrlProvider'
2026-08-17 23:40:40 - o.s.b.f.s.DefaultListableBeanFactory - Autowiring by type from bean name 'routerFunctionMapping' via factory method to bean named 'mvcApiVersionStrategy'
2026-08-17 23:40:40 - o.s.b.f.s.DefaultListableBeanFactory - Creating shared instance of singleton bean 'resourceHandlerMapping'
2026-08-17 23:40:40 - o.s.b.f.s.DefaultListableBeanFactory - Autowiring by type from bean name 'resourceHandlerMapping' via factory method to bean named 'mvcContentNegotiationManager'
2026-08-17 23:40:40 - o.s.b.f.s.DefaultListableBeanFactory - Autowiring by type from bean name 'resourceHandlerMapping' via factory method to bean named 'mvcConversionService'
2026-08-17 23:40:40 - o.s.b.f.s.DefaultListableBeanFactory - Autowiring by type from bean name 'resourceHandlerMapping' via factory method to bean named 'mvcResourceUrlProvider'
2026-08-17 23:40:40 - _.s.w.s.HandlerMapping.Mappings - 'resourceHandlerMapping' {/webjars/**=ResourceHttpRequestHandler [classpath [META-INF/resources/webjars/]], /**=ResourceHttpRequestHandler [classpath [META-INF/resources/], classpath [resources/], classpath [static/], classpath [public/], ServletContext [/]]}
2026-08-17 23:40:40 - o.s.b.f.s.DefaultListableBeanFactory - Creating shared instance of singleton bean 'defaultServletHandlerMapping'
2026-08-17 23:40:40 - o.s.b.f.s.DefaultListableBeanFactory - Creating shared instance of singleton bean 'requestMappingHandlerAdapter'
2026-08-17 23:40:40 - o.s.b.f.s.DefaultListableBeanFactory - Autowiring by type from bean name 'requestMappingHandlerAdapter' via factory method to bean named 'mvcContentNegotiationManager'
2026-08-17 23:40:40 - o.s.b.f.s.DefaultListableBeanFactory - Autowiring by type from bean name 'requestMappingHandlerAdapter' via factory method to bean named 'mvcConversionService'
2026-08-17 23:40:40 - o.s.b.f.s.DefaultListableBeanFactory - Autowiring by type from bean name 'requestMappingHandlerAdapter' via factory method to bean named 'mvcValidator'
2026-08-17 23:40:40 - o.s.b.f.s.DefaultListableBeanFactory - Creating shared instance of singleton bean 'sortResolver'
2026-08-17 23:40:40 - o.s.b.f.s.DefaultListableBeanFactory - Creating shared instance of singleton bean 'sortCustomizer'
2026-08-17 23:40:40 - o.s.b.f.s.DefaultListableBeanFactory - Creating shared instance of singleton bean 'pageableResolver'
2026-08-17 23:40:40 - o.s.b.f.s.DefaultListableBeanFactory - Creating shared instance of singleton bean 'pageableCustomizer'
2026-08-17 23:40:40 - o.s.w.s.m.m.a.RequestMappingHandlerAdapter - ControllerAdvice beans: 0 @ModelAttribute, 0 @InitBinder, 2 RequestBodyAdvice, 1 ResponseBodyAdvice
2026-08-17 23:40:40 - o.s.b.f.s.DefaultListableBeanFactory - Creating shared instance of singleton bean 'mvcViewResolver'
2026-08-17 23:40:40 - o.s.b.f.s.DefaultListableBeanFactory - Autowiring by type from bean name 'mvcViewResolver' via factory method to bean named 'mvcContentNegotiationManager'
2026-08-17 23:40:40 - o.s.b.f.s.DefaultListableBeanFactory - Creating shared instance of singleton bean 'defaultViewResolver'
2026-08-17 23:40:40 - o.s.b.f.s.DefaultListableBeanFactory - Creating shared instance of singleton bean 'viewResolver'
2026-08-17 23:40:40 - o.s.b.f.s.DefaultListableBeanFactory - Autowiring by type from bean name 'viewResolver' via factory method to bean named 'org.springframework.beans.factory.support.DefaultListableBeanFactory@47874b25'
2026-08-17 23:40:40 - o.s.b.f.s.DefaultListableBeanFactory - Creating shared instance of singleton bean 'viewResolver'
2026-08-17 23:40:40 - o.s.b.f.s.DefaultListableBeanFactory - Creating shared instance of singleton bean 'handlerFunctionAdapter'
2026-08-17 23:40:40 - o.s.b.f.s.DefaultListableBeanFactory - Creating shared instance of singleton bean 'mvcUriComponentsContributor'
2026-08-17 23:40:40 - o.s.b.f.s.DefaultListableBeanFactory - Autowiring by type from bean name 'mvcUriComponentsContributor' via factory method to bean named 'mvcConversionService'
2026-08-17 23:40:40 - o.s.b.f.s.DefaultListableBeanFactory - Autowiring by type from bean name 'mvcUriComponentsContributor' via factory method to bean named 'requestMappingHandlerAdapter'
2026-08-17 23:40:40 - o.s.b.f.s.DefaultListableBeanFactory - Creating shared instance of singleton bean 'httpRequestHandlerAdapter'
2026-08-17 23:40:40 - o.s.b.f.s.DefaultListableBeanFactory - Creating shared instance of singleton bean 'simpleControllerHandlerAdapter'
2026-08-17 23:40:40 - o.s.b.f.s.DefaultListableBeanFactory - Creating shared instance of singleton bean 'handlerExceptionResolver'
2026-08-17 23:40:40 - o.s.b.f.s.DefaultListableBeanFactory - Autowiring by type from bean name 'handlerExceptionResolver' via factory method to bean named 'mvcContentNegotiationManager'
2026-08-17 23:40:40 - o.s.w.s.m.m.a.ExceptionHandlerExceptionResolver - ControllerAdvice beans: 0 @ExceptionHandler, 1 ResponseBodyAdvice
2026-08-17 23:40:40 - o.s.b.f.s.DefaultListableBeanFactory - Creating shared instance of singleton bean 'org.springframework.boot.autoconfigure.aop.AopAutoConfiguration$AspectJAutoProxyingConfiguration$CglibAutoProxyConfiguration'
2026-08-17 23:40:40 - o.s.b.f.s.DefaultListableBeanFactory - Creating shared instance of singleton bean 'org.springframework.boot.autoconfigure.aop.AopAutoConfiguration$AspectJAutoProxyingConfiguration'
2026-08-17 23:40:40 - o.s.b.f.s.DefaultListableBeanFactory - Creating shared instance of singleton bean 'org.springframework.boot.autoconfigure.aop.AopAutoConfiguration'
2026-08-17 23:40:40 - o.s.b.f.s.DefaultListableBeanFactory - Creating shared instance of singleton bean 'org.springframework.boot.autoconfigure.availability.ApplicationAvailabilityAutoConfiguration'
2026-08-17 23:40:40 - o.s.b.f.s.DefaultListableBeanFactory - Creating shared instance of singleton bean 'applicationAvailability'
2026-08-17 23:40:40 - o.s.b.f.s.DefaultListableBeanFactory - Creating shared instance of singleton bean 'org.springframework.boot.autoconfigure.context.ConfigurationPropertiesAutoConfiguration'
2026-08-17 23:40:40 - o.s.b.f.s.DefaultListableBeanFactory - Creating shared instance of singleton bean 'org.springframework.boot.autoconfigure.context.LifecycleAutoConfiguration'
2026-08-17 23:40:40 - o.s.b.f.s.DefaultListableBeanFactory - Creating shared instance of singleton bean 'lifecycleProcessor'
2026-08-17 23:40:40 - o.s.b.f.s.DefaultListableBeanFactory - Creating shared instance of singleton bean 'spring.lifecycle-org.springframework.boot.autoconfigure.context.LifecycleProperties'
2026-08-17 23:40:40 - o.s.b.f.s.DefaultListableBeanFactory - Autowiring by type from bean name 'lifecycleProcessor' via factory method to bean named 'spring.lifecycle-org.springframework.boot.autoconfigure.context.LifecycleProperties'
2026-08-17 23:40:40 - o.s.b.f.s.DefaultListableBeanFactory - Creating shared instance of singleton bean 'org.springframework.boot.autoconfigure.info.ProjectInfoAutoConfiguration'
2026-08-17 23:40:40 - o.s.b.f.s.DefaultListableBeanFactory - Creating shared instance of singleton bean 'spring.info-org.springframework.boot.autoconfigure.info.ProjectInfoProperties'
2026-08-17 23:40:40 - o.s.b.f.s.DefaultListableBeanFactory - Autowiring by type from bean name 'org.springframework.boot.autoconfigure.info.ProjectInfoAutoConfiguration' via constructor to bean named 'spring.info-org.springframework.boot.autoconfigure.info.ProjectInfoProperties'
2026-08-17 23:40:40 - o.s.b.f.s.DefaultListableBeanFactory - Creating shared instance of singleton bean 'org.springframework.boot.autoconfigure.task.TaskSchedulingConfigurations$ThreadPoolTaskSchedulerBuilderConfiguration'
2026-08-17 23:40:40 - o.s.b.f.s.DefaultListableBeanFactory - Creating shared instance of singleton bean 'threadPoolTaskSchedulerBuilder'
2026-08-17 23:40:40 - o.s.b.f.s.DefaultListableBeanFactory - Creating shared instance of singleton bean 'spring.task.scheduling-org.springframework.boot.autoconfigure.task.TaskSchedulingProperties'
2026-08-17 23:40:40 - o.s.b.f.s.DefaultListableBeanFactory - Autowiring by type from bean name 'threadPoolTaskSchedulerBuilder' via factory method to bean named 'spring.task.scheduling-org.springframework.boot.autoconfigure.task.TaskSchedulingProperties'
2026-08-17 23:40:40 - o.s.b.f.s.DefaultListableBeanFactory - Creating shared instance of singleton bean 'org.springframework.boot.autoconfigure.task.TaskSchedulingConfigurations$SimpleAsyncTaskSchedulerBuilderConfiguration'
2026-08-17 23:40:40 - o.s.b.f.s.DefaultListableBeanFactory - Autowiring by type from bean name 'org.springframework.boot.autoconfigure.task.TaskSchedulingConfigurations$SimpleAsyncTaskSchedulerBuilderConfiguration' via constructor to bean named 'spring.task.scheduling-org.springframework.boot.autoconfigure.task.TaskSchedulingProperties'
2026-08-17 23:40:40 - o.s.b.f.s.DefaultListableBeanFactory - Creating shared instance of singleton bean 'simpleAsyncTaskSchedulerBuilder'
2026-08-17 23:40:40 - o.s.b.f.s.DefaultListableBeanFactory - Creating shared instance of singleton bean 'org.springframework.boot.autoconfigure.task.TaskSchedulingAutoConfiguration'
2026-08-17 23:40:40 - o.s.b.f.s.DefaultListableBeanFactory - Creating shared instance of singleton bean 'org.springframework.data.web.config.ProjectingArgumentResolverRegistrar'
2026-08-17 23:40:40 - o.s.b.f.s.DefaultListableBeanFactory - Creating shared instance of singleton bean 'offsetResolver'
2026-08-17 23:40:40 - o.s.b.f.s.DefaultListableBeanFactory - Creating shared instance of singleton bean 'org.springframework.boot.transaction.jta.autoconfigure.JtaAutoConfiguration'
2026-08-17 23:40:40 - o.s.b.f.s.DefaultListableBeanFactory - Creating shared instance of singleton bean 'org.springframework.boot.jdbc.autoconfigure.DataSourcePoolMetadataProvidersConfiguration'
2026-08-17 23:40:40 - o.s.b.f.s.DefaultListableBeanFactory - Creating shared instance of singleton bean 'org.springframework.boot.jdbc.autoconfigure.DataSourceAutoConfiguration'
2026-08-17 23:40:40 - o.s.b.f.s.DefaultListableBeanFactory - Creating shared instance of singleton bean 'org.springframework.boot.transaction.autoconfigure.TransactionManagerCustomizationAutoConfiguration'
2026-08-17 23:40:40 - o.s.b.f.s.DefaultListableBeanFactory - Creating shared instance of singleton bean 'platformTransactionManagerCustomizers'
2026-08-17 23:40:40 - o.s.b.f.s.DefaultListableBeanFactory - Creating shared instance of singleton bean 'transactionExecutionListeners'
2026-08-17 23:40:40 - o.s.b.f.s.DefaultListableBeanFactory - Creating shared instance of singleton bean 'spring.transaction-org.springframework.boot.transaction.autoconfigure.TransactionProperties'
2026-08-17 23:40:40 - o.s.b.f.s.DefaultListableBeanFactory - Creating shared instance of singleton bean 'org.springframework.boot.jpa.autoconfigure.JpaBaseConfiguration$PersistenceManagedTypesConfiguration'
2026-08-17 23:40:40 - o.s.b.f.s.DefaultListableBeanFactory - Creating shared instance of singleton bean 'transactionManager'
2026-08-17 23:40:40 - o.s.b.f.s.DefaultListableBeanFactory - Creating shared instance of singleton bean 'org.springframework.boot.hibernate.autoconfigure.HibernateJpaAutoConfiguration'
2026-08-17 23:40:40 - o.s.b.f.s.DefaultListableBeanFactory - Creating shared instance of singleton bean 'org.springframework.boot.data.jpa.autoconfigure.DataJpaRepositoriesAutoConfiguration'
2026-08-17 23:40:40 - o.s.b.f.s.DefaultListableBeanFactory - Creating shared instance of singleton bean 'eagerJpaMetamodelCacheCleanup'
2026-08-17 23:40:40 - o.s.b.f.s.DefaultListableBeanFactory - Creating shared instance of singleton bean 'org.springframework.data.jpa.util.JpaMetamodelCacheCleanup'
2026-08-17 23:40:40 - o.s.b.f.s.DefaultListableBeanFactory - Creating shared instance of singleton bean 'org.springframework.data.jpa.repository.support.JpaEvaluationContextExtension'
2026-08-17 23:40:40 - o.s.b.f.s.DefaultListableBeanFactory - Creating shared instance of singleton bean 'data-jpa.repository-aot-processor#0'
2026-08-17 23:40:40 - o.s.b.f.s.DefaultListableBeanFactory - Creating shared instance of singleton bean 'org.springframework.boot.http.converter.autoconfigure.JacksonHttpMessageConvertersConfiguration'
2026-08-17 23:40:40 - o.s.b.f.s.DefaultListableBeanFactory - Creating shared instance of singleton bean 'org.springframework.boot.http.converter.autoconfigure.Jackson2HttpMessageConvertersConfiguration'
2026-08-17 23:40:40 - o.s.b.f.s.DefaultListableBeanFactory - Creating shared instance of singleton bean 'clientConvertersCustomizer'
2026-08-17 23:40:40 - o.s.b.f.s.DefaultListableBeanFactory - Creating shared instance of singleton bean 'org.springframework.boot.jdbc.autoconfigure.JdbcTemplateConfiguration'
2026-08-17 23:40:40 - o.s.b.f.s.DefaultListableBeanFactory - Creating shared instance of singleton bean 'jdbcTemplate'
2026-08-17 23:40:40 - o.s.b.f.s.DefaultListableBeanFactory - Creating shared instance of singleton bean 'spring.jdbc-org.springframework.boot.jdbc.autoconfigure.JdbcProperties'
2026-08-17 23:40:40 - o.s.b.f.s.DefaultListableBeanFactory - Autowiring by type from bean name 'jdbcTemplate' via factory method to bean named 'dataSource'
2026-08-17 23:40:40 - o.s.b.f.s.DefaultListableBeanFactory - Autowiring by type from bean name 'jdbcTemplate' via factory method to bean named 'spring.jdbc-org.springframework.boot.jdbc.autoconfigure.JdbcProperties'
2026-08-17 23:40:40 - o.s.b.f.s.DefaultListableBeanFactory - Creating shared instance of singleton bean 'org.springframework.boot.jdbc.autoconfigure.NamedParameterJdbcTemplateConfiguration'
2026-08-17 23:40:40 - o.s.b.f.s.DefaultListableBeanFactory - Creating shared instance of singleton bean 'namedParameterJdbcTemplate'
2026-08-17 23:40:40 - o.s.b.f.s.DefaultListableBeanFactory - Autowiring by type from bean name 'namedParameterJdbcTemplate' via factory method to bean named 'jdbcTemplate'
2026-08-17 23:40:40 - o.s.b.f.s.DefaultListableBeanFactory - Creating shared instance of singleton bean 'org.springframework.boot.jdbc.autoconfigure.JdbcTemplateAutoConfiguration'
2026-08-17 23:40:40 - o.s.b.f.s.DefaultListableBeanFactory - Creating shared instance of singleton bean 'org.springframework.boot.jdbc.autoconfigure.JdbcClientAutoConfiguration'
2026-08-17 23:40:40 - o.s.b.f.s.DefaultListableBeanFactory - Creating shared instance of singleton bean 'jdbcClient'
2026-08-17 23:40:40 - o.s.b.f.s.DefaultListableBeanFactory - Autowiring by type from bean name 'jdbcClient' via factory method to bean named 'namedParameterJdbcTemplate'
2026-08-17 23:40:40 - o.s.b.f.s.DefaultListableBeanFactory - Creating shared instance of singleton bean 'org.springframework.boot.persistence.autoconfigure.PersistenceExceptionTranslationAutoConfiguration'
2026-08-17 23:40:40 - o.s.b.f.s.DefaultListableBeanFactory - Creating shared instance of singleton bean 'multipartResolver'
2026-08-17 23:40:40 - o.s.b.f.s.DefaultListableBeanFactory - Creating shared instance of singleton bean 'org.springframework.boot.jdbc.autoconfigure.DataSourceTransactionManagerAutoConfiguration$JdbcTransactionManagerConfiguration'
2026-08-17 23:40:40 - o.s.b.f.s.DefaultListableBeanFactory - Creating shared instance of singleton bean 'org.springframework.boot.jdbc.autoconfigure.DataSourceTransactionManagerAutoConfiguration'
2026-08-17 23:40:40 - o.s.b.f.s.DefaultListableBeanFactory - Creating shared instance of singleton bean 'org.springframework.boot.transaction.autoconfigure.TransactionAutoConfiguration$EnableTransactionManagementConfiguration$CglibAutoProxyConfiguration'
2026-08-17 23:40:40 - o.s.b.f.s.DefaultListableBeanFactory - Creating shared instance of singleton bean 'org.springframework.boot.transaction.autoconfigure.TransactionAutoConfiguration$EnableTransactionManagementConfiguration'
2026-08-17 23:40:40 - o.s.b.f.s.DefaultListableBeanFactory - Creating shared instance of singleton bean 'org.springframework.boot.transaction.autoconfigure.TransactionAutoConfiguration$TransactionTemplateConfiguration'
2026-08-17 23:40:40 - o.s.b.f.s.DefaultListableBeanFactory - Creating shared instance of singleton bean 'transactionTemplate'
2026-08-17 23:40:40 - o.s.b.f.s.DefaultListableBeanFactory - Autowiring by type from bean name 'transactionTemplate' via factory method to bean named 'transactionManager'
2026-08-17 23:40:40 - o.s.b.f.s.DefaultListableBeanFactory - Creating shared instance of singleton bean 'org.springframework.boot.transaction.autoconfigure.TransactionAutoConfiguration'
2026-08-17 23:40:40 - o.s.c.s.DefaultLifecycleProcessor - Starting beans in phase -2147483647
2026-08-17 23:40:40 - o.s.c.s.DefaultLifecycleProcessor - Successfully started bean 'springBootLoggingLifecycle'
2026-08-17 23:40:40 - o.s.c.s.DefaultLifecycleProcessor - Starting beans in phase 1073741823
2026-08-17 23:40:40 - o.s.c.s.DefaultLifecycleProcessor - Starting beans in phase 2147481599
2026-08-17 23:40:40 - o.a.coyote.http11.Http11NioProtocol - Starting ProtocolHandler ["http-nio-8082"]
2026-08-17 23:40:40 - o.s.boot.tomcat.TomcatWebServer - Tomcat started on port 8082 (http) with context path '/'
2026-08-17 23:40:40 - o.s.c.s.DefaultLifecycleProcessor - Successfully started bean 'webServerStartStop'
2026-08-17 23:40:40 - o.s.c.s.DefaultLifecycleProcessor - Starting beans in phase 2147482623
2026-08-17 23:40:40 - o.s.c.s.DefaultLifecycleProcessor - Successfully started bean 'webServerGracefulShutdown'
2026-08-17 23:40:40 - o.s.b.a.l.ConditionEvaluationReportLogger - 


============================
CONDITIONS EVALUATION REPORT
============================


Positive matches:
-----------------

   AopAutoConfiguration matched:
      - @ConditionalOnBooleanProperty (spring.aop.auto=true) matched (OnPropertyCondition)

   AopAutoConfiguration.AspectJAutoProxyingConfiguration matched:
      - @ConditionalOnClass found required class 'org.aspectj.weaver.Advice' (OnClassCondition)

   AopAutoConfiguration.AspectJAutoProxyingConfiguration.CglibAutoProxyConfiguration matched:
      - @ConditionalOnBooleanProperty (spring.aop.proxy-target-class=true) matched (OnPropertyCondition)

   ApplicationAvailabilityAutoConfiguration#applicationAvailability matched:
      - @ConditionalOnMissingBean (types: org.springframework.boot.availability.ApplicationAvailability; SearchStrategy: all) did not find any beans (OnBeanCondition)

   DataJpaRepositoriesAutoConfiguration matched:
      - @ConditionalOnClass found required class 'org.springframework.data.jpa.repository.JpaRepository' (OnClassCondition)
      - @ConditionalOnBooleanProperty (spring.data.jpa.repositories.enabled=true) matched (OnPropertyCondition)
      - @ConditionalOnBean (types: javax.sql.DataSource; SearchStrategy: all) found bean 'dataSource'; @ConditionalOnMissingBean (types: org.springframework.data.jpa.repository.support.JpaRepositoryFactoryBean,org.springframework.data.jpa.repository.config.JpaRepositoryConfigExtension; SearchStrategy: all) did not find any beans (OnBeanCondition)

   DataSourceAutoConfiguration matched:
      - @ConditionalOnClass found required classes 'javax.sql.DataSource', 'org.springframework.jdbc.datasource.embedded.EmbeddedDatabaseType' (OnClassCondition)
      - @ConditionalOnMissingBean (types: io.r2dbc.spi.ConnectionFactory; SearchStrategy: all) did not find any beans (OnBeanCondition)

   DataSourceAutoConfiguration.PooledDataSourceConfiguration matched:
      - AnyNestedCondition 1 matched 1 did not; NestedCondition on DataSourceAutoConfiguration.PooledDataSourceCondition.PooledDataSourceAvailable PooledDataSource found supported DataSource; NestedCondition on DataSourceAutoConfiguration.PooledDataSourceCondition.ExplicitType @ConditionalOnProperty (spring.datasource.type) did not find property 'spring.datasource.type' (DataSourceAutoConfiguration.PooledDataSourceCondition)
      - @ConditionalOnMissingBean (types: javax.sql.DataSource,javax.sql.XADataSource; SearchStrategy: all) did not find any beans (OnBeanCondition)

   DataSourceAutoConfiguration.PooledDataSourceConfiguration#jdbcConnectionDetails matched:
      - @ConditionalOnMissingBean (types: org.springframework.boot.jdbc.autoconfigure.JdbcConnectionDetails; SearchStrategy: all) did not find any beans (OnBeanCondition)

   DataSourceConfiguration.Hikari matched:
      - @ConditionalOnClass found required class 'com.zaxxer.hikari.HikariDataSource' (OnClassCondition)
      - @ConditionalOnProperty (spring.datasource.type=com.zaxxer.hikari.HikariDataSource) matched (OnPropertyCondition)
      - @ConditionalOnMissingBean (types: javax.sql.DataSource; SearchStrategy: all) did not find any beans (OnBeanCondition)

   DataSourceInitializationAutoConfiguration matched:
      - @ConditionalOnClass found required class 'org.springframework.jdbc.datasource.init.DatabasePopulator' (OnClassCondition)
      - SQL InitializationDatabase Initialization default value is EMBEDDED (OnSqlInitializationCondition)
      - @ConditionalOnSingleCandidate (types: javax.sql.DataSource; SearchStrategy: all) found a single bean 'dataSource'; @ConditionalOnMissingBean (types: org.springframework.boot.sql.autoconfigure.init.ApplicationScriptDatabaseInitializer; SearchStrategy: all) did not find any beans (OnBeanCondition)

   DataSourcePoolMetadataProvidersConfiguration.HikariPoolDataSourceMetadataProviderConfiguration matched:
      - @ConditionalOnClass found required class 'com.zaxxer.hikari.HikariDataSource' (OnClassCondition)

   DataSourceTransactionManagerAutoConfiguration matched:
      - @ConditionalOnClass found required classes 'javax.sql.DataSource', 'org.springframework.jdbc.core.JdbcTemplate', 'org.springframework.transaction.TransactionManager' (OnClassCondition)

   DataSourceTransactionManagerAutoConfiguration.JdbcTransactionManagerConfiguration matched:
      - @ConditionalOnSingleCandidate (types: javax.sql.DataSource; SearchStrategy: all) found a single bean 'dataSource' (OnBeanCondition)

   DataWebAutoConfiguration matched:
      - @ConditionalOnClass found required classes 'org.springframework.data.web.PageableHandlerMethodArgumentResolver', 'org.springframework.web.servlet.config.annotation.WebMvcConfigurer' (OnClassCondition)
      - found 'session' scope (OnWebApplicationCondition)
      - @ConditionalOnMissingBean (types: org.springframework.data.web.PageableHandlerMethodArgumentResolver; SearchStrategy: all) did not find any beans (OnBeanCondition)

   DataWebAutoConfiguration#pageableCustomizer matched:
      - @ConditionalOnMissingBean (types: org.springframework.data.web.config.PageableHandlerMethodArgumentResolverCustomizer; SearchStrategy: all) did not find any beans (OnBeanCondition)

   DataWebAutoConfiguration#sortCustomizer matched:
      - @ConditionalOnMissingBean (types: org.springframework.data.web.config.SortHandlerMethodArgumentResolverCustomizer; SearchStrategy: all) did not find any beans (OnBeanCondition)

   DataWebAutoConfiguration#springDataWebSettings matched:
      - @ConditionalOnMissingBean (types: org.springframework.data.web.config.SpringDataWebSettings; SearchStrategy: all) did not find any beans (OnBeanCondition)

   DispatcherServletAutoConfiguration matched:
      - @ConditionalOnClass found required class 'org.springframework.web.servlet.DispatcherServlet' (OnClassCondition)
      - found 'session' scope (OnWebApplicationCondition)

   DispatcherServletAutoConfiguration.DispatcherServletConfiguration matched:
      - @ConditionalOnClass found required class 'jakarta.servlet.ServletRegistration' (OnClassCondition)
      - Default DispatcherServlet did not find dispatcher servlet beans (DispatcherServletAutoConfiguration.DefaultDispatcherServletCondition)

   DispatcherServletAutoConfiguration.DispatcherServletRegistrationConfiguration matched:
      - @ConditionalOnClass found required class 'jakarta.servlet.ServletRegistration' (OnClassCondition)
      - DispatcherServlet Registration did not find servlet registration bean (DispatcherServletAutoConfiguration.DispatcherServletRegistrationCondition)

   DispatcherServletAutoConfiguration.DispatcherServletRegistrationConfiguration#dispatcherServletRegistration matched:
      - @ConditionalOnBean (names: dispatcherServlet types: org.springframework.web.servlet.DispatcherServlet; SearchStrategy: all) found bean 'dispatcherServlet' (OnBeanCondition)

   ErrorMvcAutoConfiguration matched:
      - @ConditionalOnClass found required classes 'jakarta.servlet.Servlet', 'org.springframework.web.servlet.DispatcherServlet' (OnClassCondition)
      - found 'session' scope (OnWebApplicationCondition)

   ErrorMvcAutoConfiguration#basicErrorController matched:
      - @ConditionalOnMissingBean (types: org.springframework.boot.webmvc.error.ErrorController; SearchStrategy: current) did not find any beans (OnBeanCondition)

   ErrorMvcAutoConfiguration#errorAttributes matched:
      - @ConditionalOnMissingBean (types: org.springframework.boot.webmvc.error.ErrorAttributes; SearchStrategy: current) did not find any beans (OnBeanCondition)

   ErrorMvcAutoConfiguration.DefaultErrorViewResolverConfiguration#conventionErrorViewResolver matched:
      - @ConditionalOnBean (types: org.springframework.web.servlet.DispatcherServlet; SearchStrategy: all) found bean 'dispatcherServlet'; @ConditionalOnMissingBean (types: org.springframework.boot.webmvc.autoconfigure.error.ErrorViewResolver; SearchStrategy: all) did not find any beans (OnBeanCondition)

   ErrorMvcAutoConfiguration.WhitelabelErrorViewConfiguration matched:
      - @ConditionalOnBooleanProperty (spring.web.error.whitelabel.enabled=true) matched (OnPropertyCondition)
      - ErrorTemplate Missing did not find error template view (ErrorMvcAutoConfiguration.ErrorTemplateMissingCondition)

   ErrorMvcAutoConfiguration.WhitelabelErrorViewConfiguration#beanNameViewResolver matched:
      - @ConditionalOnMissingBean (types: org.springframework.web.servlet.view.BeanNameViewResolver; SearchStrategy: all) did not find any beans (OnBeanCondition)

   ErrorMvcAutoConfiguration.WhitelabelErrorViewConfiguration#defaultErrorView matched:
      - @ConditionalOnMissingBean (names: error; SearchStrategy: all) did not find any beans (OnBeanCondition)

   HibernateJpaAutoConfiguration matched:
      - @ConditionalOnClass found required classes 'org.springframework.orm.jpa.LocalContainerEntityManagerFactoryBean', 'jakarta.persistence.EntityManager', 'org.hibernate.engine.spi.SessionImplementor' (OnClassCondition)

   HibernateJpaConfiguration matched:
      - @ConditionalOnSingleCandidate (types: javax.sql.DataSource; SearchStrategy: all) found a single bean 'dataSource' (OnBeanCondition)

   HttpEncodingAutoConfiguration matched:
      - @ConditionalOnClass found required class 'org.springframework.web.filter.CharacterEncodingFilter' (OnClassCondition)
      - found 'session' scope (OnWebApplicationCondition)
      - @ConditionalOnBooleanProperty (spring.servlet.encoding.enabled=true) matched (OnPropertyCondition)

   HttpEncodingAutoConfiguration#characterEncodingFilter matched:
      - @ConditionalOnMissingBean (types: org.springframework.web.filter.CharacterEncodingFilter; SearchStrategy: all) did not find any beans (OnBeanCondition)

   HttpMessageConvertersAutoConfiguration matched:
      - @ConditionalOnClass found required class 'org.springframework.http.converter.HttpMessageConverter' (OnClassCondition)
      - NoneNestedConditions 0 matched 1 did not; NestedCondition on HttpMessageConvertersAutoConfiguration.NotReactiveWebApplicationCondition.ReactiveWebApplication did not find reactive web application classes (HttpMessageConvertersAutoConfiguration.NotReactiveWebApplicationCondition)

   HttpMessageConvertersAutoConfiguration.StringHttpMessageConverterConfiguration#stringHttpMessageConvertersCustomizer matched:
      - @ConditionalOnMissingBean (types: org.springframework.http.converter.StringHttpMessageConverter; SearchStrategy: all) did not find any beans (OnBeanCondition)

   JacksonAutoConfiguration matched:
      - @ConditionalOnClass found required class 'tools.jackson.databind.json.JsonMapper' (OnClassCondition)

   JacksonAutoConfiguration#jacksonJsonMapper matched:
      - @ConditionalOnMissingBean (types: tools.jackson.databind.json.JsonMapper; SearchStrategy: all) did not find any beans (OnBeanCondition)

   JacksonAutoConfiguration#jsonFactory matched:
      - @ConditionalOnMissingBean (types: tools.jackson.core.json.JsonFactory; SearchStrategy: all) did not find any beans (OnBeanCondition)

   JacksonAutoConfiguration#jsonMapperBuilder matched:
      - @ConditionalOnMissingBean (types: tools.jackson.databind.json.JsonMapper$Builder; SearchStrategy: all) did not find any beans (OnBeanCondition)

   JacksonAutoConfiguration.JsonProblemDetailsConfiguration matched:
      - @ConditionalOnClass found required class 'org.springframework.http.ProblemDetail' (OnClassCondition)

   JacksonHttpMessageConvertersConfiguration.JacksonJsonHttpMessageConverterConfiguration matched:
      - @ConditionalOnClass found required class 'tools.jackson.databind.json.JsonMapper' (OnClassCondition)
      - @ConditionalOnProperty (spring.http.converters.preferred-json-mapper=jackson) matched (OnPropertyCondition)
      - @ConditionalOnBean (types: tools.jackson.databind.json.JsonMapper; SearchStrategy: all) found bean 'jacksonJsonMapper' (OnBeanCondition)

   JacksonHttpMessageConvertersConfiguration.JacksonJsonHttpMessageConverterConfiguration#jacksonJsonHttpMessageConvertersCustomizer matched:
      - @ConditionalOnMissingBean (types: org.springframework.http.converter.json.JacksonJsonHttpMessageConverter ignored: org.springframework.hateoas.server.mvc.TypeConstrainedJacksonJsonHttpMessageConverter,org.springframework.data.rest.webmvc.alps.AlpsJacksonJsonHttpMessageConverter; SearchStrategy: all) did not find any beans (OnBeanCondition)

   JdbcClientAutoConfiguration matched:
      - @ConditionalOnSingleCandidate (types: org.springframework.jdbc.core.namedparam.NamedParameterJdbcTemplate; SearchStrategy: all) found a single bean 'namedParameterJdbcTemplate'; @ConditionalOnMissingBean (types: org.springframework.jdbc.core.simple.JdbcClient; SearchStrategy: all) did not find any beans (OnBeanCondition)

   JdbcTemplateAutoConfiguration matched:
      - @ConditionalOnClass found required classes 'javax.sql.DataSource', 'org.springframework.jdbc.core.JdbcTemplate' (OnClassCondition)
      - @ConditionalOnSingleCandidate (types: javax.sql.DataSource; SearchStrategy: all) found a single bean 'dataSource' (OnBeanCondition)

   JdbcTemplateConfiguration matched:
      - @ConditionalOnMissingBean (types: org.springframework.jdbc.core.JdbcOperations; SearchStrategy: all) did not find any beans (OnBeanCondition)

   JpaBaseConfiguration#entityManagerFactory matched:
      - @ConditionalOnMissingBean (types: org.springframework.orm.jpa.LocalContainerEntityManagerFactoryBean,jakarta.persistence.EntityManagerFactory; SearchStrategy: all) did not find any beans (OnBeanCondition)

   JpaBaseConfiguration#entityManagerFactoryBuilder matched:
      - @ConditionalOnMissingBean (types: org.springframework.boot.jpa.EntityManagerFactoryBuilder; SearchStrategy: all) did not find any beans (OnBeanCondition)

   JpaBaseConfiguration#jpaVendorAdapter matched:
      - @ConditionalOnMissingBean (types: org.springframework.orm.jpa.JpaVendorAdapter; SearchStrategy: all) did not find any beans (OnBeanCondition)

   JpaBaseConfiguration#transactionManager matched:
      - @ConditionalOnMissingBean (types: org.springframework.transaction.TransactionManager; SearchStrategy: all) did not find any beans (OnBeanCondition)

   JpaBaseConfiguration.JpaWebConfiguration matched:
      - @ConditionalOnClass found required class 'org.springframework.web.servlet.config.annotation.WebMvcConfigurer' (OnClassCondition)
      - found 'session' scope (OnWebApplicationCondition)
      - @ConditionalOnBooleanProperty (spring.jpa.open-in-view=true) matched (OnPropertyCondition)
      - @ConditionalOnMissingBean (types: org.springframework.orm.jpa.support.OpenEntityManagerInViewInterceptor,org.springframework.orm.jpa.support.OpenEntityManagerInViewFilter; SearchStrategy: all) did not find any beans (OnBeanCondition)

   JpaBaseConfiguration.PersistenceManagedTypesConfiguration matched:
      - @ConditionalOnMissingBean (types: org.springframework.orm.jpa.LocalContainerEntityManagerFactoryBean,jakarta.persistence.EntityManagerFactory; SearchStrategy: all) did not find any beans (OnBeanCondition)

   JpaBaseConfiguration.PersistenceManagedTypesConfiguration#persistenceManagedTypes matched:
      - @ConditionalOnMissingBean (types: org.springframework.orm.jpa.persistenceunit.PersistenceManagedTypes; SearchStrategy: all) did not find any beans (OnBeanCondition)

   JtaAutoConfiguration matched:
      - @ConditionalOnClass found required class 'jakarta.transaction.Transaction' (OnClassCondition)
      - @ConditionalOnBooleanProperty (spring.jta.enabled=true) matched (OnPropertyCondition)

   LifecycleAutoConfiguration#defaultLifecycleProcessor matched:
      - @ConditionalOnMissingBean (names: lifecycleProcessor; SearchStrategy: current) did not find any beans (OnBeanCondition)

   MultipartAutoConfiguration matched:
      - @ConditionalOnClass found required classes 'jakarta.servlet.Servlet', 'org.springframework.web.multipart.support.StandardServletMultipartResolver', 'jakarta.servlet.MultipartConfigElement' (OnClassCondition)
      - found 'session' scope (OnWebApplicationCondition)
      - @ConditionalOnBooleanProperty (spring.servlet.multipart.enabled=true) matched (OnPropertyCondition)

   MultipartAutoConfiguration#multipartConfigElement matched:
      - @ConditionalOnMissingBean (types: jakarta.servlet.MultipartConfigElement; SearchStrategy: all) did not find any beans (OnBeanCondition)

   MultipartAutoConfiguration#multipartResolver matched:
      - @ConditionalOnMissingBean (types: org.springframework.web.multipart.MultipartResolver; SearchStrategy: all) did not find any beans (OnBeanCondition)

   NamedParameterJdbcTemplateConfiguration matched:
      - @ConditionalOnSingleCandidate (types: org.springframework.jdbc.core.JdbcTemplate; SearchStrategy: all) found a single bean 'jdbcTemplate'; @ConditionalOnMissingBean (types: org.springframework.jdbc.core.namedparam.NamedParameterJdbcOperations; SearchStrategy: all) did not find any beans (OnBeanCondition)

   PersistenceExceptionTranslationAutoConfiguration matched:
      - @ConditionalOnClass found required class 'org.springframework.dao.annotation.PersistenceExceptionTranslationPostProcessor' (OnClassCondition)

   PersistenceExceptionTranslationAutoConfiguration#persistenceExceptionTranslationPostProcessor matched:
      - @ConditionalOnBooleanProperty (spring.persistence.exceptiontranslation.enabled=true) matched (OnPropertyCondition)
      - @ConditionalOnMissingBean (types: org.springframework.dao.annotation.PersistenceExceptionTranslationPostProcessor; SearchStrategy: all) did not find any beans (OnBeanCondition)

   PropertyPlaceholderAutoConfiguration#propertySourcesPlaceholderConfigurer matched:
      - @ConditionalOnMissingBean (types: org.springframework.context.support.PropertySourcesPlaceholderConfigurer; SearchStrategy: current) did not find any beans (OnBeanCondition)

   SslAutoConfiguration#sslBundleRegistry matched:
      - @ConditionalOnMissingBean (types: org.springframework.boot.ssl.SslBundleRegistry,org.springframework.boot.ssl.SslBundles; SearchStrategy: all) did not find any beans (OnBeanCondition)

   TaskExecutionAutoConfiguration matched:
      - @ConditionalOnClass found required class 'org.springframework.scheduling.concurrent.ThreadPoolTaskExecutor' (OnClassCondition)

   TaskExecutorConfigurations.AsyncConfigurerConfiguration matched:
      - @ConditionalOnMissingBean (types: org.springframework.scheduling.annotation.AsyncConfigurer; SearchStrategy: all) did not find any beans (OnBeanCondition)

   TaskExecutorConfigurations.SimpleAsyncTaskExecutorBuilderConfiguration#simpleAsyncTaskExecutorBuilder matched:
      - @ConditionalOnMissingBean (types: org.springframework.boot.task.SimpleAsyncTaskExecutorBuilder; SearchStrategy: all) did not find any beans (OnBeanCondition)
      - @ConditionalOnThreading found PLATFORM (OnThreadingCondition)

   TaskExecutorConfigurations.TaskExecutorConfiguration matched:
      - AnyNestedCondition 1 matched 1 did not; NestedCondition on TaskExecutorConfigurations.OnExecutorCondition.ModelCondition @ConditionalOnProperty (spring.task.execution.mode=force) did not find property 'spring.task.execution.mode'; NestedCondition on TaskExecutorConfigurations.OnExecutorCondition.ExecutorBeanCondition @ConditionalOnMissingBean (types: java.util.concurrent.Executor; SearchStrategy: all) did not find any beans (TaskExecutorConfigurations.OnExecutorCondition)

   TaskExecutorConfigurations.TaskExecutorConfiguration#applicationTaskExecutor matched:
      - @ConditionalOnThreading found PLATFORM (OnThreadingCondition)

   TaskExecutorConfigurations.ThreadPoolTaskExecutorBuilderConfiguration#threadPoolTaskExecutorBuilder matched:
      - @ConditionalOnMissingBean (types: org.springframework.boot.task.ThreadPoolTaskExecutorBuilder; SearchStrategy: all) did not find any beans (OnBeanCondition)

   TaskSchedulingAutoConfiguration matched:
      - @ConditionalOnClass found required class 'org.springframework.scheduling.concurrent.ThreadPoolTaskScheduler' (OnClassCondition)

   TaskSchedulingConfigurations.SimpleAsyncTaskSchedulerBuilderConfiguration#simpleAsyncTaskSchedulerBuilder matched:
      - @ConditionalOnMissingBean (types: org.springframework.boot.task.SimpleAsyncTaskSchedulerBuilder; SearchStrategy: all) did not find any beans (OnBeanCondition)
      - @ConditionalOnThreading found PLATFORM (OnThreadingCondition)

   TaskSchedulingConfigurations.ThreadPoolTaskSchedulerBuilderConfiguration#threadPoolTaskSchedulerBuilder matched:
      - @ConditionalOnMissingBean (types: org.springframework.boot.task.ThreadPoolTaskSchedulerBuilder; SearchStrategy: all) did not find any beans (OnBeanCondition)

   TomcatServletWebServerAutoConfiguration matched:
      - @ConditionalOnClass found required classes 'jakarta.servlet.ServletRequest', 'org.apache.catalina.startup.Tomcat', 'org.apache.coyote.UpgradeProtocol', 'org.springframework.boot.tomcat.servlet.TomcatServletWebServerFactory' (OnClassCondition)
      - found 'session' scope (OnWebApplicationCondition)

   TomcatServletWebServerAutoConfiguration#tomcatServletWebServerFactory matched:
      - @ConditionalOnMissingBean (types: org.springframework.boot.web.server.servlet.ServletWebServerFactory; SearchStrategy: current) did not find any beans (OnBeanCondition)

   TomcatWebServerConfiguration matched:
      - @ConditionalOnWarDeployment the application is not deployed as a WAR file. (OnWarDeploymentCondition)

   TomcatWebServerConfiguration.TomcatWebSocketConfiguration matched:
      - @ConditionalOnClass found required class 'org.apache.tomcat.websocket.server.WsSci' (OnClassCondition)

   TransactionAutoConfiguration matched:
      - @ConditionalOnClass found required class 'org.springframework.transaction.PlatformTransactionManager' (OnClassCondition)

   TransactionAutoConfiguration.EnableTransactionManagementConfiguration matched:
      - @ConditionalOnBean (types: org.springframework.transaction.TransactionManager; SearchStrategy: all) found bean 'transactionManager'; @ConditionalOnMissingBean (types: org.springframework.transaction.annotation.AbstractTransactionManagementConfiguration; SearchStrategy: all) did not find any beans (OnBeanCondition)

   TransactionAutoConfiguration.EnableTransactionManagementConfiguration.CglibAutoProxyConfiguration matched:
      - @ConditionalOnBooleanProperty (spring.aop.proxy-target-class=true) matched (OnPropertyCondition)

   TransactionAutoConfiguration.TransactionTemplateConfiguration matched:
      - @ConditionalOnSingleCandidate (types: org.springframework.transaction.PlatformTransactionManager; SearchStrategy: all) found a single bean 'transactionManager' (OnBeanCondition)

   TransactionAutoConfiguration.TransactionTemplateConfiguration#transactionTemplate matched:
      - @ConditionalOnMissingBean (types: org.springframework.transaction.support.TransactionOperations; SearchStrategy: all) did not find any beans (OnBeanCondition)

   TransactionManagerCustomizationAutoConfiguration matched:
      - @ConditionalOnClass found required class 'org.springframework.transaction.PlatformTransactionManager' (OnClassCondition)

   TransactionManagerCustomizationAutoConfiguration#platformTransactionManagerCustomizers matched:
      - @ConditionalOnMissingBean (types: org.springframework.boot.transaction.autoconfigure.TransactionManagerCustomizers; SearchStrategy: all) did not find any beans (OnBeanCondition)

   ValidationAutoConfiguration matched:
      - @ConditionalOnClass found required class 'jakarta.validation.executable.ExecutableValidator' (OnClassCondition)
      - @ConditionalOnResource found location classpath:META-INF/services/jakarta.validation.spi.ValidationProvider (OnResourceCondition)

   ValidationAutoConfiguration#defaultValidator matched:
      - @ConditionalOnMissingBean (types: jakarta.validation.Validator; SearchStrategy: all) did not find any beans (OnBeanCondition)

   ValidationAutoConfiguration#methodValidationPostProcessor matched:
      - @ConditionalOnMissingBean (types: org.springframework.validation.beanvalidation.MethodValidationPostProcessor; SearchStrategy: current) did not find any beans (OnBeanCondition)

   WebMvcAutoConfiguration matched:
      - @ConditionalOnClass found required classes 'jakarta.servlet.Servlet', 'org.springframework.web.servlet.DispatcherServlet', 'org.springframework.web.servlet.config.annotation.WebMvcConfigurer' (OnClassCondition)
      - found 'session' scope (OnWebApplicationCondition)
      - @ConditionalOnMissingBean (types: org.springframework.web.servlet.config.annotation.WebMvcConfigurationSupport; SearchStrategy: all) did not find any beans (OnBeanCondition)

   WebMvcAutoConfiguration#formContentFilter matched:
      - @ConditionalOnBooleanProperty (spring.mvc.formcontent.filter.enabled=true) matched (OnPropertyCondition)
      - @ConditionalOnMissingBean (types: org.springframework.web.filter.FormContentFilter; SearchStrategy: all) did not find any beans (OnBeanCondition)

   WebMvcAutoConfiguration.EnableWebMvcConfiguration#flashMapManager matched:
      - @ConditionalOnMissingBean (names: flashMapManager; SearchStrategy: all) did not find any beans (OnBeanCondition)

   WebMvcAutoConfiguration.EnableWebMvcConfiguration#localeResolver matched:
      - @ConditionalOnMissingBean (names: localeResolver; SearchStrategy: all) did not find any beans (OnBeanCondition)

   WebMvcAutoConfiguration.EnableWebMvcConfiguration#viewNameTranslator matched:
      - @ConditionalOnMissingBean (names: viewNameTranslator; SearchStrategy: all) did not find any beans (OnBeanCondition)

   WebMvcAutoConfiguration.WebMvcAutoConfigurationAdapter#defaultViewResolver matched:
      - @ConditionalOnMissingBean (types: org.springframework.web.servlet.view.InternalResourceViewResolver; SearchStrategy: all) did not find any beans (OnBeanCondition)

   WebMvcAutoConfiguration.WebMvcAutoConfigurationAdapter#requestContextFilter matched:
      - @ConditionalOnMissingBean (types: org.springframework.web.context.request.RequestContextListener,org.springframework.web.filter.RequestContextFilter; SearchStrategy: all) did not find any beans (OnBeanCondition)

   WebMvcAutoConfiguration.WebMvcAutoConfigurationAdapter#viewResolver matched:
      - @ConditionalOnBean (types: org.springframework.web.servlet.ViewResolver; SearchStrategy: all) found beans 'defaultViewResolver', 'beanNameViewResolver', 'mvcViewResolver'; @ConditionalOnMissingBean (names: viewResolver types: org.springframework.web.servlet.view.ContentNegotiatingViewResolver; SearchStrategy: all) did not find any beans (OnBeanCondition)


Negative matches:
-----------------

   AopAutoConfiguration.AspectJAutoProxyingConfiguration.JdkDynamicAutoProxyConfiguration:
      Did not match:
         - @ConditionalOnBooleanProperty (spring.aop.proxy-target-class=false) did not find property 'spring.aop.proxy-target-class' (OnPropertyCondition)

   AopAutoConfiguration.ClassProxyingConfiguration:
      Did not match:
         - @ConditionalOnMissingClass found unwanted class 'org.aspectj.weaver.Advice' (OnClassCondition)

   DataJpaRepositoriesAutoConfiguration#entityManagerFactoryBootstrapExecutorCustomizer:
      Did not match:
         - @ConditionalOnProperty (spring.data.jpa.repositories.bootstrap-mode=deferred) did not find property 'spring.data.jpa.repositories.bootstrap-mode' (OnPropertyCondition)

   DataRepositoryMetricsAutoConfiguration:
      Did not match:
         - @ConditionalOnBean did not find required type 'io.micrometer.core.instrument.MeterRegistry' (OnBeanCondition)

   DataSourceAutoConfiguration.EmbeddedDatabaseConfiguration:
      Did not match:
         - EmbeddedDataSource spring.datasource.url is set (DataSourceAutoConfiguration.EmbeddedDatabaseCondition)

   DataSourceCheckpointRestoreConfiguration:
      Did not match:
         - @ConditionalOnClass did not find required class 'org.crac.Resource' (OnClassCondition)

   DataSourceConfiguration.Dbcp2:
      Did not match:
         - @ConditionalOnClass did not find required class 'org.apache.commons.dbcp2.BasicDataSource' (OnClassCondition)

   DataSourceConfiguration.Generic:
      Did not match:
         - @ConditionalOnProperty (spring.datasource.type) did not find property 'spring.datasource.type' (OnPropertyCondition)

   DataSourceConfiguration.OracleUcp:
      Did not match:
         - @ConditionalOnClass did not find required classes 'oracle.ucp.jdbc.PoolDataSourceImpl', 'oracle.jdbc.OracleConnection' (OnClassCondition)

   DataSourceConfiguration.Tomcat:
      Did not match:
         - @ConditionalOnClass did not find required class 'org.apache.tomcat.jdbc.pool.DataSource' (OnClassCondition)

   DataSourceHealthContributorAutoConfiguration:
      Did not match:
         - @ConditionalOnClass did not find required class 'org.springframework.boot.health.autoconfigure.contributor.ConditionalOnEnabledHealthIndicator' (OnClassCondition)

   DataSourceJmxConfiguration:
      Did not match:
         - @ConditionalOnBooleanProperty (spring.jmx.enabled=true) did not find property 'spring.jmx.enabled' (OnPropertyCondition)

   DataSourcePoolMetadataProvidersConfiguration.CommonsDbcp2PoolDataSourceMetadataProviderConfiguration:
      Did not match:
         - @ConditionalOnClass did not find required class 'org.apache.commons.dbcp2.BasicDataSource' (OnClassCondition)

   DataSourcePoolMetadataProvidersConfiguration.OracleUcpPoolDataSourceMetadataProviderConfiguration:
      Did not match:
         - @ConditionalOnClass did not find required classes 'oracle.ucp.jdbc.PoolDataSource', 'oracle.jdbc.OracleConnection' (OnClassCondition)

   DataSourcePoolMetadataProvidersConfiguration.TomcatDataSourcePoolMetadataProviderConfiguration:
      Did not match:
         - @ConditionalOnClass did not find required class 'org.apache.tomcat.jdbc.pool.DataSource' (OnClassCondition)

   DataSourcePoolMetricsAutoConfiguration:
      Did not match:
         - @ConditionalOnClass did not find required class 'io.micrometer.core.instrument.MeterRegistry' (OnClassCondition)

   DataSourceTransactionManagerAutoConfiguration.JdbcTransactionManagerConfiguration#transactionManager:
      Did not match:
         - @ConditionalOnMissingBean (types: org.springframework.transaction.TransactionManager; SearchStrategy: all) found beans of type 'org.springframework.transaction.TransactionManager' transactionManager (OnBeanCondition)

   DispatcherServletAutoConfiguration.DispatcherServletConfiguration#multipartResolver:
      Did not match:
         - @ConditionalOnBean (types: org.springframework.web.multipart.MultipartResolver; SearchStrategy: all) did not find any beans of type org.springframework.web.multipart.MultipartResolver (OnBeanCondition)

   GsonHttpMessageConvertersConfiguration:
      Did not match:
         - @ConditionalOnClass did not find required class 'com.google.gson.Gson' (OnClassCondition)

   HibernateMetricsAutoConfiguration:
      Did not match:
         - @ConditionalOnClass did not find required class 'io.micrometer.core.instrument.MeterRegistry' (OnClassCondition)

   Jackson2HttpMessageConvertersConfiguration.MappingJackson2HttpMessageConverterConfiguration:
      Did not match:
         - @ConditionalOnClass did not find required class 'com.fasterxml.jackson.databind.ObjectMapper' (OnClassCondition)

   Jackson2HttpMessageConvertersConfiguration.MappingJackson2XmlHttpMessageConverterConfiguration:
      Did not match:
         - @ConditionalOnClass did not find required class 'com.fasterxml.jackson.dataformat.xml.XmlMapper' (OnClassCondition)

   JacksonAutoConfiguration.CborConfiguration:
      Did not match:
         - @ConditionalOnClass did not find required class 'tools.jackson.dataformat.cbor.CBORMapper' (OnClassCondition)

   JacksonAutoConfiguration.XmlConfiguration:
      Did not match:
         - @ConditionalOnClass did not find required class 'tools.jackson.dataformat.xml.XmlMapper' (OnClassCondition)

   JacksonHttpMessageConvertersConfiguration.JacksonXmlHttpMessageConverterConfiguration:
      Did not match:
         - @ConditionalOnClass did not find required class 'tools.jackson.dataformat.xml.XmlMapper' (OnClassCondition)

   JmxAutoConfiguration:
      Did not match:
         - @ConditionalOnBooleanProperty (spring.jmx.enabled=true) did not find property 'spring.jmx.enabled' (OnPropertyCondition)
      Matched:
         - @ConditionalOnClass found required class 'org.springframework.jmx.export.MBeanExporter' (OnClassCondition)

   JndiDataSourceAutoConfiguration:
      Did not match:
         - @ConditionalOnProperty (spring.datasource.jndi-name) did not find property 'spring.datasource.jndi-name' (OnPropertyCondition)
      Matched:
         - @ConditionalOnClass found required classes 'javax.sql.DataSource', 'org.springframework.jdbc.datasource.embedded.EmbeddedDatabaseType' (OnClassCondition)

   JndiJtaConfiguration:
      Did not match:
         - @ConditionalOnJndi JNDI environment is not available (OnJndiCondition)
      Matched:
         - @ConditionalOnClass found required class 'org.springframework.transaction.jta.JtaTransactionManager' (OnClassCondition)

   JsonbHttpMessageConvertersConfiguration:
      Did not match:
         - @ConditionalOnClass did not find required class 'jakarta.json.bind.Jsonb' (OnClassCondition)

   KotlinSerializationHttpMessageConvertersConfiguration:
      Did not match:
         - @ConditionalOnClass did not find required classes 'kotlinx.serialization.Serializable', 'kotlinx.serialization.json.Json' (OnClassCondition)

   LazyConnectionDataSourceConfiguration:
      Did not match:
         - @ConditionalOnProperty (spring.datasource.connection-fetch=lazy) did not find property 'spring.datasource.connection-fetch' (OnPropertyCondition)

   MessageSourceAutoConfiguration:
      Did not match:
         - ResourceBundle did not find bundle with basename messages (MessageSourceAutoConfiguration.ResourceBundleCondition)

   ProjectInfoAutoConfiguration#buildProperties:
      Did not match:
         - @ConditionalOnResource did not find resource '${spring.info.build.location:classpath:META-INF/build-info.properties}' (OnResourceCondition)

   ProjectInfoAutoConfiguration#gitProperties:
      Did not match:
         - GitResource did not find git info at classpath:git.properties (ProjectInfoAutoConfiguration.GitResourceAvailableCondition)

   ServletHttpExchangesAutoConfiguration:
      Did not match:
         - @ConditionalOnBean did not find required type 'org.springframework.boot.actuate.web.exchanges.HttpExchangeRepository' (OnBeanCondition)

   ServletManagementContextAutoConfiguration:
      Did not match:
         - @ConditionalOnClass did not find required class 'org.springframework.boot.actuate.autoconfigure.endpoint.web.WebEndpointProperties' (OnClassCondition)

   ServletMappingsAutoConfiguration:
      Did not match:
         - @ConditionalOnClass did not find required class 'org.springframework.boot.actuate.autoconfigure.endpoint.condition.ConditionalOnAvailableEndpoint' (OnClassCondition)

   ServletWebServerConfiguration#forwardedHeaderFilter:
      Did not match:
         - @ConditionalOnProperty (server.forward-headers-strategy=framework) did not find property 'server.forward-headers-strategy' (OnPropertyCondition)

   SpringApplicationAdminJmxAutoConfiguration:
      Did not match:
         - @ConditionalOnBooleanProperty (spring.application.admin.enabled=true) did not find property 'spring.application.admin.enabled' (OnPropertyCondition)

   TaskExecutorConfigurations.AsyncConfigurerWrapperConfiguration:
      Did not match:
         - @ConditionalOnBean (types: org.springframework.scheduling.annotation.AsyncConfigurer; SearchStrategy: all) did not find any beans of type org.springframework.scheduling.annotation.AsyncConfigurer (OnBeanCondition)

   TaskExecutorConfigurations.SimpleAsyncTaskExecutorBuilderConfiguration#simpleAsyncTaskExecutorBuilderVirtualThreads:
      Did not match:
         - @ConditionalOnMissingBean (types: org.springframework.boot.task.SimpleAsyncTaskExecutorBuilder; SearchStrategy: all) found beans of type 'org.springframework.boot.task.SimpleAsyncTaskExecutorBuilder' simpleAsyncTaskExecutorBuilder (OnBeanCondition)

   TaskExecutorConfigurations.TaskExecutorConfiguration#applicationTaskExecutorVirtualThreads:
      Did not match:
         - @ConditionalOnThreading did not find VIRTUAL (OnThreadingCondition)

   TaskExecutorConfigurations.TaskExecutorContextPropagationConfiguration:
      Did not match:
         - @ConditionalOnClass did not find required class 'io.micrometer.context.ContextSnapshot' (OnClassCondition)

   TaskSchedulingAutoConfiguration#scheduledBeanLazyInitializationExcludeFilter:
      Did not match:
         - @ConditionalOnBean (names: org.springframework.scheduling.config.internalScheduledAnnotationProcessor; SearchStrategy: all) did not find any beans named org.springframework.scheduling.config.internalScheduledAnnotationProcessor (OnBeanCondition)

   TaskSchedulingConfigurations.SimpleAsyncTaskSchedulerBuilderConfiguration#simpleAsyncTaskSchedulerBuilderVirtualThreads:
      Did not match:
         - @ConditionalOnMissingBean (types: org.springframework.boot.task.SimpleAsyncTaskSchedulerBuilder; SearchStrategy: all) found beans of type 'org.springframework.boot.task.SimpleAsyncTaskSchedulerBuilder' simpleAsyncTaskSchedulerBuilder (OnBeanCondition)

   TaskSchedulingConfigurations.TaskSchedulerConfiguration:
      Did not match:
         - @ConditionalOnBean (names: org.springframework.scheduling.config.internalScheduledAnnotationProcessor; SearchStrategy: all) did not find any beans named org.springframework.scheduling.config.internalScheduledAnnotationProcessor (OnBeanCondition)

   TomcatMetricsAutoConfiguration:
      Did not match:
         - @ConditionalOnClass did not find required class 'io.micrometer.core.instrument.binder.tomcat.TomcatMetrics' (OnClassCondition)

   TomcatReactiveManagementContextAutoConfiguration:
      Did not match:
         - @ConditionalOnClass did not find required class 'org.springframework.boot.actuate.autoconfigure.web.server.ManagementContextFactory' (OnClassCondition)

   TomcatReactiveWebServerAutoConfiguration:
      Did not match:
         - @ConditionalOnWebApplication did not find reactive web application classes (OnWebApplicationCondition)

   TomcatServletManagementContextAutoConfiguration:
      Did not match:
         - @ConditionalOnClass did not find required class 'org.springframework.boot.actuate.autoconfigure.web.server.ManagementContextFactory' (OnClassCondition)

   TomcatServletWebServerAutoConfiguration#tomcatForwardedHeaderFilterCustomizer:
      Did not match:
         - @ConditionalOnProperty (server.forward-headers-strategy=framework) did not find property 'server.forward-headers-strategy' (OnPropertyCondition)

   TomcatWebServerConfiguration#tomcatVirtualThreadsProtocolHandlerCustomizer:
      Did not match:
         - @ConditionalOnThreading did not find VIRTUAL (OnThreadingCondition)

   TransactionAutoConfiguration#transactionalOperator:
      Did not match:
         - @ConditionalOnSingleCandidate (types: org.springframework.transaction.ReactiveTransactionManager; SearchStrategy: all) did not find any beans (OnBeanCondition)

   TransactionAutoConfiguration.AspectJTransactionManagementConfiguration:
      Did not match:
         - @ConditionalOnBean (types: org.springframework.transaction.aspectj.AbstractTransactionAspect; SearchStrategy: all) did not find any beans of type org.springframework.transaction.aspectj.AbstractTransactionAspect (OnBeanCondition)

   TransactionAutoConfiguration.EnableTransactionManagementConfiguration.JdkDynamicAutoProxyConfiguration:
      Did not match:
         - @ConditionalOnBooleanProperty (spring.aop.proxy-target-class=false) did not find property 'spring.aop.proxy-target-class' (OnPropertyCondition)

   WebMvcAutoConfiguration#hiddenHttpMethodFilter:
      Did not match:
         - @ConditionalOnBooleanProperty (spring.mvc.hiddenmethod.filter.enabled=true) did not find property 'spring.mvc.hiddenmethod.filter.enabled' (OnPropertyCondition)

   WebMvcAutoConfiguration.ProblemDetailsErrorHandlingConfiguration:
      Did not match:
         - @ConditionalOnBooleanProperty (spring.mvc.problemdetails.enabled=true) did not find property 'spring.mvc.problemdetails.enabled' (OnPropertyCondition)

   WebMvcAutoConfiguration.ResourceChainCustomizerConfiguration:
      Did not match:
         - @ConditionalOnEnabledResourceChain did not find class org.webjars.WebJarVersionLocator (OnEnabledResourceChainCondition)

   WebMvcAutoConfiguration.WebMvcAutoConfigurationAdapter#beanNameViewResolver:
      Did not match:
         - @ConditionalOnMissingBean (types: org.springframework.web.servlet.view.BeanNameViewResolver; SearchStrategy: all) found beans of type 'org.springframework.web.servlet.view.BeanNameViewResolver' beanNameViewResolver (OnBeanCondition)

   WebMvcHealthEndpointExtensionAutoConfiguration:
      Did not match:
         - @ConditionalOnClass did not find required class 'org.springframework.boot.health.actuate.endpoint.HealthEndpoint' (OnClassCondition)

   WebMvcMappingsAutoConfiguration:
      Did not match:
         - @ConditionalOnClass did not find required class 'org.springframework.boot.actuate.autoconfigure.endpoint.condition.ConditionalOnAvailableEndpoint' (OnClassCondition)

   WebMvcObservationAutoConfiguration:
      Did not match:
         - @ConditionalOnClass did not find required class 'org.springframework.boot.micrometer.observation.autoconfigure.ObservationProperties' (OnClassCondition)

   XADataSourceAutoConfiguration:
      Did not match:
         - @ConditionalOnBean (types: org.springframework.boot.jdbc.XADataSourceWrapper; SearchStrategy: all) did not find any beans of type org.springframework.boot.jdbc.XADataSourceWrapper (OnBeanCondition)
      Matched:
         - @ConditionalOnClass found required classes 'javax.sql.DataSource', 'jakarta.transaction.TransactionManager', 'org.springframework.jdbc.datasource.embedded.EmbeddedDatabaseType' (OnClassCondition)


Exclusions:
-----------

    None


Unconditional classes:
----------------------

    org.springframework.boot.autoconfigure.context.ConfigurationPropertiesAutoConfiguration

    org.springframework.boot.autoconfigure.ssl.SslAutoConfiguration

    org.springframework.boot.autoconfigure.context.LifecycleAutoConfiguration

    org.springframework.boot.autoconfigure.context.PropertyPlaceholderAutoConfiguration

    org.springframework.boot.autoconfigure.availability.ApplicationAvailabilityAutoConfiguration

    org.springframework.boot.autoconfigure.info.ProjectInfoAutoConfiguration



2026-08-17 23:40:40 - c.r.E.ExpenseTrackerApplication - Started ExpenseTrackerApplication in 4.665 seconds (process running for 5.378)
2026-08-17 23:40:40 - o.s.b.a.ApplicationAvailabilityBean - Application availability state LivenessState changed to CORRECT
2026-08-17 23:40:40 - o.s.b.a.ApplicationAvailabilityBean - Application availability state ReadinessState changed to ACCEPTING_TRAFFIC
2026-08-17 23:41:09 - com.zaxxer.hikari.pool.HikariPool - HikariPool-1 - Pool stats (total=10/10, idle=10/10, active=0, waiting=0)
2026-08-17 23:41:09 - com.zaxxer.hikari.pool.HikariPool - HikariPool-1 - Fill pool skipped, pool has sufficient level or currently being filled.
2026-08-17 23:41:15 - o.a.c.c.C.[Tomcat].[localhost].[/] - Initializing Spring DispatcherServlet 'dispatcherServlet'
2026-08-17 23:41:15 - o.s.web.servlet.DispatcherServlet - Initializing Servlet 'dispatcherServlet'
2026-08-17 23:41:15 - o.s.web.servlet.DispatcherServlet - Detected StandardServletMultipartResolver
2026-08-17 23:41:15 - o.s.web.servlet.DispatcherServlet - Detected AcceptHeaderLocaleResolver
2026-08-17 23:41:15 - o.s.web.servlet.DispatcherServlet - Detected org.springframework.web.servlet.view.DefaultRequestToViewNameTranslator@69efdfd9
2026-08-17 23:41:15 - o.s.web.servlet.DispatcherServlet - Detected org.springframework.web.servlet.support.SessionFlashMapManager@9fd5dd0
2026-08-17 23:41:15 - o.s.web.servlet.DispatcherServlet - enableLoggingRequestDetails='false': request parameters and headers will be masked to prevent unsafe logging of potentially sensitive data
2026-08-17 23:41:15 - o.s.web.servlet.DispatcherServlet - Completed initialization in 1 ms
2026-08-17 23:41:15 - o.s.web.servlet.DispatcherServlet - POST "/Expense", parameters={}
2026-08-17 23:41:15 - o.s.w.s.m.m.a.RequestMappingHandlerMapping - Mapped to com.rakesh.ExpenseTracker.controller.ExpenseController#saveExpense(ExpenseRequestDTO)
2026-08-17 23:41:15 - o.s.o.j.s.OpenEntityManagerInViewInterceptor - Opening JPA EntityManager in OpenEntityManagerInViewInterceptor
2026-08-17 23:41:15 - org.hibernate.orm.core - HHH006588: Opening session [tenant=null]
2026-08-17 23:41:15 - o.s.w.s.m.m.a.RequestResponseBodyMethodProcessor - Read "application/json;charset=UTF-8" to [com.rakesh.ExpenseTracker.dto.ExpenseRequestDTO@32c4b250]
2026-08-17 23:41:15 - o.s.orm.jpa.JpaTransactionManager - Found thread-bound EntityManager [SessionImpl(2030116474<open>)] for JPA transaction
2026-08-17 23:41:15 - o.s.orm.jpa.JpaTransactionManager - Creating new transaction with name [org.springframework.data.jpa.repository.support.SimpleJpaRepository.save]: PROPAGATION_REQUIRED,ISOLATION_DEFAULT
2026-08-17 23:41:15 - org.hibernate.orm.core - HHH006583: Beginning transaction
2026-08-17 23:41:15 - o.s.orm.jpa.JpaTransactionManager - Exposing JPA transaction as JDBC [org.springframework.orm.jpa.vendor.HibernateJpaDialect$HibernateConnectionHandle@484308be]
2026-08-17 23:41:15 - org.hibernate.SQL - 
    select
        next_val as id_val 
    from
        expense_seq 
    for
        update
2026-08-17 23:41:15 - org.hibernate.SQL - 
    update
        expense_seq 
    set
        next_val= ? 
    where
        next_val=?
2026-08-17 23:41:15 - o.s.orm.jpa.JpaTransactionManager - Initiating transaction commit
2026-08-17 23:41:15 - o.s.orm.jpa.JpaTransactionManager - Committing JPA transaction on EntityManager [SessionImpl(2030116474<open>)]
2026-08-17 23:41:15 - org.hibernate.orm.core - HHH006584: Committing transaction
2026-08-17 23:41:15 - org.hibernate.orm.event - HHH90060071: Flushed: 1 insertions, 0 updates, 0 deletions to 1 objects
2026-08-17 23:41:15 - org.hibernate.orm.event - HHH90060072: Flushed: 0 (re)creations, 0 updates, 0 removals to 0 collections
2026-08-17 23:41:15 - org.hibernate.orm.core - Listing entities:
2026-08-17 23:41:15 - org.hibernate.orm.core - com.rakesh.ExpenseTracker.entity.Expense{amount=500.0, dateAndTime=2026-08-17T23:41:15.628627, spendOn=Dinner, id=152}
2026-08-17 23:41:15 - org.hibernate.SQL - 
    insert 
    into
        expense
        (amount, expense_date_time, spend_on, id) 
    values
        (?, ?, ?, ?)
2026-08-17 23:41:15 - org.hibernate.orm.jdbc.error - HHH000247: ErrorCode: 1054, SQLState: 42S22
2026-08-17 23:41:15 - org.hibernate.orm.jdbc.error - Unknown column 'expense_date_time' in 'field list'
2026-08-17 23:41:15 - org.hibernate.orm.jdbc.error - could not execute statement [insert into expense (amount,expense_date_time,spend_on,id) values (?,?,?,?)]
java.sql.SQLSyntaxErrorException: Unknown column 'expense_date_time' in 'field list'
	at com.mysql.cj.jdbc.exceptions.SQLError.createSQLException(SQLError.java:112)
	at com.mysql.cj.jdbc.exceptions.SQLExceptionsMapping.translateException(SQLExceptionsMapping.java:114)
	at com.mysql.cj.jdbc.ClientPreparedStatement.executeInternal(ClientPreparedStatement.java:988)
	at com.mysql.cj.jdbc.ClientPreparedStatement.executeUpdateInternal(ClientPreparedStatement.java:1166)
	at com.mysql.cj.jdbc.ClientPreparedStatement.executeUpdateInternal(ClientPreparedStatement.java:1101)
	at com.mysql.cj.jdbc.ClientPreparedStatement.executeLargeUpdate(ClientPreparedStatement.java:1448)
	at com.mysql.cj.jdbc.ClientPreparedStatement.executeUpdate(ClientPreparedStatement.java:1084)
	at com.zaxxer.hikari.pool.ProxyPreparedStatement.executeUpdate(ProxyPreparedStatement.java:61)
	at com.zaxxer.hikari.pool.HikariProxyPreparedStatement.executeUpdate(HikariProxyPreparedStatement.java)
	at org.hibernate.engine.jdbc.internal.ResultSetReturnImpl.executeUpdate(ResultSetReturnImpl.java:185)
	at org.hibernate.engine.jdbc.mutation.internal.AbstractMutationExecutor.performNonBatchedMutation(AbstractMutationExecutor.java:145)
	at org.hibernate.engine.jdbc.mutation.internal.MutationExecutorSingleNonBatched.performNonBatchedOperations(MutationExecutorSingleNonBatched.java:53)
	at org.hibernate.engine.jdbc.mutation.internal.AbstractMutationExecutor.execute(AbstractMutationExecutor.java:65)
	at org.hibernate.engine.jdbc.mutation.internal.AbstractMutationExecutor.execute(AbstractMutationExecutor.java:54)
	at org.hibernate.persister.entity.mutation.InsertCoordinatorStandard.doStaticInserts(InsertCoordinatorStandard.java:183)
	at org.hibernate.persister.entity.mutation.InsertCoordinatorStandard.coordinateInsert(InsertCoordinatorStandard.java:123)
	at org.hibernate.persister.entity.mutation.InsertCoordinatorStandard.insert(InsertCoordinatorStandard.java:96)
	at org.hibernate.action.internal.EntityInsertAction.execute(EntityInsertAction.java:108)
	at org.hibernate.engine.spi.ActionQueue.executeActions(ActionQueue.java:634)
	at org.hibernate.engine.spi.ActionQueue.executeActions(ActionQueue.java:505)
	at org.hibernate.event.internal.AbstractFlushingEventListener.performExecutions(AbstractFlushingEventListener.java:381)
	at org.hibernate.event.internal.DefaultFlushEventListener.onFlush(DefaultFlushEventListener.java:40)
	at org.hibernate.event.service.internal.EventListenerGroupImpl.fireEventOnEachListener(EventListenerGroupImpl.java:138)
	at org.hibernate.internal.SessionImpl.fireFlush(SessionImpl.java:1458)
	at org.hibernate.internal.SessionImpl.managedFlush(SessionImpl.java:484)
	at org.hibernate.internal.SessionImpl.flushBeforeTransactionCompletion(SessionImpl.java:2086)
	at org.hibernate.internal.SessionImpl.beforeTransactionCompletion(SessionImpl.java:2007)
	at org.hibernate.engine.jdbc.internal.JdbcCoordinatorImpl.beforeTransactionCompletion(JdbcCoordinatorImpl.java:426)
	at org.hibernate.resource.transaction.backend.jdbc.internal.JdbcResourceLocalTransactionCoordinatorImpl.beforeCompletionCallback(JdbcResourceLocalTransactionCoordinatorImpl.java:167)
	at org.hibernate.resource.transaction.backend.jdbc.internal.JdbcResourceLocalTransactionCoordinatorImpl$TransactionDriverControlImpl.commitNoRollbackOnly(JdbcResourceLocalTransactionCoordinatorImpl.java:252)
	at org.hibernate.resource.transaction.backend.jdbc.internal.JdbcResourceLocalTransactionCoordinatorImpl$TransactionDriverControlImpl.commit(JdbcResourceLocalTransactionCoordinatorImpl.java:242)
	at org.hibernate.engine.transaction.internal.TransactionImpl.commit(TransactionImpl.java:89)
	at org.springframework.orm.jpa.JpaTransactionManager.doCommit(JpaTransactionManager.java:552)
	at org.springframework.transaction.support.AbstractPlatformTransactionManager.processCommit(AbstractPlatformTransactionManager.java:794)
	at org.springframework.transaction.support.AbstractPlatformTransactionManager.commit(AbstractPlatformTransactionManager.java:757)
	at org.springframework.transaction.interceptor.TransactionAspectSupport.commitTransactionAfterReturning(TransactionAspectSupport.java:687)
	at org.springframework.transaction.interceptor.TransactionAspectSupport.invokeWithinTransaction(TransactionAspectSupport.java:408)
	at org.springframework.transaction.interceptor.TransactionInterceptor.invoke(TransactionInterceptor.java:130)
	at org.springframework.aop.framework.ReflectiveMethodInvocation.proceed(ReflectiveMethodInvocation.java:179)
	at org.springframework.dao.support.PersistenceExceptionTranslationInterceptor.invoke(PersistenceExceptionTranslationInterceptor.java:135)
	at org.springframework.aop.framework.ReflectiveMethodInvocation.proceed(ReflectiveMethodInvocation.java:179)
	at org.springframework.data.jpa.repository.support.CrudMethodMetadataPostProcessor$CrudMethodMetadataPopulatingMethodInterceptor.invoke(CrudMethodMetadataPostProcessor.java:166)
	at org.springframework.aop.framework.ReflectiveMethodInvocation.proceed(ReflectiveMethodInvocation.java:179)
	at org.springframework.aop.framework.JdkDynamicAopProxy.invoke(JdkDynamicAopProxy.java:222)
	at jdk.proxy2/jdk.proxy2.$Proxy121.save(Unknown Source)
	at com.rakesh.ExpenseTracker.service.ExpenseServiceImpl.saveData(ExpenseServiceImpl.java:41)
	at com.rakesh.ExpenseTracker.controller.ExpenseController.saveExpense(ExpenseController.java:36)
	at java.base/jdk.internal.reflect.DirectMethodHandleAccessor.invoke(DirectMethodHandleAccessor.java:104)
	at java.base/java.lang.reflect.Method.invoke(Method.java:565)
	at org.springframework.web.method.support.InvocableHandlerMethod.doInvoke(InvocableHandlerMethod.java:252)
	at org.springframework.web.method.support.InvocableHandlerMethod.invokeForRequest(InvocableHandlerMethod.java:184)
	at org.springframework.web.servlet.mvc.method.annotation.ServletInvocableHandlerMethod.invokeAndHandle(ServletInvocableHandlerMethod.java:117)
	at org.springframework.web.servlet.mvc.method.annotation.RequestMappingHandlerAdapter.invokeHandlerMethod(RequestMappingHandlerAdapter.java:934)
	at org.springframework.web.servlet.mvc.method.annotation.RequestMappingHandlerAdapter.handleInternal(RequestMappingHandlerAdapter.java:853)
	at org.springframework.web.servlet.mvc.method.AbstractHandlerMethodAdapter.handle(AbstractHandlerMethodAdapter.java:86)
	at org.springframework.web.servlet.DispatcherServlet.doDispatch(DispatcherServlet.java:963)
	at org.springframework.web.servlet.DispatcherServlet.doService(DispatcherServlet.java:866)
	at org.springframework.web.servlet.FrameworkServlet.processRequest(FrameworkServlet.java:1000)
	at org.springframework.web.servlet.FrameworkServlet.doPost(FrameworkServlet.java:903)
	at jakarta.servlet.http.HttpServlet.service(HttpServlet.java:649)
	at org.springframework.web.servlet.FrameworkServlet.service(FrameworkServlet.java:874)
	at jakarta.servlet.http.HttpServlet.service(HttpServlet.java:710)
	at org.apache.catalina.core.ApplicationFilterChain.doFilter(ApplicationFilterChain.java:128)
	at org.apache.tomcat.websocket.server.WsFilter.doFilter(WsFilter.java:53)
	at org.apache.catalina.core.ApplicationFilterChain.doFilter(ApplicationFilterChain.java:107)
	at org.springframework.web.filter.RequestContextFilter.doFilterInternal(RequestContextFilter.java:100)
	at org.springframework.web.filter.OncePerRequestFilter.doFilter(OncePerRequestFilter.java:116)
	at org.apache.catalina.core.ApplicationFilterChain.doFilter(ApplicationFilterChain.java:107)
	at org.springframework.web.filter.FormContentFilter.doFilterInternal(FormContentFilter.java:93)
	at org.springframework.web.filter.OncePerRequestFilter.doFilter(OncePerRequestFilter.java:116)
	at org.apache.catalina.core.ApplicationFilterChain.doFilter(ApplicationFilterChain.java:107)
	at org.springframework.web.filter.CharacterEncodingFilter.doFilterInternal(CharacterEncodingFilter.java:199)
	at org.springframework.web.filter.OncePerRequestFilter.doFilter(OncePerRequestFilter.java:116)
	at org.apache.catalina.core.ApplicationFilterChain.doFilter(ApplicationFilterChain.java:107)
	at org.apache.catalina.core.StandardWrapperValve.invoke(StandardWrapperValve.java:165)
	at org.apache.catalina.core.StandardContextValve.invoke(StandardContextValve.java:77)
	at org.apache.catalina.authenticator.AuthenticatorBase.invoke(AuthenticatorBase.java:492)
	at org.apache.catalina.core.StandardHostValve.invoke(StandardHostValve.java:113)
	at org.apache.catalina.valves.ErrorReportValve.invoke(ErrorReportValve.java:83)
	at org.apache.catalina.core.StandardEngineValve.invoke(StandardEngineValve.java:72)
	at org.apache.catalina.connector.CoyoteAdapter.service(CoyoteAdapter.java:341)
	at org.apache.coyote.http11.Http11Processor.service(Http11Processor.java:397)
	at org.apache.coyote.AbstractProcessorLight.process(AbstractProcessorLight.java:63)
	at org.apache.coyote.AbstractProtocol$ConnectionHandler.process(AbstractProtocol.java:1272)
	at org.apache.tomcat.util.net.NioEndpoint$SocketProcessor.doRun(NioEndpoint.java:1801)
	at org.apache.tomcat.util.net.SocketProcessorBase.run(SocketProcessorBase.java:52)
	at org.apache.tomcat.util.threads.ThreadPoolExecutor.runWorker(ThreadPoolExecutor.java:946)
	at org.apache.tomcat.util.threads.ThreadPoolExecutor$Worker.run(ThreadPoolExecutor.java:480)
	at org.apache.tomcat.util.threads.TaskThread$WrappingRunnable.run(TaskThread.java:57)
	at java.base/java.lang.Thread.run(Thread.java:1474)
2026-08-17 23:41:15 - org.hibernate.orm.core - HHH006586: rollback() called with inactive transaction
2026-08-17 23:41:15 - o.s.orm.jpa.JpaTransactionManager - Initiating transaction rollback after commit exception
org.springframework.dao.InvalidDataAccessResourceUsageException: could not execute statement [Unknown column 'expense_date_time' in 'field list'] [insert into expense (amount,expense_date_time,spend_on,id) values (?,?,?,?)]; SQL [insert into expense (amount,expense_date_time,spend_on,id) values (?,?,?,?)]
	at org.springframework.orm.jpa.hibernate.HibernateExceptionTranslator.convertHibernateAccessException(HibernateExceptionTranslator.java:156)
	at org.springframework.orm.jpa.hibernate.HibernateExceptionTranslator.convertHibernateAccessException(HibernateExceptionTranslator.java:131)
	at org.springframework.orm.jpa.hibernate.HibernateExceptionTranslator.translateExceptionIfPossible(HibernateExceptionTranslator.java:105)
	at org.springframework.orm.jpa.vendor.HibernateJpaDialect.translateExceptionIfPossible(HibernateJpaDialect.java:223)
	at org.springframework.orm.jpa.JpaTransactionManager.doCommit(JpaTransactionManager.java:556)
	at org.springframework.transaction.support.AbstractPlatformTransactionManager.processCommit(AbstractPlatformTransactionManager.java:794)
	at org.springframework.transaction.support.AbstractPlatformTransactionManager.commit(AbstractPlatformTransactionManager.java:757)
	at org.springframework.transaction.interceptor.TransactionAspectSupport.commitTransactionAfterReturning(TransactionAspectSupport.java:687)
	at org.springframework.transaction.interceptor.TransactionAspectSupport.invokeWithinTransaction(TransactionAspectSupport.java:408)
	at org.springframework.transaction.interceptor.TransactionInterceptor.invoke(TransactionInterceptor.java:130)
	at org.springframework.aop.framework.ReflectiveMethodInvocation.proceed(ReflectiveMethodInvocation.java:179)
	at org.springframework.dao.support.PersistenceExceptionTranslationInterceptor.invoke(PersistenceExceptionTranslationInterceptor.java:135)
	at org.springframework.aop.framework.ReflectiveMethodInvocation.proceed(ReflectiveMethodInvocation.java:179)
	at org.springframework.data.jpa.repository.support.CrudMethodMetadataPostProcessor$CrudMethodMetadataPopulatingMethodInterceptor.invoke(CrudMethodMetadataPostProcessor.java:166)
	at org.springframework.aop.framework.ReflectiveMethodInvocation.proceed(ReflectiveMethodInvocation.java:179)
	at org.springframework.aop.framework.JdkDynamicAopProxy.invoke(JdkDynamicAopProxy.java:222)
	at jdk.proxy2/jdk.proxy2.$Proxy121.save(Unknown Source)
	at com.rakesh.ExpenseTracker.service.ExpenseServiceImpl.saveData(ExpenseServiceImpl.java:41)
	at com.rakesh.ExpenseTracker.controller.ExpenseController.saveExpense(ExpenseController.java:36)
	at java.base/jdk.internal.reflect.DirectMethodHandleAccessor.invoke(DirectMethodHandleAccessor.java:104)
	at java.base/java.lang.reflect.Method.invoke(Method.java:565)
	at org.springframework.web.method.support.InvocableHandlerMethod.doInvoke(InvocableHandlerMethod.java:252)
	at org.springframework.web.method.support.InvocableHandlerMethod.invokeForRequest(InvocableHandlerMethod.java:184)
	at org.springframework.web.servlet.mvc.method.annotation.ServletInvocableHandlerMethod.invokeAndHandle(ServletInvocableHandlerMethod.java:117)
	at org.springframework.web.servlet.mvc.method.annotation.RequestMappingHandlerAdapter.invokeHandlerMethod(RequestMappingHandlerAdapter.java:934)
	at org.springframework.web.servlet.mvc.method.annotation.RequestMappingHandlerAdapter.handleInternal(RequestMappingHandlerAdapter.java:853)
	at org.springframework.web.servlet.mvc.method.AbstractHandlerMethodAdapter.handle(AbstractHandlerMethodAdapter.java:86)
	at org.springframework.web.servlet.DispatcherServlet.doDispatch(DispatcherServlet.java:963)
	at org.springframework.web.servlet.DispatcherServlet.doService(DispatcherServlet.java:866)
	at org.springframework.web.servlet.FrameworkServlet.processRequest(FrameworkServlet.java:1000)
	at org.springframework.web.servlet.FrameworkServlet.doPost(FrameworkServlet.java:903)
	at jakarta.servlet.http.HttpServlet.service(HttpServlet.java:649)
	at org.springframework.web.servlet.FrameworkServlet.service(FrameworkServlet.java:874)
	at jakarta.servlet.http.HttpServlet.service(HttpServlet.java:710)
	at org.apache.catalina.core.ApplicationFilterChain.doFilter(ApplicationFilterChain.java:128)
	at org.apache.tomcat.websocket.server.WsFilter.doFilter(WsFilter.java:53)
	at org.apache.catalina.core.ApplicationFilterChain.doFilter(ApplicationFilterChain.java:107)
	at org.springframework.web.filter.RequestContextFilter.doFilterInternal(RequestContextFilter.java:100)
	at org.springframework.web.filter.OncePerRequestFilter.doFilter(OncePerRequestFilter.java:116)
	at org.apache.catalina.core.ApplicationFilterChain.doFilter(ApplicationFilterChain.java:107)
	at org.springframework.web.filter.FormContentFilter.doFilterInternal(FormContentFilter.java:93)
	at org.springframework.web.filter.OncePerRequestFilter.doFilter(OncePerRequestFilter.java:116)
	at org.apache.catalina.core.ApplicationFilterChain.doFilter(ApplicationFilterChain.java:107)
	at org.springframework.web.filter.CharacterEncodingFilter.doFilterInternal(CharacterEncodingFilter.java:199)
	at org.springframework.web.filter.OncePerRequestFilter.doFilter(OncePerRequestFilter.java:116)
	at org.apache.catalina.core.ApplicationFilterChain.doFilter(ApplicationFilterChain.java:107)
	at org.apache.catalina.core.StandardWrapperValve.invoke(StandardWrapperValve.java:165)
	at org.apache.catalina.core.StandardContextValve.invoke(StandardContextValve.java:77)
	at org.apache.catalina.authenticator.AuthenticatorBase.invoke(AuthenticatorBase.java:492)
	at org.apache.catalina.core.StandardHostValve.invoke(StandardHostValve.java:113)
	at org.apache.catalina.valves.ErrorReportValve.invoke(ErrorReportValve.java:83)
	at org.apache.catalina.core.StandardEngineValve.invoke(StandardEngineValve.java:72)
	at org.apache.catalina.connector.CoyoteAdapter.service(CoyoteAdapter.java:341)
	at org.apache.coyote.http11.Http11Processor.service(Http11Processor.java:397)
	at org.apache.coyote.AbstractProcessorLight.process(AbstractProcessorLight.java:63)
	at org.apache.coyote.AbstractProtocol$ConnectionHandler.process(AbstractProtocol.java:1272)
	at org.apache.tomcat.util.net.NioEndpoint$SocketProcessor.doRun(NioEndpoint.java:1801)
	at org.apache.tomcat.util.net.SocketProcessorBase.run(SocketProcessorBase.java:52)
	at org.apache.tomcat.util.threads.ThreadPoolExecutor.runWorker(ThreadPoolExecutor.java:946)
	at org.apache.tomcat.util.threads.ThreadPoolExecutor$Worker.run(ThreadPoolExecutor.java:480)
	at org.apache.tomcat.util.threads.TaskThread$WrappingRunnable.run(TaskThread.java:57)
	at java.base/java.lang.Thread.run(Thread.java:1474)
Caused by: org.hibernate.exception.SQLGrammarException: could not execute statement [Unknown column 'expense_date_time' in 'field list'] [insert into expense (amount,expense_date_time,spend_on,id) values (?,?,?,?)]
	at org.hibernate.exception.internal.SQLExceptionTypeDelegate.convert(SQLExceptionTypeDelegate.java:64)
	at org.hibernate.exception.internal.StandardSQLExceptionConverter.convert(StandardSQLExceptionConverter.java:34)
	at org.hibernate.engine.jdbc.spi.SqlExceptionHelper.convert(SqlExceptionHelper.java:115)
	at org.hibernate.engine.jdbc.internal.ResultSetReturnImpl.executeUpdate(ResultSetReturnImpl.java:189)
	at org.hibernate.engine.jdbc.mutation.internal.AbstractMutationExecutor.performNonBatchedMutation(AbstractMutationExecutor.java:145)
	at org.hibernate.engine.jdbc.mutation.internal.MutationExecutorSingleNonBatched.performNonBatchedOperations(MutationExecutorSingleNonBatched.java:53)
	at org.hibernate.engine.jdbc.mutation.internal.AbstractMutationExecutor.execute(AbstractMutationExecutor.java:65)
	at org.hibernate.engine.jdbc.mutation.internal.AbstractMutationExecutor.execute(AbstractMutationExecutor.java:54)
	at org.hibernate.persister.entity.mutation.InsertCoordinatorStandard.doStaticInserts(InsertCoordinatorStandard.java:183)
	at org.hibernate.persister.entity.mutation.InsertCoordinatorStandard.coordinateInsert(InsertCoordinatorStandard.java:123)
	at org.hibernate.persister.entity.mutation.InsertCoordinatorStandard.insert(InsertCoordinatorStandard.java:96)
	at org.hibernate.action.internal.EntityInsertAction.execute(EntityInsertAction.java:108)
	at org.hibernate.engine.spi.ActionQueue.executeActions(ActionQueue.java:634)
	at org.hibernate.engine.spi.ActionQueue.executeActions(ActionQueue.java:505)
	at org.hibernate.event.internal.AbstractFlushingEventListener.performExecutions(AbstractFlushingEventListener.java:381)
	at org.hibernate.event.internal.DefaultFlushEventListener.onFlush(DefaultFlushEventListener.java:40)
	at org.hibernate.event.service.internal.EventListenerGroupImpl.fireEventOnEachListener(EventListenerGroupImpl.java:138)
	at org.hibernate.internal.SessionImpl.fireFlush(SessionImpl.java:1458)
	at org.hibernate.internal.SessionImpl.managedFlush(SessionImpl.java:484)
	at org.hibernate.internal.SessionImpl.flushBeforeTransactionCompletion(SessionImpl.java:2086)
	at org.hibernate.internal.SessionImpl.beforeTransactionCompletion(SessionImpl.java:2007)
	at org.hibernate.engine.jdbc.internal.JdbcCoordinatorImpl.beforeTransactionCompletion(JdbcCoordinatorImpl.java:426)
	at org.hibernate.resource.transaction.backend.jdbc.internal.JdbcResourceLocalTransactionCoordinatorImpl.beforeCompletionCallback(JdbcResourceLocalTransactionCoordinatorImpl.java:167)
	at org.hibernate.resource.transaction.backend.jdbc.internal.JdbcResourceLocalTransactionCoordinatorImpl$TransactionDriverControlImpl.commitNoRollbackOnly(JdbcResourceLocalTransactionCoordinatorImpl.java:252)
	at org.hibernate.resource.transaction.backend.jdbc.internal.JdbcResourceLocalTransactionCoordinatorImpl$TransactionDriverControlImpl.commit(JdbcResourceLocalTransactionCoordinatorImpl.java:242)
	at org.hibernate.engine.transaction.internal.TransactionImpl.commit(TransactionImpl.java:89)
	at org.springframework.orm.jpa.JpaTransactionManager.doCommit(JpaTransactionManager.java:552)
	... 57 common frames omitted
Caused by: java.sql.SQLSyntaxErrorException: Unknown column 'expense_date_time' in 'field list'
	at com.mysql.cj.jdbc.exceptions.SQLError.createSQLException(SQLError.java:112)
	at com.mysql.cj.jdbc.exceptions.SQLExceptionsMapping.translateException(SQLExceptionsMapping.java:114)
	at com.mysql.cj.jdbc.ClientPreparedStatement.executeInternal(ClientPreparedStatement.java:988)
	at com.mysql.cj.jdbc.ClientPreparedStatement.executeUpdateInternal(ClientPreparedStatement.java:1166)
	at com.mysql.cj.jdbc.ClientPreparedStatement.executeUpdateInternal(ClientPreparedStatement.java:1101)
	at com.mysql.cj.jdbc.ClientPreparedStatement.executeLargeUpdate(ClientPreparedStatement.java:1448)
	at com.mysql.cj.jdbc.ClientPreparedStatement.executeUpdate(ClientPreparedStatement.java:1084)
	at com.zaxxer.hikari.pool.ProxyPreparedStatement.executeUpdate(ProxyPreparedStatement.java:61)
	at com.zaxxer.hikari.pool.HikariProxyPreparedStatement.executeUpdate(HikariProxyPreparedStatement.java)
	at org.hibernate.engine.jdbc.internal.ResultSetReturnImpl.executeUpdate(ResultSetReturnImpl.java:185)
	... 80 common frames omitted
2026-08-17 23:41:15 - o.s.orm.jpa.JpaTransactionManager - Rolling back JPA transaction on EntityManager [SessionImpl(2030116474<open>)]
2026-08-17 23:41:15 - o.s.orm.jpa.JpaTransactionManager - Not closing pre-bound JPA EntityManager after transaction
2026-08-17 23:41:15 - o.s.o.j.s.OpenEntityManagerInViewInterceptor - Closing JPA EntityManager in OpenEntityManagerInViewInterceptor
2026-08-17 23:41:15 - org.hibernate.session.metrics - HHH000401: Logging session metrics:
	1176939 ns acquiring 2 JDBC connections
	46942 ns releasing 1 JDBC connections
	2930119 ns preparing 3 JDBC statements
	9848597 ns executing 3 JDBC statements
	0 ns executing 0 JDBC batches
	0 ns performing 0 second-level cache puts
	0 ns performing 0 second-level cache hits
	0 ns performing 0 second-level cache misses
	24148293 ns executing 1 flushes (flushing a total of 1 entities and 0 collections)
	0 ns executing 0 pre-partial-flushes
	0 ns executing 0 partial-flushes (flushing a total of 0 entities and 0 collections)

2026-08-17 23:41:15 - o.s.web.servlet.DispatcherServlet - Failed to complete request: org.springframework.dao.InvalidDataAccessResourceUsageException: could not execute statement [Unknown column 'expense_date_time' in 'field list'] [insert into expense (amount,expense_date_time,spend_on,id) values (?,?,?,?)]; SQL [insert into expense (amount,expense_date_time,spend_on,id) values (?,?,?,?)]
2026-08-17 23:41:15 - o.a.c.c.C.[.[.[.[dispatcherServlet] - Servlet.service() for servlet [dispatcherServlet] in context with path [] threw exception [Request processing failed: org.springframework.dao.InvalidDataAccessResourceUsageException: could not execute statement [Unknown column 'expense_date_time' in 'field list'] [insert into expense (amount,expense_date_time,spend_on,id) values (?,?,?,?)]; SQL [insert into expense (amount,expense_date_time,spend_on,id) values (?,?,?,?)]] with root cause
java.sql.SQLSyntaxErrorException: Unknown column 'expense_date_time' in 'field list'
	at com.mysql.cj.jdbc.exceptions.SQLError.createSQLException(SQLError.java:112)
	at com.mysql.cj.jdbc.exceptions.SQLExceptionsMapping.translateException(SQLExceptionsMapping.java:114)
	at com.mysql.cj.jdbc.ClientPreparedStatement.executeInternal(ClientPreparedStatement.java:988)
	at com.mysql.cj.jdbc.ClientPreparedStatement.executeUpdateInternal(ClientPreparedStatement.java:1166)
	at com.mysql.cj.jdbc.ClientPreparedStatement.executeUpdateInternal(ClientPreparedStatement.java:1101)
	at com.mysql.cj.jdbc.ClientPreparedStatement.executeLargeUpdate(ClientPreparedStatement.java:1448)
	at com.mysql.cj.jdbc.ClientPreparedStatement.executeUpdate(ClientPreparedStatement.java:1084)
	at com.zaxxer.hikari.pool.ProxyPreparedStatement.executeUpdate(ProxyPreparedStatement.java:61)
	at com.zaxxer.hikari.pool.HikariProxyPreparedStatement.executeUpdate(HikariProxyPreparedStatement.java)
	at org.hibernate.engine.jdbc.internal.ResultSetReturnImpl.executeUpdate(ResultSetReturnImpl.java:185)
	at org.hibernate.engine.jdbc.mutation.internal.AbstractMutationExecutor.performNonBatchedMutation(AbstractMutationExecutor.java:145)
	at org.hibernate.engine.jdbc.mutation.internal.MutationExecutorSingleNonBatched.performNonBatchedOperations(MutationExecutorSingleNonBatched.java:53)
	at org.hibernate.engine.jdbc.mutation.internal.AbstractMutationExecutor.execute(AbstractMutationExecutor.java:65)
	at org.hibernate.engine.jdbc.mutation.internal.AbstractMutationExecutor.execute(AbstractMutationExecutor.java:54)
	at org.hibernate.persister.entity.mutation.InsertCoordinatorStandard.doStaticInserts(InsertCoordinatorStandard.java:183)
	at org.hibernate.persister.entity.mutation.InsertCoordinatorStandard.coordinateInsert(InsertCoordinatorStandard.java:123)
	at org.hibernate.persister.entity.mutation.InsertCoordinatorStandard.insert(InsertCoordinatorStandard.java:96)
	at org.hibernate.action.internal.EntityInsertAction.execute(EntityInsertAction.java:108)
	at org.hibernate.engine.spi.ActionQueue.executeActions(ActionQueue.java:634)
	at org.hibernate.engine.spi.ActionQueue.executeActions(ActionQueue.java:505)
	at org.hibernate.event.internal.AbstractFlushingEventListener.performExecutions(AbstractFlushingEventListener.java:381)
	at org.hibernate.event.internal.DefaultFlushEventListener.onFlush(DefaultFlushEventListener.java:40)
	at org.hibernate.event.service.internal.EventListenerGroupImpl.fireEventOnEachListener(EventListenerGroupImpl.java:138)
	at org.hibernate.internal.SessionImpl.fireFlush(SessionImpl.java:1458)
	at org.hibernate.internal.SessionImpl.managedFlush(SessionImpl.java:484)
	at org.hibernate.internal.SessionImpl.flushBeforeTransactionCompletion(SessionImpl.java:2086)
	at org.hibernate.internal.SessionImpl.beforeTransactionCompletion(SessionImpl.java:2007)
	at org.hibernate.engine.jdbc.internal.JdbcCoordinatorImpl.beforeTransactionCompletion(JdbcCoordinatorImpl.java:426)
	at org.hibernate.resource.transaction.backend.jdbc.internal.JdbcResourceLocalTransactionCoordinatorImpl.beforeCompletionCallback(JdbcResourceLocalTransactionCoordinatorImpl.java:167)
	at org.hibernate.resource.transaction.backend.jdbc.internal.JdbcResourceLocalTransactionCoordinatorImpl$TransactionDriverControlImpl.commitNoRollbackOnly(JdbcResourceLocalTransactionCoordinatorImpl.java:252)
	at org.hibernate.resource.transaction.backend.jdbc.internal.JdbcResourceLocalTransactionCoordinatorImpl$TransactionDriverControlImpl.commit(JdbcResourceLocalTransactionCoordinatorImpl.java:242)
	at org.hibernate.engine.transaction.internal.TransactionImpl.commit(TransactionImpl.java:89)
	at org.springframework.orm.jpa.JpaTransactionManager.doCommit(JpaTransactionManager.java:552)
	at org.springframework.transaction.support.AbstractPlatformTransactionManager.processCommit(AbstractPlatformTransactionManager.java:794)
	at org.springframework.transaction.support.AbstractPlatformTransactionManager.commit(AbstractPlatformTransactionManager.java:757)
	at org.springframework.transaction.interceptor.TransactionAspectSupport.commitTransactionAfterReturning(TransactionAspectSupport.java:687)
	at org.springframework.transaction.interceptor.TransactionAspectSupport.invokeWithinTransaction(TransactionAspectSupport.java:408)
	at org.springframework.transaction.interceptor.TransactionInterceptor.invoke(TransactionInterceptor.java:130)
	at org.springframework.aop.framework.ReflectiveMethodInvocation.proceed(ReflectiveMethodInvocation.java:179)
	at org.springframework.dao.support.PersistenceExceptionTranslationInterceptor.invoke(PersistenceExceptionTranslationInterceptor.java:135)
	at org.springframework.aop.framework.ReflectiveMethodInvocation.proceed(ReflectiveMethodInvocation.java:179)
	at org.springframework.data.jpa.repository.support.CrudMethodMetadataPostProcessor$CrudMethodMetadataPopulatingMethodInterceptor.invoke(CrudMethodMetadataPostProcessor.java:166)
	at org.springframework.aop.framework.ReflectiveMethodInvocation.proceed(ReflectiveMethodInvocation.java:179)
	at org.springframework.aop.framework.JdkDynamicAopProxy.invoke(JdkDynamicAopProxy.java:222)
	at jdk.proxy2/jdk.proxy2.$Proxy121.save(Unknown Source)
	at com.rakesh.ExpenseTracker.service.ExpenseServiceImpl.saveData(ExpenseServiceImpl.java:41)
	at com.rakesh.ExpenseTracker.controller.ExpenseController.saveExpense(ExpenseController.java:36)
	at java.base/jdk.internal.reflect.DirectMethodHandleAccessor.invoke(DirectMethodHandleAccessor.java:104)
	at java.base/java.lang.reflect.Method.invoke(Method.java:565)
	at org.springframework.web.method.support.InvocableHandlerMethod.doInvoke(InvocableHandlerMethod.java:252)
	at org.springframework.web.method.support.InvocableHandlerMethod.invokeForRequest(InvocableHandlerMethod.java:184)
	at org.springframework.web.servlet.mvc.method.annotation.ServletInvocableHandlerMethod.invokeAndHandle(ServletInvocableHandlerMethod.java:117)
	at org.springframework.web.servlet.mvc.method.annotation.RequestMappingHandlerAdapter.invokeHandlerMethod(RequestMappingHandlerAdapter.java:934)
	at org.springframework.web.servlet.mvc.method.annotation.RequestMappingHandlerAdapter.handleInternal(RequestMappingHandlerAdapter.java:853)
	at org.springframework.web.servlet.mvc.method.AbstractHandlerMethodAdapter.handle(AbstractHandlerMethodAdapter.java:86)
	at org.springframework.web.servlet.DispatcherServlet.doDispatch(DispatcherServlet.java:963)
	at org.springframework.web.servlet.DispatcherServlet.doService(DispatcherServlet.java:866)
	at org.springframework.web.servlet.FrameworkServlet.processRequest(FrameworkServlet.java:1000)
	at org.springframework.web.servlet.FrameworkServlet.doPost(FrameworkServlet.java:903)
	at jakarta.servlet.http.HttpServlet.service(HttpServlet.java:649)
	at org.springframework.web.servlet.FrameworkServlet.service(FrameworkServlet.java:874)
	at jakarta.servlet.http.HttpServlet.service(HttpServlet.java:710)
	at org.apache.catalina.core.ApplicationFilterChain.doFilter(ApplicationFilterChain.java:128)
	at org.apache.tomcat.websocket.server.WsFilter.doFilter(WsFilter.java:53)
	at org.apache.catalina.core.ApplicationFilterChain.doFilter(ApplicationFilterChain.java:107)
	at org.springframework.web.filter.RequestContextFilter.doFilterInternal(RequestContextFilter.java:100)
	at org.springframework.web.filter.OncePerRequestFilter.doFilter(OncePerRequestFilter.java:116)
	at org.apache.catalina.core.ApplicationFilterChain.doFilter(ApplicationFilterChain.java:107)
	at org.springframework.web.filter.FormContentFilter.doFilterInternal(FormContentFilter.java:93)
	at org.springframework.web.filter.OncePerRequestFilter.doFilter(OncePerRequestFilter.java:116)
	at org.apache.catalina.core.ApplicationFilterChain.doFilter(ApplicationFilterChain.java:107)
	at org.springframework.web.filter.CharacterEncodingFilter.doFilterInternal(CharacterEncodingFilter.java:199)
	at org.springframework.web.filter.OncePerRequestFilter.doFilter(OncePerRequestFilter.java:116)
	at org.apache.catalina.core.ApplicationFilterChain.doFilter(ApplicationFilterChain.java:107)
	at org.apache.catalina.core.StandardWrapperValve.invoke(StandardWrapperValve.java:165)
	at org.apache.catalina.core.StandardContextValve.invoke(StandardContextValve.java:77)
	at org.apache.catalina.authenticator.AuthenticatorBase.invoke(AuthenticatorBase.java:492)
	at org.apache.catalina.core.StandardHostValve.invoke(StandardHostValve.java:113)
	at org.apache.catalina.valves.ErrorReportValve.invoke(ErrorReportValve.java:83)
	at org.apache.catalina.core.StandardEngineValve.invoke(StandardEngineValve.java:72)
	at org.apache.catalina.connector.CoyoteAdapter.service(CoyoteAdapter.java:341)
	at org.apache.coyote.http11.Http11Processor.service(Http11Processor.java:397)
	at org.apache.coyote.AbstractProcessorLight.process(AbstractProcessorLight.java:63)
	at org.apache.coyote.AbstractProtocol$ConnectionHandler.process(AbstractProtocol.java:1272)
	at org.apache.tomcat.util.net.NioEndpoint$SocketProcessor.doRun(NioEndpoint.java:1801)
	at org.apache.tomcat.util.net.SocketProcessorBase.run(SocketProcessorBase.java:52)
	at org.apache.tomcat.util.threads.ThreadPoolExecutor.runWorker(ThreadPoolExecutor.java:946)
	at org.apache.tomcat.util.threads.ThreadPoolExecutor$Worker.run(ThreadPoolExecutor.java:480)
	at org.apache.tomcat.util.threads.TaskThread$WrappingRunnable.run(TaskThread.java:57)
	at java.base/java.lang.Thread.run(Thread.java:1474)
2026-08-17 23:41:15 - o.s.web.servlet.DispatcherServlet - "ERROR" dispatch for GET "/error", parameters={}
2026-08-17 23:41:15 - o.s.w.s.m.m.a.RequestMappingHandlerMapping - Mapped to org.springframework.boot.webmvc.autoconfigure.error.BasicErrorController#error(HttpServletRequest)
2026-08-17 23:41:15 - o.s.o.j.s.OpenEntityManagerInViewInterceptor - Opening JPA EntityManager in OpenEntityManagerInViewInterceptor
2026-08-17 23:41:15 - org.hibernate.orm.core - HHH006588: Opening session [tenant=null]
2026-08-17 23:41:15 - o.s.w.s.m.m.a.HttpEntityMethodProcessor - Using 'application/json', given [*/*] and supported [application/json, application/*+json]
2026-08-17 23:41:15 - o.s.w.s.m.m.a.HttpEntityMethodProcessor - Writing [{timestamp=Mon Aug 17 23:41:15 IST 2026, status=500, error=Internal Server Error, path=/Expense}]
2026-08-17 23:41:15 - o.s.o.j.s.OpenEntityManagerInViewInterceptor - Closing JPA EntityManager in OpenEntityManagerInViewInterceptor
2026-08-17 23:41:15 - org.hibernate.session.metrics - HHH000401: Logging session metrics:
	0 ns acquiring 0 JDBC connections
	0 ns releasing 0 JDBC connections
	0 ns preparing 0 JDBC statements
	0 ns executing 0 JDBC statements
	0 ns executing 0 JDBC batches
	0 ns performing 0 second-level cache puts
	0 ns performing 0 second-level cache hits
	0 ns performing 0 second-level cache misses
	0 ns executing 0 flushes (flushing a total of 0 entities and 0 collections)
	0 ns executing 0 pre-partial-flushes
	0 ns executing 0 partial-flushes (flushing a total of 0 entities and 0 collections)

2026-08-17 23:41:15 - o.s.web.servlet.DispatcherServlet - Exiting from "ERROR" dispatch, status 500
2026-08-17 23:41:22 - o.s.web.servlet.DispatcherServlet - GET "/Expense", parameters={}
2026-08-17 23:41:22 - o.s.w.s.m.m.a.RequestMappingHandlerMapping - Mapped to com.rakesh.ExpenseTracker.controller.ExpenseController#getAllExpenses()
2026-08-17 23:41:22 - o.s.o.j.s.OpenEntityManagerInViewInterceptor - Opening JPA EntityManager in OpenEntityManagerInViewInterceptor
2026-08-17 23:41:22 - org.hibernate.orm.core - HHH006588: Opening session [tenant=null]
2026-08-17 23:41:22 - c.r.E.controller.ExpenseController - getAllExpanses Controller entered
2026-08-17 23:41:22 - o.s.orm.jpa.JpaTransactionManager - Found thread-bound EntityManager [SessionImpl(1832326439<open>)] for JPA transaction
2026-08-17 23:41:22 - o.s.orm.jpa.JpaTransactionManager - Creating new transaction with name [org.springframework.data.jpa.repository.support.SimpleJpaRepository.findAll]: PROPAGATION_REQUIRED,ISOLATION_DEFAULT,readOnly
2026-08-17 23:41:22 - o.s.jdbc.datasource.DataSourceUtils - Setting JDBC Connection [HikariProxyConnection@260347155 wrapping com.mysql.cj.jdbc.ConnectionImpl@7286827b] read-only
2026-08-17 23:41:22 - org.hibernate.orm.core - HHH006583: Beginning transaction
2026-08-17 23:41:22 - o.s.orm.jpa.JpaTransactionManager - Exposing JPA transaction as JDBC [org.springframework.orm.jpa.vendor.HibernateJpaDialect$HibernateConnectionHandle@46acbdc6]
2026-08-17 23:41:22 - org.hibernate.SQL - 
    select
        e1_0.id,
        e1_0.amount,
        e1_0.expense_date_time,
        e1_0.spend_on 
    from
        expense e1_0
2026-08-17 23:41:22 - org.hibernate.orm.jdbc.error - HHH000247: ErrorCode: 1054, SQLState: 42S22
2026-08-17 23:41:22 - org.hibernate.orm.jdbc.error - Unknown column 'e1_0.expense_date_time' in 'field list'
2026-08-17 23:41:22 - org.hibernate.orm.jdbc.error - JDBC exception executing SQL [select e1_0.id,e1_0.amount,e1_0.expense_date_time,e1_0.spend_on from expense e1_0]
java.sql.SQLSyntaxErrorException: Unknown column 'e1_0.expense_date_time' in 'field list'
	at com.mysql.cj.jdbc.exceptions.SQLError.createSQLException(SQLError.java:112)
	at com.mysql.cj.jdbc.exceptions.SQLExceptionsMapping.translateException(SQLExceptionsMapping.java:114)
	at com.mysql.cj.jdbc.ClientPreparedStatement.executeInternal(ClientPreparedStatement.java:988)
	at com.mysql.cj.jdbc.ClientPreparedStatement.executeQuery(ClientPreparedStatement.java:1056)
	at com.zaxxer.hikari.pool.ProxyPreparedStatement.executeQuery(ProxyPreparedStatement.java:52)
	at com.zaxxer.hikari.pool.HikariProxyPreparedStatement.executeQuery(HikariProxyPreparedStatement.java)
	at org.hibernate.sql.results.jdbc.internal.DeferredResultSetAccess.executeQuery(DeferredResultSetAccess.java:269)
	at org.hibernate.sql.results.jdbc.internal.DeferredResultSetAccess.getResultSet(DeferredResultSetAccess.java:188)
	at org.hibernate.sql.results.jdbc.internal.JdbcValuesResultSetImpl.<init>(JdbcValuesResultSetImpl.java:71)
	at org.hibernate.sql.exec.internal.JdbcSelectExecutorStandardImpl.resolveJdbcValues(JdbcSelectExecutorStandardImpl.java:422)
	at org.hibernate.sql.exec.internal.JdbcSelectExecutorStandardImpl.resolveJdbcValuesSource(JdbcSelectExecutorStandardImpl.java:349)
	at org.hibernate.sql.exec.internal.JdbcSelectExecutorStandardImpl.doExecuteQuery(JdbcSelectExecutorStandardImpl.java:143)
	at org.hibernate.sql.exec.internal.JdbcSelectExecutorStandardImpl.executeQuery(JdbcSelectExecutorStandardImpl.java:100)
	at org.hibernate.sql.exec.spi.JdbcSelectExecutor.executeQuery(JdbcSelectExecutor.java:63)
	at org.hibernate.sql.exec.spi.JdbcSelectExecutor.list(JdbcSelectExecutor.java:137)
	at org.hibernate.query.sqm.internal.ConcreteSqmSelectQueryPlan.lambda$new$1(ConcreteSqmSelectQueryPlan.java:136)
	at org.hibernate.query.sqm.internal.ConcreteSqmSelectQueryPlan.withCacheableSqmInterpretation(ConcreteSqmSelectQueryPlan.java:484)
	at org.hibernate.query.sqm.internal.ConcreteSqmSelectQueryPlan.performList(ConcreteSqmSelectQueryPlan.java:411)
	at org.hibernate.query.sqm.internal.SqmQueryImpl.doList(SqmQueryImpl.java:379)
	at org.hibernate.query.spi.AbstractSelectionQuery.list(AbstractSelectionQuery.java:153)
	at org.hibernate.query.Query.getResultList(Query.java:121)
	at org.springframework.data.jpa.repository.support.SimpleJpaRepository.findAll(SimpleJpaRepository.java:412)
	at java.base/jdk.internal.reflect.DirectMethodHandleAccessor.invoke(DirectMethodHandleAccessor.java:104)
	at java.base/java.lang.reflect.Method.invoke(Method.java:565)
	at org.springframework.aop.support.AopUtils.invokeJoinpointUsingReflection(AopUtils.java:359)
	at org.springframework.data.repository.core.support.RepositoryMethodInvoker$RepositoryFragmentMethodInvoker.lambda$new$0(RepositoryMethodInvoker.java:278)
	at org.springframework.data.repository.core.support.RepositoryMethodInvoker.doInvoke(RepositoryMethodInvoker.java:169)
	at org.springframework.data.repository.core.support.RepositoryMethodInvoker.invoke(RepositoryMethodInvoker.java:158)
	at org.springframework.data.repository.core.support.RepositoryComposition$RepositoryFragments.invoke(RepositoryComposition.java:545)
	at org.springframework.data.repository.core.support.RepositoryComposition.invoke(RepositoryComposition.java:290)
	at org.springframework.data.repository.core.support.RepositoryFactorySupport$ImplementationMethodExecutionInterceptor.invoke(RepositoryFactorySupport.java:690)
	at org.springframework.aop.framework.ReflectiveMethodInvocation.proceed(ReflectiveMethodInvocation.java:179)
	at org.springframework.data.repository.core.support.QueryExecutorMethodInterceptor.doInvoke(QueryExecutorMethodInterceptor.java:171)
	at org.springframework.data.repository.core.support.QueryExecutorMethodInterceptor.invoke(QueryExecutorMethodInterceptor.java:146)
	at org.springframework.aop.framework.ReflectiveMethodInvocation.proceed(ReflectiveMethodInvocation.java:179)
	at org.springframework.data.projection.DefaultMethodInvokingMethodInterceptor.invoke(DefaultMethodInvokingMethodInterceptor.java:69)
	at org.springframework.aop.framework.ReflectiveMethodInvocation.proceed(ReflectiveMethodInvocation.java:179)
	at org.springframework.transaction.interceptor.TransactionInterceptor$1.proceedWithInvocation(TransactionInterceptor.java:133)
	at org.springframework.transaction.interceptor.TransactionAspectSupport.invokeWithinTransaction(TransactionAspectSupport.java:371)
	at org.springframework.transaction.interceptor.TransactionInterceptor.invoke(TransactionInterceptor.java:130)
	at org.springframework.aop.framework.ReflectiveMethodInvocation.proceed(ReflectiveMethodInvocation.java:179)
	at org.springframework.dao.support.PersistenceExceptionTranslationInterceptor.invoke(PersistenceExceptionTranslationInterceptor.java:135)
	at org.springframework.aop.framework.ReflectiveMethodInvocation.proceed(ReflectiveMethodInvocation.java:179)
	at org.springframework.data.jpa.repository.support.CrudMethodMetadataPostProcessor$CrudMethodMetadataPopulatingMethodInterceptor.invoke(CrudMethodMetadataPostProcessor.java:166)
	at org.springframework.aop.framework.ReflectiveMethodInvocation.proceed(ReflectiveMethodInvocation.java:179)
	at org.springframework.aop.framework.JdkDynamicAopProxy.invoke(JdkDynamicAopProxy.java:222)
	at jdk.proxy2/jdk.proxy2.$Proxy121.findAll(Unknown Source)
	at com.rakesh.ExpenseTracker.service.ExpenseServiceImpl.getAllData(ExpenseServiceImpl.java:21)
	at com.rakesh.ExpenseTracker.controller.ExpenseController.getAllExpenses(ExpenseController.java:29)
	at java.base/jdk.internal.reflect.DirectMethodHandleAccessor.invoke(DirectMethodHandleAccessor.java:104)
	at java.base/java.lang.reflect.Method.invoke(Method.java:565)
	at org.springframework.web.method.support.InvocableHandlerMethod.doInvoke(InvocableHandlerMethod.java:252)
	at org.springframework.web.method.support.InvocableHandlerMethod.invokeForRequest(InvocableHandlerMethod.java:184)
	at org.springframework.web.servlet.mvc.method.annotation.ServletInvocableHandlerMethod.invokeAndHandle(ServletInvocableHandlerMethod.java:117)
	at org.springframework.web.servlet.mvc.method.annotation.RequestMappingHandlerAdapter.invokeHandlerMethod(RequestMappingHandlerAdapter.java:934)
	at org.springframework.web.servlet.mvc.method.annotation.RequestMappingHandlerAdapter.handleInternal(RequestMappingHandlerAdapter.java:853)
	at org.springframework.web.servlet.mvc.method.AbstractHandlerMethodAdapter.handle(AbstractHandlerMethodAdapter.java:86)
	at org.springframework.web.servlet.DispatcherServlet.doDispatch(DispatcherServlet.java:963)
	at org.springframework.web.servlet.DispatcherServlet.doService(DispatcherServlet.java:866)
	at org.springframework.web.servlet.FrameworkServlet.processRequest(FrameworkServlet.java:1000)
	at org.springframework.web.servlet.FrameworkServlet.doGet(FrameworkServlet.java:892)
	at jakarta.servlet.http.HttpServlet.service(HttpServlet.java:622)
	at org.springframework.web.servlet.FrameworkServlet.service(FrameworkServlet.java:874)
	at jakarta.servlet.http.HttpServlet.service(HttpServlet.java:710)
	at org.apache.catalina.core.ApplicationFilterChain.doFilter(ApplicationFilterChain.java:128)
	at org.apache.tomcat.websocket.server.WsFilter.doFilter(WsFilter.java:53)
	at org.apache.catalina.core.ApplicationFilterChain.doFilter(ApplicationFilterChain.java:107)
	at org.springframework.web.filter.RequestContextFilter.doFilterInternal(RequestContextFilter.java:100)
	at org.springframework.web.filter.OncePerRequestFilter.doFilter(OncePerRequestFilter.java:116)
	at org.apache.catalina.core.ApplicationFilterChain.doFilter(ApplicationFilterChain.java:107)
	at org.springframework.web.filter.FormContentFilter.doFilterInternal(FormContentFilter.java:93)
	at org.springframework.web.filter.OncePerRequestFilter.doFilter(OncePerRequestFilter.java:116)
	at org.apache.catalina.core.ApplicationFilterChain.doFilter(ApplicationFilterChain.java:107)
	at org.springframework.web.filter.CharacterEncodingFilter.doFilterInternal(CharacterEncodingFilter.java:199)
	at org.springframework.web.filter.OncePerRequestFilter.doFilter(OncePerRequestFilter.java:116)
	at org.apache.catalina.core.ApplicationFilterChain.doFilter(ApplicationFilterChain.java:107)
	at org.apache.catalina.core.StandardWrapperValve.invoke(StandardWrapperValve.java:165)
	at org.apache.catalina.core.StandardContextValve.invoke(StandardContextValve.java:77)
	at org.apache.catalina.authenticator.AuthenticatorBase.invoke(AuthenticatorBase.java:492)
	at org.apache.catalina.core.StandardHostValve.invoke(StandardHostValve.java:113)
	at org.apache.catalina.valves.ErrorReportValve.invoke(ErrorReportValve.java:83)
	at org.apache.catalina.core.StandardEngineValve.invoke(StandardEngineValve.java:72)
	at org.apache.catalina.connector.CoyoteAdapter.service(CoyoteAdapter.java:341)
	at org.apache.coyote.http11.Http11Processor.service(Http11Processor.java:397)
	at org.apache.coyote.AbstractProcessorLight.process(AbstractProcessorLight.java:63)
	at org.apache.coyote.AbstractProtocol$ConnectionHandler.process(AbstractProtocol.java:1272)
	at org.apache.tomcat.util.net.NioEndpoint$SocketProcessor.doRun(NioEndpoint.java:1801)
	at org.apache.tomcat.util.net.SocketProcessorBase.run(SocketProcessorBase.java:52)
	at org.apache.tomcat.util.threads.ThreadPoolExecutor.runWorker(ThreadPoolExecutor.java:946)
	at org.apache.tomcat.util.threads.ThreadPoolExecutor$Worker.run(ThreadPoolExecutor.java:480)
	at org.apache.tomcat.util.threads.TaskThread$WrappingRunnable.run(TaskThread.java:57)
	at java.base/java.lang.Thread.run(Thread.java:1474)
2026-08-17 23:41:22 - o.s.orm.jpa.JpaTransactionManager - Initiating transaction rollback
2026-08-17 23:41:22 - o.s.orm.jpa.JpaTransactionManager - Rolling back JPA transaction on EntityManager [SessionImpl(1832326439<open>)]
2026-08-17 23:41:22 - org.hibernate.orm.core - HHH006585: Rolling back transaction
2026-08-17 23:41:22 - o.s.jdbc.datasource.DataSourceUtils - Resetting read-only flag of JDBC Connection [HikariProxyConnection@260347155 wrapping com.mysql.cj.jdbc.ConnectionImpl@7286827b]
2026-08-17 23:41:22 - o.s.orm.jpa.JpaTransactionManager - Not closing pre-bound JPA EntityManager after transaction
2026-08-17 23:41:22 - o.s.o.j.s.OpenEntityManagerInViewInterceptor - Closing JPA EntityManager in OpenEntityManagerInViewInterceptor
2026-08-17 23:41:22 - org.hibernate.session.metrics - HHH000401: Logging session metrics:
	382873 ns acquiring 1 JDBC connections
	0 ns releasing 0 JDBC connections
	172830 ns preparing 1 JDBC statements
	748278 ns executing 1 JDBC statements
	0 ns executing 0 JDBC batches
	0 ns performing 0 second-level cache puts
	0 ns performing 0 second-level cache hits
	0 ns performing 0 second-level cache misses
	0 ns executing 0 flushes (flushing a total of 0 entities and 0 collections)
	150197 ns executing 1 pre-partial-flushes
	138373 ns executing 1 partial-flushes (flushing a total of 0 entities and 0 collections)

2026-08-17 23:41:22 - o.s.web.servlet.DispatcherServlet - Failed to complete request: org.springframework.dao.InvalidDataAccessResourceUsageException: JDBC exception executing SQL [Unknown column 'e1_0.expense_date_time' in 'field list'] [select e1_0.id,e1_0.amount,e1_0.expense_date_time,e1_0.spend_on from expense e1_0]; SQL [select e1_0.id,e1_0.amount,e1_0.expense_date_time,e1_0.spend_on from expense e1_0]
2026-08-17 23:41:22 - o.a.c.c.C.[.[.[.[dispatcherServlet] - Servlet.service() for servlet [dispatcherServlet] in context with path [] threw exception [Request processing failed: org.springframework.dao.InvalidDataAccessResourceUsageException: JDBC exception executing SQL [Unknown column 'e1_0.expense_date_time' in 'field list'] [select e1_0.id,e1_0.amount,e1_0.expense_date_time,e1_0.spend_on from expense e1_0]; SQL [select e1_0.id,e1_0.amount,e1_0.expense_date_time,e1_0.spend_on from expense e1_0]] with root cause
java.sql.SQLSyntaxErrorException: Unknown column 'e1_0.expense_date_time' in 'field list'
	at com.mysql.cj.jdbc.exceptions.SQLError.createSQLException(SQLError.java:112)
	at com.mysql.cj.jdbc.exceptions.SQLExceptionsMapping.translateException(SQLExceptionsMapping.java:114)
	at com.mysql.cj.jdbc.ClientPreparedStatement.executeInternal(ClientPreparedStatement.java:988)
	at com.mysql.cj.jdbc.ClientPreparedStatement.executeQuery(ClientPreparedStatement.java:1056)
	at com.zaxxer.hikari.pool.ProxyPreparedStatement.executeQuery(ProxyPreparedStatement.java:52)
	at com.zaxxer.hikari.pool.HikariProxyPreparedStatement.executeQuery(HikariProxyPreparedStatement.java)
	at org.hibernate.sql.results.jdbc.internal.DeferredResultSetAccess.executeQuery(DeferredResultSetAccess.java:269)
	at org.hibernate.sql.results.jdbc.internal.DeferredResultSetAccess.getResultSet(DeferredResultSetAccess.java:188)
	at org.hibernate.sql.results.jdbc.internal.JdbcValuesResultSetImpl.<init>(JdbcValuesResultSetImpl.java:71)
	at org.hibernate.sql.exec.internal.JdbcSelectExecutorStandardImpl.resolveJdbcValues(JdbcSelectExecutorStandardImpl.java:422)
	at org.hibernate.sql.exec.internal.JdbcSelectExecutorStandardImpl.resolveJdbcValuesSource(JdbcSelectExecutorStandardImpl.java:349)
	at org.hibernate.sql.exec.internal.JdbcSelectExecutorStandardImpl.doExecuteQuery(JdbcSelectExecutorStandardImpl.java:143)
	at org.hibernate.sql.exec.internal.JdbcSelectExecutorStandardImpl.executeQuery(JdbcSelectExecutorStandardImpl.java:100)
	at org.hibernate.sql.exec.spi.JdbcSelectExecutor.executeQuery(JdbcSelectExecutor.java:63)
	at org.hibernate.sql.exec.spi.JdbcSelectExecutor.list(JdbcSelectExecutor.java:137)
	at org.hibernate.query.sqm.internal.ConcreteSqmSelectQueryPlan.lambda$new$1(ConcreteSqmSelectQueryPlan.java:136)
	at org.hibernate.query.sqm.internal.ConcreteSqmSelectQueryPlan.withCacheableSqmInterpretation(ConcreteSqmSelectQueryPlan.java:484)
	at org.hibernate.query.sqm.internal.ConcreteSqmSelectQueryPlan.performList(ConcreteSqmSelectQueryPlan.java:411)
	at org.hibernate.query.sqm.internal.SqmQueryImpl.doList(SqmQueryImpl.java:379)
	at org.hibernate.query.spi.AbstractSelectionQuery.list(AbstractSelectionQuery.java:153)
	at org.hibernate.query.Query.getResultList(Query.java:121)
	at org.springframework.data.jpa.repository.support.SimpleJpaRepository.findAll(SimpleJpaRepository.java:412)
	at java.base/jdk.internal.reflect.DirectMethodHandleAccessor.invoke(DirectMethodHandleAccessor.java:104)
	at java.base/java.lang.reflect.Method.invoke(Method.java:565)
	at org.springframework.aop.support.AopUtils.invokeJoinpointUsingReflection(AopUtils.java:359)
	at org.springframework.data.repository.core.support.RepositoryMethodInvoker$RepositoryFragmentMethodInvoker.lambda$new$0(RepositoryMethodInvoker.java:278)
	at org.springframework.data.repository.core.support.RepositoryMethodInvoker.doInvoke(RepositoryMethodInvoker.java:169)
	at org.springframework.data.repository.core.support.RepositoryMethodInvoker.invoke(RepositoryMethodInvoker.java:158)
	at org.springframework.data.repository.core.support.RepositoryComposition$RepositoryFragments.invoke(RepositoryComposition.java:545)
	at org.springframework.data.repository.core.support.RepositoryComposition.invoke(RepositoryComposition.java:290)
	at org.springframework.data.repository.core.support.RepositoryFactorySupport$ImplementationMethodExecutionInterceptor.invoke(RepositoryFactorySupport.java:690)
	at org.springframework.aop.framework.ReflectiveMethodInvocation.proceed(ReflectiveMethodInvocation.java:179)
	at org.springframework.data.repository.core.support.QueryExecutorMethodInterceptor.doInvoke(QueryExecutorMethodInterceptor.java:171)
	at org.springframework.data.repository.core.support.QueryExecutorMethodInterceptor.invoke(QueryExecutorMethodInterceptor.java:146)
	at org.springframework.aop.framework.ReflectiveMethodInvocation.proceed(ReflectiveMethodInvocation.java:179)
	at org.springframework.data.projection.DefaultMethodInvokingMethodInterceptor.invoke(DefaultMethodInvokingMethodInterceptor.java:69)
	at org.springframework.aop.framework.ReflectiveMethodInvocation.proceed(ReflectiveMethodInvocation.java:179)
	at org.springframework.transaction.interceptor.TransactionInterceptor$1.proceedWithInvocation(TransactionInterceptor.java:133)
	at org.springframework.transaction.interceptor.TransactionAspectSupport.invokeWithinTransaction(TransactionAspectSupport.java:371)
	at org.springframework.transaction.interceptor.TransactionInterceptor.invoke(TransactionInterceptor.java:130)
	at org.springframework.aop.framework.ReflectiveMethodInvocation.proceed(ReflectiveMethodInvocation.java:179)
	at org.springframework.dao.support.PersistenceExceptionTranslationInterceptor.invoke(PersistenceExceptionTranslationInterceptor.java:135)
	at org.springframework.aop.framework.ReflectiveMethodInvocation.proceed(ReflectiveMethodInvocation.java:179)
	at org.springframework.data.jpa.repository.support.CrudMethodMetadataPostProcessor$CrudMethodMetadataPopulatingMethodInterceptor.invoke(CrudMethodMetadataPostProcessor.java:166)
	at org.springframework.aop.framework.ReflectiveMethodInvocation.proceed(ReflectiveMethodInvocation.java:179)
	at org.springframework.aop.framework.JdkDynamicAopProxy.invoke(JdkDynamicAopProxy.java:222)
	at jdk.proxy2/jdk.proxy2.$Proxy121.findAll(Unknown Source)
	at com.rakesh.ExpenseTracker.service.ExpenseServiceImpl.getAllData(ExpenseServiceImpl.java:21)
	at com.rakesh.ExpenseTracker.controller.ExpenseController.getAllExpenses(ExpenseController.java:29)
	at java.base/jdk.internal.reflect.DirectMethodHandleAccessor.invoke(DirectMethodHandleAccessor.java:104)
	at java.base/java.lang.reflect.Method.invoke(Method.java:565)
	at org.springframework.web.method.support.InvocableHandlerMethod.doInvoke(InvocableHandlerMethod.java:252)
	at org.springframework.web.method.support.InvocableHandlerMethod.invokeForRequest(InvocableHandlerMethod.java:184)
	at org.springframework.web.servlet.mvc.method.annotation.ServletInvocableHandlerMethod.invokeAndHandle(ServletInvocableHandlerMethod.java:117)
	at org.springframework.web.servlet.mvc.method.annotation.RequestMappingHandlerAdapter.invokeHandlerMethod(RequestMappingHandlerAdapter.java:934)
	at org.springframework.web.servlet.mvc.method.annotation.RequestMappingHandlerAdapter.handleInternal(RequestMappingHandlerAdapter.java:853)
	at org.springframework.web.servlet.mvc.method.AbstractHandlerMethodAdapter.handle(AbstractHandlerMethodAdapter.java:86)
	at org.springframework.web.servlet.DispatcherServlet.doDispatch(DispatcherServlet.java:963)
	at org.springframework.web.servlet.DispatcherServlet.doService(DispatcherServlet.java:866)
	at org.springframework.web.servlet.FrameworkServlet.processRequest(FrameworkServlet.java:1000)
	at org.springframework.web.servlet.FrameworkServlet.doGet(FrameworkServlet.java:892)
	at jakarta.servlet.http.HttpServlet.service(HttpServlet.java:622)
	at org.springframework.web.servlet.FrameworkServlet.service(FrameworkServlet.java:874)
	at jakarta.servlet.http.HttpServlet.service(HttpServlet.java:710)
	at org.apache.catalina.core.ApplicationFilterChain.doFilter(ApplicationFilterChain.java:128)
	at org.apache.tomcat.websocket.server.WsFilter.doFilter(WsFilter.java:53)
	at org.apache.catalina.core.ApplicationFilterChain.doFilter(ApplicationFilterChain.java:107)
	at org.springframework.web.filter.RequestContextFilter.doFilterInternal(RequestContextFilter.java:100)
	at org.springframework.web.filter.OncePerRequestFilter.doFilter(OncePerRequestFilter.java:116)
	at org.apache.catalina.core.ApplicationFilterChain.doFilter(ApplicationFilterChain.java:107)
	at org.springframework.web.filter.FormContentFilter.doFilterInternal(FormContentFilter.java:93)
	at org.springframework.web.filter.OncePerRequestFilter.doFilter(OncePerRequestFilter.java:116)
	at org.apache.catalina.core.ApplicationFilterChain.doFilter(ApplicationFilterChain.java:107)
	at org.springframework.web.filter.CharacterEncodingFilter.doFilterInternal(CharacterEncodingFilter.java:199)
	at org.springframework.web.filter.OncePerRequestFilter.doFilter(OncePerRequestFilter.java:116)
	at org.apache.catalina.core.ApplicationFilterChain.doFilter(ApplicationFilterChain.java:107)
	at org.apache.catalina.core.StandardWrapperValve.invoke(StandardWrapperValve.java:165)
	at org.apache.catalina.core.StandardContextValve.invoke(StandardContextValve.java:77)
	at org.apache.catalina.authenticator.AuthenticatorBase.invoke(AuthenticatorBase.java:492)
	at org.apache.catalina.core.StandardHostValve.invoke(StandardHostValve.java:113)
	at org.apache.catalina.valves.ErrorReportValve.invoke(ErrorReportValve.java:83)
	at org.apache.catalina.core.StandardEngineValve.invoke(StandardEngineValve.java:72)
	at org.apache.catalina.connector.CoyoteAdapter.service(CoyoteAdapter.java:341)
	at org.apache.coyote.http11.Http11Processor.service(Http11Processor.java:397)
	at org.apache.coyote.AbstractProcessorLight.process(AbstractProcessorLight.java:63)
	at org.apache.coyote.AbstractProtocol$ConnectionHandler.process(AbstractProtocol.java:1272)
	at org.apache.tomcat.util.net.NioEndpoint$SocketProcessor.doRun(NioEndpoint.java:1801)
	at org.apache.tomcat.util.net.SocketProcessorBase.run(SocketProcessorBase.java:52)
	at org.apache.tomcat.util.threads.ThreadPoolExecutor.runWorker(ThreadPoolExecutor.java:946)
	at org.apache.tomcat.util.threads.ThreadPoolExecutor$Worker.run(ThreadPoolExecutor.java:480)
	at org.apache.tomcat.util.threads.TaskThread$WrappingRunnable.run(TaskThread.java:57)
	at java.base/java.lang.Thread.run(Thread.java:1474)
2026-08-17 23:41:22 - o.s.web.servlet.DispatcherServlet - "ERROR" dispatch for GET "/error", parameters={}
2026-08-17 23:41:22 - o.s.w.s.m.m.a.RequestMappingHandlerMapping - Mapped to org.springframework.boot.webmvc.autoconfigure.error.BasicErrorController#error(HttpServletRequest)
2026-08-17 23:41:22 - o.s.o.j.s.OpenEntityManagerInViewInterceptor - Opening JPA EntityManager in OpenEntityManagerInViewInterceptor
2026-08-17 23:41:22 - org.hibernate.orm.core - HHH006588: Opening session [tenant=null]
2026-08-17 23:41:22 - o.s.w.s.m.m.a.HttpEntityMethodProcessor - Using 'application/json', given [*/*] and supported [application/json, application/*+json]
2026-08-17 23:41:22 - o.s.w.s.m.m.a.HttpEntityMethodProcessor - Writing [{timestamp=Mon Aug 17 23:41:22 IST 2026, status=500, error=Internal Server Error, path=/Expense}]
2026-08-17 23:41:22 - o.s.o.j.s.OpenEntityManagerInViewInterceptor - Closing JPA EntityManager in OpenEntityManagerInViewInterceptor
2026-08-17 23:41:22 - org.hibernate.session.metrics - HHH000401: Logging session metrics:
	0 ns acquiring 0 JDBC connections
	0 ns releasing 0 JDBC connections
	0 ns preparing 0 JDBC statements
	0 ns executing 0 JDBC statements
	0 ns executing 0 JDBC batches
	0 ns performing 0 second-level cache puts
	0 ns performing 0 second-level cache hits
	0 ns performing 0 second-level cache misses
	0 ns executing 0 flushes (flushing a total of 0 entities and 0 collections)
	0 ns executing 0 pre-partial-flushes
	0 ns executing 0 partial-flushes (flushing a total of 0 entities and 0 collections)

2026-08-17 23:41:22 - o.s.web.servlet.DispatcherServlet - Exiting from "ERROR" dispatch, status 500
2026-08-17 23:41:39 - com.zaxxer.hikari.pool.HikariPool - HikariPool-1 - Pool stats (total=10/10, idle=10/10, active=0, waiting=0)
2026-08-17 23:41:39 - com.zaxxer.hikari.pool.HikariPool - HikariPool-1 - Fill pool skipped, pool has sufficient level or currently being filled.
2026-08-17 23:41:53 - o.s.b.a.ApplicationAvailabilityBean - Application availability state ReadinessState changed from ACCEPTING_TRAFFIC to REFUSING_TRAFFIC
2026-08-17 23:41:53 - o.s.b.w.s.s.c.AnnotationConfigServletWebServerApplicationContext - Closing org.springframework.boot.web.server.servlet.context.AnnotationConfigServletWebServerApplicationContext@1951b871, started on Mon Aug 17 23:40:36 IST 2026
2026-08-17 23:41:53 - o.s.c.s.DefaultLifecycleProcessor - Stopping beans in phase 2147482623
2026-08-17 23:41:53 - o.s.boot.tomcat.GracefulShutdown - Commencing graceful shutdown. Waiting for active requests to complete
2026-08-17 23:41:55 - o.s.boot.tomcat.GracefulShutdown - Graceful shutdown complete
2026-08-17 23:41:55 - o.s.c.s.DefaultLifecycleProcessor - Stopping beans in phase 2147481599
2026-08-17 23:41:55 - o.s.c.s.DefaultLifecycleProcessor - Bean 'webServerGracefulShutdown' completed its stop procedure
2026-08-17 23:41:55 - o.s.c.s.DefaultLifecycleProcessor - Bean 'webServerStartStop' completed its stop procedure
2026-08-17 23:41:55 - o.s.c.s.DefaultLifecycleProcessor - Stopping beans in phase 1073741823
2026-08-17 23:41:55 - o.s.c.s.DefaultLifecycleProcessor - Bean 'applicationTaskExecutor' completed its stop procedure
2026-08-17 23:41:55 - o.s.c.s.DefaultLifecycleProcessor - Stopping beans in phase -2147483647
2026-08-17 23:41:55 - o.s.c.s.DefaultLifecycleProcessor - Bean 'springBootLoggingLifecycle' completed its stop procedure
2026-08-17 23:41:55 - o.s.o.j.LocalContainerEntityManagerFactoryBean - Closing JPA EntityManagerFactory for persistence unit 'default'
2026-08-17 23:41:55 - org.hibernate.orm.factory - HHH90020005: Closing factory [20ef5553-8e94-4ea6-a2fc-e025c5196d6b]
2026-08-17 23:41:55 - com.zaxxer.hikari.HikariDataSource - HikariPool-1 - Shutdown initiated...
2026-08-17 23:41:55 - com.zaxxer.hikari.pool.HikariPool - HikariPool-1 - Before shutdown stats (total=10/10, idle=10/10, active=0, waiting=0)
2026-08-17 23:41:55 - com.zaxxer.hikari.pool.PoolBase - HikariPool-1 - Closing connection com.mysql.cj.jdbc.ConnectionImpl@7286827b: (connection evicted)
2026-08-17 23:41:55 - com.zaxxer.hikari.pool.PoolBase - HikariPool-1 - Closing connection com.mysql.cj.jdbc.ConnectionImpl@17397932: (connection evicted)
2026-08-17 23:41:55 - com.zaxxer.hikari.pool.PoolBase - HikariPool-1 - Closing connection com.mysql.cj.jdbc.ConnectionImpl@56047309: (connection evicted)
2026-08-17 23:41:55 - com.zaxxer.hikari.pool.PoolBase - HikariPool-1 - Closing connection com.mysql.cj.jdbc.ConnectionImpl@6798c665: (connection evicted)
2026-08-17 23:41:55 - com.zaxxer.hikari.pool.PoolBase - HikariPool-1 - Closing connection com.mysql.cj.jdbc.ConnectionImpl@2b446043: (connection evicted)
2026-08-17 23:41:55 - com.zaxxer.hikari.pool.PoolBase - HikariPool-1 - Closing connection com.mysql.cj.jdbc.ConnectionImpl@3aabfea3: (connection evicted)
2026-08-17 23:41:55 - com.zaxxer.hikari.pool.PoolBase - HikariPool-1 - Closing connection com.mysql.cj.jdbc.ConnectionImpl@2875856b: (connection evicted)
2026-08-17 23:41:55 - com.zaxxer.hikari.pool.PoolBase - HikariPool-1 - Closing connection com.mysql.cj.jdbc.ConnectionImpl@51018b05: (connection evicted)
2026-08-17 23:41:55 - com.zaxxer.hikari.pool.PoolBase - HikariPool-1 - Closing connection com.mysql.cj.jdbc.ConnectionImpl@4cca21d5: (connection evicted)
2026-08-17 23:41:55 - com.zaxxer.hikari.pool.PoolBase - HikariPool-1 - Closing connection com.mysql.cj.jdbc.ConnectionImpl@74bf5e17: (connection evicted)
2026-08-17 23:41:55 - com.zaxxer.hikari.pool.HikariPool - HikariPool-1 - After  shutdown stats (total=0/10, idle=0/10, active=0, waiting=0)
2026-08-17 23:41:55 - com.zaxxer.hikari.HikariDataSource - HikariPool-1 - Shutdown completed.
2026-08-17 23:41:55 - o.s.s.c.ThreadPoolTaskExecutor - Shutting down ExecutorService 'applicationTaskExecutor'
2026-08-17 23:43:28 - org.jboss.logging - Logging Provider: org.jboss.logging.Slf4jLoggerProvider found via system property
2026-08-17 23:43:28 - o.h.validator.internal.util.Version - HV000001: Hibernate Validator 9.1.0.Final
2026-08-17 23:43:28 - o.h.v.i.x.config.ValidationXmlParser - Trying to load META-INF/validation.xml for XML based Validator configuration.
2026-08-17 23:43:28 - o.h.v.i.x.c.ResourceLoaderHelper - Trying to load META-INF/validation.xml via TCCL
2026-08-17 23:43:28 - o.h.v.i.x.c.ResourceLoaderHelper - Trying to load META-INF/validation.xml via Hibernate Validator's class loader
2026-08-17 23:43:28 - o.h.v.i.x.config.ValidationXmlParser - No META-INF/validation.xml found. Using annotation based configuration only.
2026-08-17 23:43:28 - o.h.v.i.e.r.TraversableResolvers - Found jakarta.persistence.Persistence on classpath containing 'getPersistenceUtil'. Assuming Jakarta Persistence environment. Trying to instantiate Jakarta Persistence aware TraversableResolver
2026-08-17 23:43:28 - o.h.v.i.e.r.TraversableResolvers - Instantiated Jakarta Persistence aware TraversableResolver of type org.hibernate.validator.internal.engine.resolver.JPATraversableResolver.
2026-08-17 23:43:28 - o.h.v.m.ResourceBundleMessageInterpolator - Loaded expression factory via original TCCL
2026-08-17 23:43:28 - c.r.E.ExpenseTrackerApplication - Starting ExpenseTrackerApplication using Java 25.0.2 with PID 8235 (/Users/rakeshkuratti/Desktop/Projcts/ExpenseTracker/target/classes started by rakeshkuratti in /Users/rakeshkuratti/Desktop/Projcts/ExpenseTracker)
2026-08-17 23:43:28 - c.r.E.ExpenseTrackerApplication - Running with Spring Boot v4.1.0, Spring v7.0.8
2026-08-17 23:43:28 - c.r.E.ExpenseTrackerApplication - No active profile set, falling back to 1 default profile: "default"
2026-08-17 23:43:28 - o.s.boot.SpringApplication - Loading source class com.rakesh.ExpenseTracker.ExpenseTrackerApplication
2026-08-17 23:43:28 - o.s.b.w.s.s.c.AnnotationConfigServletWebServerApplicationContext - Refreshing org.springframework.boot.web.server.servlet.context.AnnotationConfigServletWebServerApplicationContext@1951b871
2026-08-17 23:43:28 - o.s.b.f.s.DefaultListableBeanFactory - Creating shared instance of singleton bean 'org.springframework.context.annotation.internalConfigurationAnnotationProcessor'
2026-08-17 23:43:28 - o.h.v.i.e.ValidatorFactoryConfigurationHelper - HV000252: Using org.hibernate.validator.internal.engine.DefaultPropertyNodeNameProvider as property node name provider.
2026-08-17 23:43:28 - o.h.v.i.e.ValidatorFactoryConfigurationHelper - HV000234: Using org.hibernate.validator.messageinterpolation.ResourceBundleMessageInterpolator as ValidatorFactory-scoped message interpolator.
2026-08-17 23:43:28 - o.h.v.i.e.ValidatorFactoryConfigurationHelper - HV000234: Using org.hibernate.validator.internal.engine.resolver.JPATraversableResolver as ValidatorFactory-scoped traversable resolver.
2026-08-17 23:43:28 - o.h.v.i.e.ValidatorFactoryConfigurationHelper - HV000234: Using org.hibernate.validator.internal.util.ExecutableParameterNameProvider as ValidatorFactory-scoped parameter name provider.
2026-08-17 23:43:28 - o.h.v.i.e.ValidatorFactoryConfigurationHelper - HV000234: Using org.hibernate.validator.internal.engine.DefaultClockProvider as ValidatorFactory-scoped clock provider.
2026-08-17 23:43:28 - o.h.v.i.e.ValidatorFactoryConfigurationHelper - HV000234: Using org.hibernate.validator.internal.engine.scripting.DefaultScriptEvaluatorFactory as ValidatorFactory-scoped script evaluator factory.
2026-08-17 23:43:28 - o.s.b.f.s.DefaultListableBeanFactory - Creating shared instance of singleton bean 'org.springframework.boot.autoconfigure.internalCachingMetadataReaderFactory'
2026-08-17 23:43:29 - o.s.c.a.ClassPathBeanDefinitionScanner - Identified candidate component class: file [/Users/rakeshkuratti/Desktop/Projcts/ExpenseTracker/target/classes/com/rakesh/ExpenseTracker/controller/ExpenseController.class]
2026-08-17 23:43:29 - o.s.c.a.ClassPathBeanDefinitionScanner - Identified candidate component class: file [/Users/rakeshkuratti/Desktop/Projcts/ExpenseTracker/target/classes/com/rakesh/ExpenseTracker/service/ExpenseServiceImpl.class]
2026-08-17 23:43:29 - o.s.d.r.c.RepositoryConfigurationDelegate - Bootstrapping Spring Data JPA repositories in DEFAULT mode.
2026-08-17 23:43:29 - o.s.b.f.s.DefaultListableBeanFactory - Creating shared instance of singleton bean 'org.springframework.boot.autoconfigure.AutoConfigurationPackages'
2026-08-17 23:43:29 - o.s.b.a.AutoConfigurationPackages - @EnableAutoConfiguration was declared on a class in the package 'com.rakesh.ExpenseTracker'. Automatic @Repository and @Entity scanning is enabled.
2026-08-17 23:43:29 - o.s.d.r.c.RepositoryConfigurationDelegate - Scanning for JPA repositories in packages com.rakesh.ExpenseTracker.
2026-08-17 23:43:29 - o.s.d.r.c.RepositoryComponentProvider - Identified candidate component class: file [/Users/rakeshkuratti/Desktop/Projcts/ExpenseTracker/target/classes/com/rakesh/ExpenseTracker/repository/ExpenseRepository.class]
2026-08-17 23:43:29 - o.s.c.a.ClassPathScanningCandidateComponentProvider - Identified candidate component class: file [/Users/rakeshkuratti/Desktop/Projcts/ExpenseTracker/target/classes/com/rakesh/ExpenseTracker/service/ExpenseServiceImpl.class]
2026-08-17 23:43:29 - o.s.d.r.c.RepositoryConfigurationDelegate - Finished Spring Data repository scanning in 45 ms. Found 1 JPA repository interface.
2026-08-17 23:43:29 - o.s.b.f.s.DefaultListableBeanFactory - Creating shared instance of singleton bean 'propertySourcesPlaceholderConfigurer'
2026-08-17 23:43:29 - o.s.b.f.s.DefaultListableBeanFactory - Creating shared instance of singleton bean 'org.springframework.boot.sql.init.dependency.DatabaseInitializationDependencyConfigurer$DependsOnDatabaseInitializationPostProcessor'
2026-08-17 23:43:29 - o.s.b.f.s.DefaultListableBeanFactory - Creating shared instance of singleton bean 'org.springframework.context.event.internalEventListenerProcessor'
2026-08-17 23:43:29 - o.s.b.f.s.DefaultListableBeanFactory - Creating shared instance of singleton bean 'bootstrapExecutorAliasPostProcessor'
2026-08-17 23:43:29 - o.s.b.f.s.DefaultListableBeanFactory - Creating shared instance of singleton bean 'preserveErrorControllerTargetClassPostProcessor'
2026-08-17 23:43:29 - o.s.b.f.s.DefaultListableBeanFactory - Creating shared instance of singleton bean 'org.springframework.context.event.internalEventListenerFactory'
2026-08-17 23:43:29 - o.s.b.f.s.DefaultListableBeanFactory - Creating shared instance of singleton bean 'org.springframework.transaction.config.internalTransactionalEventListenerFactory'
2026-08-17 23:43:29 - o.s.b.f.s.DefaultListableBeanFactory - Creating shared instance of singleton bean 'org.springframework.context.annotation.internalAutowiredAnnotationProcessor'
2026-08-17 23:43:29 - o.s.b.f.s.DefaultListableBeanFactory - Creating shared instance of singleton bean 'org.springframework.context.annotation.internalCommonAnnotationProcessor'
2026-08-17 23:43:29 - o.s.b.f.s.DefaultListableBeanFactory - Creating shared instance of singleton bean 'org.springframework.context.annotation.internalPersistenceAnnotationProcessor'
2026-08-17 23:43:29 - o.s.b.f.s.DefaultListableBeanFactory - Creating shared instance of singleton bean 'org.springframework.boot.context.properties.ConfigurationPropertiesBindingPostProcessor'
2026-08-17 23:43:29 - o.s.b.f.s.DefaultListableBeanFactory - Creating shared instance of singleton bean 'org.springframework.boot.context.internalConfigurationPropertiesBinder'
2026-08-17 23:43:29 - o.s.b.f.s.DefaultListableBeanFactory - Creating shared instance of singleton bean 'jdbcConnectionDetailsHikariBeanPostProcessor'
2026-08-17 23:43:29 - o.s.b.f.s.DefaultListableBeanFactory - Creating shared instance of singleton bean 'methodValidationPostProcessor'
2026-08-17 23:43:29 - o.s.b.f.s.DefaultListableBeanFactory - Autowiring by type from bean name 'methodValidationPostProcessor' via factory method to bean named 'environment'
2026-08-17 23:43:29 - o.s.b.f.s.DefaultListableBeanFactory - Creating shared instance of singleton bean 'org.springframework.boot.context.properties.EnableConfigurationPropertiesRegistrar.methodValidationExcludeFilter'
2026-08-17 23:43:29 - o.s.b.f.s.DefaultListableBeanFactory - Creating shared instance of singleton bean 'org.springframework.aop.framework.autoproxy.defaultProxyConfig'
2026-08-17 23:43:29 - o.s.b.f.s.DefaultListableBeanFactory - Creating shared instance of singleton bean 'org.springframework.aop.config.internalAutoProxyCreator'
2026-08-17 23:43:29 - o.s.b.f.s.DefaultListableBeanFactory - Creating shared instance of singleton bean 'persistenceExceptionTranslationPostProcessor'
2026-08-17 23:43:29 - o.s.b.f.s.DefaultListableBeanFactory - Autowiring by type from bean name 'persistenceExceptionTranslationPostProcessor' via factory method to bean named 'environment'
2026-08-17 23:43:29 - o.s.b.f.s.DefaultListableBeanFactory - Creating shared instance of singleton bean 'projectingArgumentResolverBeanPostProcessor'
2026-08-17 23:43:29 - o.s.b.f.s.DefaultListableBeanFactory - Creating shared instance of singleton bean 'org.springframework.transaction.config.internalTransactionAdvisor'
2026-08-17 23:43:29 - o.s.b.f.s.DefaultListableBeanFactory - Creating shared instance of singleton bean 'org.springframework.transaction.annotation.ProxyTransactionManagementConfiguration'
2026-08-17 23:43:29 - o.s.b.f.s.DefaultListableBeanFactory - Creating shared instance of singleton bean 'transactionAttributeSource'
2026-08-17 23:43:29 - o.s.b.f.s.DefaultListableBeanFactory - Creating shared instance of singleton bean 'transactionInterceptor'
2026-08-17 23:43:29 - o.s.b.f.s.DefaultListableBeanFactory - Autowiring by type from bean name 'transactionInterceptor' via factory method to bean named 'transactionAttributeSource'
2026-08-17 23:43:29 - o.s.b.f.s.DefaultListableBeanFactory - Autowiring by type from bean name 'org.springframework.transaction.config.internalTransactionAdvisor' via factory method to bean named 'transactionAttributeSource'
2026-08-17 23:43:29 - o.s.b.f.s.DefaultListableBeanFactory - Autowiring by type from bean name 'org.springframework.transaction.config.internalTransactionAdvisor' via factory method to bean named 'transactionInterceptor'
2026-08-17 23:43:29 - o.s.b.f.s.DefaultListableBeanFactory - Creating shared instance of singleton bean 'webServerFactoryCustomizerBeanPostProcessor'
2026-08-17 23:43:29 - o.s.b.f.s.DefaultListableBeanFactory - Creating shared instance of singleton bean 'errorPageRegistrarBeanPostProcessor'
2026-08-17 23:43:29 - o.s.b.f.s.DefaultListableBeanFactory - Creating shared instance of singleton bean 'tomcatServletWebServerFactory'
2026-08-17 23:43:29 - o.s.b.f.s.DefaultListableBeanFactory - Creating shared instance of singleton bean 'org.springframework.boot.tomcat.autoconfigure.servlet.TomcatServletWebServerAutoConfiguration'
2026-08-17 23:43:29 - o.s.b.f.s.DefaultListableBeanFactory - Creating shared instance of singleton bean 'server.tomcat-org.springframework.boot.tomcat.autoconfigure.TomcatServerProperties'
2026-08-17 23:43:29 - o.s.b.f.s.DefaultListableBeanFactory - Creating shared instance of singleton bean 'org.springframework.boot.context.properties.BoundConfigurationProperties'
2026-08-17 23:43:29 - o.s.b.f.s.DefaultListableBeanFactory - Autowiring by type from bean name 'org.springframework.boot.tomcat.autoconfigure.servlet.TomcatServletWebServerAutoConfiguration' via constructor to bean named 'server.tomcat-org.springframework.boot.tomcat.autoconfigure.TomcatServerProperties'
2026-08-17 23:43:29 - o.s.b.f.s.DefaultListableBeanFactory - Creating shared instance of singleton bean 'servletWebServerFactoryCustomizer'
2026-08-17 23:43:29 - o.s.b.f.s.DefaultListableBeanFactory - Creating shared instance of singleton bean 'org.springframework.boot.web.server.autoconfigure.servlet.ServletWebServerConfiguration'
2026-08-17 23:43:29 - o.s.b.f.s.DefaultListableBeanFactory - Creating shared instance of singleton bean 'server-org.springframework.boot.web.server.autoconfigure.ServerProperties'
2026-08-17 23:43:29 - o.s.b.f.s.DefaultListableBeanFactory - Autowiring by type from bean name 'servletWebServerFactoryCustomizer' via factory method to bean named 'server-org.springframework.boot.web.server.autoconfigure.ServerProperties'
2026-08-17 23:43:29 - o.s.b.f.s.DefaultListableBeanFactory - Creating shared instance of singleton bean 'sslBundleRegistry'
2026-08-17 23:43:29 - o.s.b.f.s.DefaultListableBeanFactory - Creating shared instance of singleton bean 'org.springframework.boot.autoconfigure.ssl.SslAutoConfiguration'
2026-08-17 23:43:29 - o.s.b.f.s.DefaultListableBeanFactory - Creating shared instance of singleton bean 'spring.ssl-org.springframework.boot.autoconfigure.ssl.SslProperties'
2026-08-17 23:43:29 - o.s.b.f.s.DefaultListableBeanFactory - Autowiring by type from bean name 'org.springframework.boot.autoconfigure.ssl.SslAutoConfiguration' via constructor to bean named 'org.springframework.boot.web.server.servlet.context.AnnotationConfigServletWebServerApplicationContext@1951b871'
2026-08-17 23:43:29 - o.s.b.f.s.DefaultListableBeanFactory - Autowiring by type from bean name 'org.springframework.boot.autoconfigure.ssl.SslAutoConfiguration' via constructor to bean named 'spring.ssl-org.springframework.boot.autoconfigure.ssl.SslProperties'
2026-08-17 23:43:29 - o.s.b.f.s.DefaultListableBeanFactory - Creating shared instance of singleton bean 'sslPropertiesSslBundleRegistrar'
2026-08-17 23:43:29 - o.s.b.f.s.DefaultListableBeanFactory - Creating shared instance of singleton bean 'fileWatcher'
2026-08-17 23:43:29 - o.s.b.f.s.DefaultListableBeanFactory - Autowiring by type from bean name 'sslPropertiesSslBundleRegistrar' via factory method to bean named 'fileWatcher'
2026-08-17 23:43:29 - o.s.b.f.s.DefaultListableBeanFactory - Creating shared instance of singleton bean 'webSocketWebServerCustomizer'
2026-08-17 23:43:29 - o.s.b.f.s.DefaultListableBeanFactory - Creating shared instance of singleton bean 'org.springframework.boot.tomcat.autoconfigure.TomcatWebServerConfiguration$TomcatWebSocketConfiguration'
2026-08-17 23:43:29 - o.s.b.f.s.DefaultListableBeanFactory - Creating shared instance of singleton bean 'tomcatWebServerFactoryCustomizer'
2026-08-17 23:43:29 - o.s.b.f.s.DefaultListableBeanFactory - Creating shared instance of singleton bean 'org.springframework.boot.tomcat.autoconfigure.TomcatWebServerConfiguration'
2026-08-17 23:43:29 - o.s.b.f.s.DefaultListableBeanFactory - Creating shared instance of singleton bean 'spring.web-org.springframework.boot.autoconfigure.web.WebProperties'
2026-08-17 23:43:29 - o.s.b.f.s.DefaultListableBeanFactory - Autowiring by type from bean name 'tomcatWebServerFactoryCustomizer' via factory method to bean named 'environment'
2026-08-17 23:43:29 - o.s.b.f.s.DefaultListableBeanFactory - Autowiring by type from bean name 'tomcatWebServerFactoryCustomizer' via factory method to bean named 'server-org.springframework.boot.web.server.autoconfigure.ServerProperties'
2026-08-17 23:43:29 - o.s.b.f.s.DefaultListableBeanFactory - Autowiring by type from bean name 'tomcatWebServerFactoryCustomizer' via factory method to bean named 'server.tomcat-org.springframework.boot.tomcat.autoconfigure.TomcatServerProperties'
2026-08-17 23:43:29 - o.s.b.f.s.DefaultListableBeanFactory - Autowiring by type from bean name 'tomcatWebServerFactoryCustomizer' via factory method to bean named 'spring.web-org.springframework.boot.autoconfigure.web.WebProperties'
2026-08-17 23:43:29 - o.s.b.f.s.DefaultListableBeanFactory - Creating shared instance of singleton bean 'tomcatServletWebServerFactoryCustomizer'
2026-08-17 23:43:29 - o.s.b.f.s.DefaultListableBeanFactory - Autowiring by type from bean name 'tomcatServletWebServerFactoryCustomizer' via factory method to bean named 'server.tomcat-org.springframework.boot.tomcat.autoconfigure.TomcatServerProperties'
2026-08-17 23:43:29 - o.s.b.f.s.DefaultListableBeanFactory - Creating shared instance of singleton bean 'errorPageCustomizer'
2026-08-17 23:43:29 - o.s.b.f.s.DefaultListableBeanFactory - Creating shared instance of singleton bean 'org.springframework.boot.webmvc.autoconfigure.error.ErrorMvcAutoConfiguration'
2026-08-17 23:43:29 - o.s.b.f.s.DefaultListableBeanFactory - Autowiring by type from bean name 'org.springframework.boot.webmvc.autoconfigure.error.ErrorMvcAutoConfiguration' via constructor to bean named 'spring.web-org.springframework.boot.autoconfigure.web.WebProperties'
2026-08-17 23:43:29 - o.s.b.f.s.DefaultListableBeanFactory - Creating shared instance of singleton bean 'dispatcherServletRegistration'
2026-08-17 23:43:29 - o.s.b.f.s.DefaultListableBeanFactory - Creating shared instance of singleton bean 'org.springframework.boot.webmvc.autoconfigure.DispatcherServletAutoConfiguration$DispatcherServletRegistrationConfiguration'
2026-08-17 23:43:29 - o.s.b.f.s.DefaultListableBeanFactory - Creating shared instance of singleton bean 'dispatcherServlet'
2026-08-17 23:43:29 - o.s.b.f.s.DefaultListableBeanFactory - Creating shared instance of singleton bean 'org.springframework.boot.webmvc.autoconfigure.DispatcherServletAutoConfiguration$DispatcherServletConfiguration'
2026-08-17 23:43:29 - o.s.b.f.s.DefaultListableBeanFactory - Creating shared instance of singleton bean 'spring.mvc-org.springframework.boot.webmvc.autoconfigure.WebMvcProperties'
2026-08-17 23:43:29 - o.s.b.f.s.DefaultListableBeanFactory - Autowiring by type from bean name 'dispatcherServlet' via factory method to bean named 'spring.mvc-org.springframework.boot.webmvc.autoconfigure.WebMvcProperties'
2026-08-17 23:43:29 - o.s.b.f.s.DefaultListableBeanFactory - Autowiring by type from bean name 'dispatcherServletRegistration' via factory method to bean named 'dispatcherServlet'
2026-08-17 23:43:29 - o.s.b.f.s.DefaultListableBeanFactory - Autowiring by type from bean name 'dispatcherServletRegistration' via factory method to bean named 'spring.mvc-org.springframework.boot.webmvc.autoconfigure.WebMvcProperties'
2026-08-17 23:43:29 - o.s.b.f.s.DefaultListableBeanFactory - Creating shared instance of singleton bean 'multipartConfigElement'
2026-08-17 23:43:29 - o.s.b.f.s.DefaultListableBeanFactory - Creating shared instance of singleton bean 'org.springframework.boot.servlet.autoconfigure.MultipartAutoConfiguration'
2026-08-17 23:43:29 - o.s.b.f.s.DefaultListableBeanFactory - Creating shared instance of singleton bean 'spring.servlet.multipart-org.springframework.boot.servlet.autoconfigure.MultipartProperties'
2026-08-17 23:43:29 - o.s.b.f.s.DefaultListableBeanFactory - Autowiring by type from bean name 'org.springframework.boot.servlet.autoconfigure.MultipartAutoConfiguration' via constructor to bean named 'spring.servlet.multipart-org.springframework.boot.servlet.autoconfigure.MultipartProperties'
2026-08-17 23:43:29 - o.s.b.f.s.DefaultListableBeanFactory - Autowiring by type from bean name 'errorPageCustomizer' via factory method to bean named 'dispatcherServletRegistration'
2026-08-17 23:43:29 - o.s.b.t.s.TomcatServletWebServerFactory - Code archive: /Users/rakeshkuratti/.m2/repository/org/springframework/boot/spring-boot-web-server/4.1.0/spring-boot-web-server-4.1.0.jar
2026-08-17 23:43:29 - o.s.b.t.s.TomcatServletWebServerFactory - Code archive: /Users/rakeshkuratti/.m2/repository/org/springframework/boot/spring-boot-web-server/4.1.0/spring-boot-web-server-4.1.0.jar
2026-08-17 23:43:29 - o.s.b.t.s.TomcatServletWebServerFactory - None of the document roots [src/main/webapp, public, static] point to a directory and will be ignored.
2026-08-17 23:43:29 - o.s.boot.tomcat.TomcatWebServer - Tomcat initialized with port 8082 (http)
2026-08-17 23:43:29 - o.a.coyote.http11.Http11NioProtocol - Initializing ProtocolHandler ["http-nio-8082"]
2026-08-17 23:43:29 - o.a.catalina.core.StandardService - Starting service [Tomcat]
2026-08-17 23:43:29 - o.a.catalina.core.StandardEngine - Starting Servlet engine: [Apache Tomcat/11.0.22]
2026-08-17 23:43:29 - o.s.b.w.c.s.WebApplicationContextInitializer - Published root WebApplicationContext as ServletContext attribute with name [org.springframework.web.context.WebApplicationContext.ROOT]
2026-08-17 23:43:29 - o.s.b.w.c.s.WebApplicationContextInitializer - Root WebApplicationContext: initialization completed in 1000 ms
2026-08-17 23:43:29 - o.s.b.f.s.DefaultListableBeanFactory - Creating shared instance of singleton bean 'requestContextFilter'
2026-08-17 23:43:29 - o.s.b.f.s.DefaultListableBeanFactory - Creating shared instance of singleton bean 'formContentFilter'
2026-08-17 23:43:29 - o.s.b.f.s.DefaultListableBeanFactory - Creating shared instance of singleton bean 'org.springframework.boot.webmvc.autoconfigure.WebMvcAutoConfiguration'
2026-08-17 23:43:29 - o.s.b.f.s.DefaultListableBeanFactory - Creating shared instance of singleton bean 'characterEncodingFilter'
2026-08-17 23:43:29 - o.s.b.f.s.DefaultListableBeanFactory - Creating shared instance of singleton bean 'org.springframework.boot.servlet.autoconfigure.HttpEncodingAutoConfiguration'
2026-08-17 23:43:29 - o.s.b.f.s.DefaultListableBeanFactory - Creating shared instance of singleton bean 'spring.servlet.encoding-org.springframework.boot.servlet.autoconfigure.ServletEncodingProperties'
2026-08-17 23:43:29 - o.s.b.f.s.DefaultListableBeanFactory - Autowiring by type from bean name 'characterEncodingFilter' via factory method to bean named 'spring.servlet.encoding-org.springframework.boot.servlet.autoconfigure.ServletEncodingProperties'
2026-08-17 23:43:29 - o.s.b.w.s.ServletContextInitializerBeans - Mapping filters: characterEncodingFilter urls=[/*] order=-2147483648, formContentFilter urls=[/*] order=-9900, requestContextFilter urls=[/*] order=-105
2026-08-17 23:43:29 - o.s.b.w.s.ServletContextInitializerBeans - Mapping servlets: dispatcherServlet urls=[/]
2026-08-17 23:43:29 - o.s.b.s.f.OrderedRequestContextFilter - Filter 'requestContextFilter' configured for use
2026-08-17 23:43:29 - o.s.b.s.f.OrderedCharacterEncodingFilter - Filter 'characterEncodingFilter' configured for use
2026-08-17 23:43:29 - o.s.b.s.f.OrderedFormContentFilter - Filter 'formContentFilter' configured for use
2026-08-17 23:43:29 - o.s.b.f.s.DefaultListableBeanFactory - Creating shared instance of singleton bean 'applicationTaskExecutor'
2026-08-17 23:43:29 - o.s.b.f.s.DefaultListableBeanFactory - Creating shared instance of singleton bean 'org.springframework.boot.autoconfigure.task.TaskExecutorConfigurations$TaskExecutorConfiguration'
2026-08-17 23:43:29 - o.s.b.f.s.DefaultListableBeanFactory - Creating shared instance of singleton bean 'threadPoolTaskExecutorBuilder'
2026-08-17 23:43:29 - o.s.b.f.s.DefaultListableBeanFactory - Creating shared instance of singleton bean 'org.springframework.boot.autoconfigure.task.TaskExecutorConfigurations$ThreadPoolTaskExecutorBuilderConfiguration'
2026-08-17 23:43:29 - o.s.b.f.s.DefaultListableBeanFactory - Creating shared instance of singleton bean 'spring.task.execution-org.springframework.boot.autoconfigure.task.TaskExecutionProperties'
2026-08-17 23:43:29 - o.s.b.f.s.DefaultListableBeanFactory - Autowiring by type from bean name 'threadPoolTaskExecutorBuilder' via factory method to bean named 'spring.task.execution-org.springframework.boot.autoconfigure.task.TaskExecutionProperties'
2026-08-17 23:43:29 - o.s.b.f.s.DefaultListableBeanFactory - Autowiring by type from bean name 'applicationTaskExecutor' via factory method to bean named 'threadPoolTaskExecutorBuilder'
2026-08-17 23:43:29 - o.s.s.c.ThreadPoolTaskExecutor - Initializing ExecutorService 'applicationTaskExecutor'
2026-08-17 23:43:29 - o.s.b.f.s.DefaultListableBeanFactory - Creating shared instance of singleton bean 'dataSourceScriptDatabaseInitializer'
2026-08-17 23:43:29 - o.s.b.f.s.DefaultListableBeanFactory - Creating shared instance of singleton bean 'org.springframework.boot.jdbc.autoconfigure.DataSourceInitializationAutoConfiguration'
2026-08-17 23:43:29 - o.s.b.f.s.DefaultListableBeanFactory - Creating shared instance of singleton bean 'dataSource'
2026-08-17 23:43:29 - o.s.b.f.s.DefaultListableBeanFactory - Creating shared instance of singleton bean 'org.springframework.boot.jdbc.autoconfigure.DataSourceConfiguration$Hikari'
2026-08-17 23:43:29 - o.s.b.f.s.DefaultListableBeanFactory - Creating shared instance of singleton bean 'spring.datasource-org.springframework.boot.jdbc.autoconfigure.DataSourceProperties'
2026-08-17 23:43:29 - o.s.b.f.s.DefaultListableBeanFactory - Creating shared instance of singleton bean 'jdbcConnectionDetails'
2026-08-17 23:43:29 - o.s.b.f.s.DefaultListableBeanFactory - Creating shared instance of singleton bean 'org.springframework.boot.jdbc.autoconfigure.DataSourceAutoConfiguration$PooledDataSourceConfiguration'
2026-08-17 23:43:29 - o.s.b.f.s.DefaultListableBeanFactory - Autowiring by type from bean name 'jdbcConnectionDetails' via factory method to bean named 'spring.datasource-org.springframework.boot.jdbc.autoconfigure.DataSourceProperties'
2026-08-17 23:43:29 - o.s.b.f.s.DefaultListableBeanFactory - Autowiring by type from bean name 'dataSource' via factory method to bean named 'spring.datasource-org.springframework.boot.jdbc.autoconfigure.DataSourceProperties'
2026-08-17 23:43:29 - o.s.b.f.s.DefaultListableBeanFactory - Autowiring by type from bean name 'dataSource' via factory method to bean named 'jdbcConnectionDetails'
2026-08-17 23:43:29 - o.s.b.f.s.DefaultListableBeanFactory - Autowiring by type from bean name 'dataSource' via factory method to bean named 'environment'
2026-08-17 23:43:29 - com.zaxxer.hikari.util.UtilityElf - Class com.mysql.cj.jdbc.Driver found in Thread context class loader jdk.internal.loader.ClassLoaders$AppClassLoader@14dad5dc
2026-08-17 23:43:30 - o.s.b.f.s.DefaultListableBeanFactory - Creating shared instance of singleton bean 'spring.sql.init-org.springframework.boot.sql.autoconfigure.init.SqlInitializationProperties'
2026-08-17 23:43:30 - o.s.b.f.s.DefaultListableBeanFactory - Autowiring by type from bean name 'dataSourceScriptDatabaseInitializer' via factory method to bean named 'dataSource'
2026-08-17 23:43:30 - o.s.b.f.s.DefaultListableBeanFactory - Autowiring by type from bean name 'dataSourceScriptDatabaseInitializer' via factory method to bean named 'spring.sql.init-org.springframework.boot.sql.autoconfigure.init.SqlInitializationProperties'
2026-08-17 23:43:30 - o.s.b.f.s.DefaultListableBeanFactory - Creating shared instance of singleton bean 'entityManagerFactory'
2026-08-17 23:43:30 - o.s.b.f.s.DefaultListableBeanFactory - Creating shared instance of singleton bean 'org.springframework.boot.hibernate.autoconfigure.HibernateJpaConfiguration'
2026-08-17 23:43:30 - o.s.b.f.s.DefaultListableBeanFactory - Creating shared instance of singleton bean 'spring.jpa-org.springframework.boot.jpa.autoconfigure.JpaProperties'
2026-08-17 23:43:30 - o.s.b.f.s.DefaultListableBeanFactory - Creating shared instance of singleton bean 'spring.jpa.hibernate-org.springframework.boot.hibernate.autoconfigure.HibernateProperties'
2026-08-17 23:43:30 - o.s.b.f.s.DefaultListableBeanFactory - Autowiring by type from bean name 'org.springframework.boot.hibernate.autoconfigure.HibernateJpaConfiguration' via constructor to bean named 'dataSource'
2026-08-17 23:43:30 - o.s.b.f.s.DefaultListableBeanFactory - Autowiring by type from bean name 'org.springframework.boot.hibernate.autoconfigure.HibernateJpaConfiguration' via constructor to bean named 'spring.jpa-org.springframework.boot.jpa.autoconfigure.JpaProperties'
2026-08-17 23:43:30 - o.s.b.f.s.DefaultListableBeanFactory - Autowiring by type from bean name 'org.springframework.boot.hibernate.autoconfigure.HibernateJpaConfiguration' via constructor to bean named 'spring.jpa.hibernate-org.springframework.boot.hibernate.autoconfigure.HibernateProperties'
2026-08-17 23:43:30 - o.s.b.f.s.DefaultListableBeanFactory - Creating shared instance of singleton bean 'hikariPoolDataSourceMetadataProvider'
2026-08-17 23:43:30 - o.s.b.f.s.DefaultListableBeanFactory - Creating shared instance of singleton bean 'org.springframework.boot.jdbc.autoconfigure.DataSourcePoolMetadataProvidersConfiguration$HikariPoolDataSourceMetadataProviderConfiguration'
2026-08-17 23:43:30 - o.s.b.f.s.DefaultListableBeanFactory - Creating shared instance of singleton bean 'entityManagerFactoryBuilder'
2026-08-17 23:43:30 - o.s.b.f.s.DefaultListableBeanFactory - Creating shared instance of singleton bean 'jpaVendorAdapter'
2026-08-17 23:43:30 - o.s.b.f.s.DefaultListableBeanFactory - Autowiring by type from bean name 'entityManagerFactoryBuilder' via factory method to bean named 'jpaVendorAdapter'
2026-08-17 23:43:30 - o.s.b.f.s.DefaultListableBeanFactory - Autowiring by type from bean name 'entityManagerFactoryBuilder' via factory method to bean named 'applicationTaskExecutor'
2026-08-17 23:43:30 - o.s.b.f.s.DefaultListableBeanFactory - Creating shared instance of singleton bean 'persistenceManagedTypes'
2026-08-17 23:43:30 - o.s.b.f.s.DefaultListableBeanFactory - Autowiring by type from bean name 'persistenceManagedTypes' via factory method to bean named 'org.springframework.beans.factory.support.DefaultListableBeanFactory@47874b25'
2026-08-17 23:43:30 - o.s.b.f.s.DefaultListableBeanFactory - Autowiring by type from bean name 'persistenceManagedTypes' via factory method to bean named 'org.springframework.boot.web.server.servlet.context.AnnotationConfigServletWebServerApplicationContext@1951b871'
2026-08-17 23:43:30 - o.s.b.f.s.DefaultListableBeanFactory - Autowiring by type from bean name 'entityManagerFactory' via factory method to bean named 'entityManagerFactoryBuilder'
2026-08-17 23:43:30 - o.s.b.f.s.DefaultListableBeanFactory - Autowiring by type from bean name 'entityManagerFactory' via factory method to bean named 'persistenceManagedTypes'
2026-08-17 23:43:30 - o.s.o.j.LocalContainerEntityManagerFactoryBean - Building JPA container EntityManagerFactory for persistence unit 'default'
2026-08-17 23:43:30 - org.hibernate.orm.jpa - HHH008541: PersistenceUnitInfo [
	name: default
	persistence provider classname: null
	classloader: jdk.internal.loader.ClassLoaders$AppClassLoader@14dad5dc
	excludeUnlistedClasses: true
	JTA datasource: null
	Non JTA datasource: HikariDataSource (null)
	Transaction type: RESOURCE_LOCAL
	PU root URL: file:/Users/rakeshkuratti/Desktop/Projcts/ExpenseTracker/target/classes/
	Shared Cache Mode: UNSPECIFIED
	Validation Mode: AUTO
	Jar files URLs []
	Managed classes names [
		com.rakesh.ExpenseTracker.entity.Expense]
	Mapping files names []
	Properties []
2026-08-17 23:43:30 - org.hibernate.orm.service - HHH010455: Adding integrator: org.hibernate.boot.beanvalidation.BeanValidationIntegrator
2026-08-17 23:43:30 - org.hibernate.orm.service - HHH010455: Adding integrator: org.hibernate.cache.internal.CollectionCacheInvalidator
2026-08-17 23:43:30 - org.hibernate.orm.core - HHH000001: Hibernate ORM core version 7.4.1.Final
2026-08-17 23:43:30 - org.hibernate.orm.core - HHH000206: 'hibernate.properties' not found
2026-08-17 23:43:30 - o.s.o.j.h.SpringBeanContainer - Falling back to Hibernate's default producer after bean creation failure for interface org.hibernate.engine.jdbc.connections.spi.MultiTenantConnectionProvider: org.springframework.beans.factory.BeanCreationException: Error creating bean with name 'org.hibernate.engine.jdbc.connections.spi.MultiTenantConnectionProvider': Failed to instantiate [org.hibernate.engine.jdbc.connections.spi.MultiTenantConnectionProvider]: Specified class is an interface
2026-08-17 23:43:30 - org.hibernate.orm.cache - HHH90001031: Cannot default RegionFactory since no RegionFactory strategies were registered
2026-08-17 23:43:30 - org.hibernate.orm.cache - HHH90001029: Second-level cache disabled
2026-08-17 23:43:30 - o.s.o.j.p.SpringPersistenceUnitInfo - No LoadTimeWeaver setup: ignoring JPA class transformer
2026-08-17 23:43:30 - com.zaxxer.hikari.HikariConfig - HikariPool-1 - configuration:
2026-08-17 23:43:30 - com.zaxxer.hikari.HikariConfig - allowPoolSuspension.............false
2026-08-17 23:43:30 - com.zaxxer.hikari.HikariConfig - autoCommit......................true
2026-08-17 23:43:30 - com.zaxxer.hikari.HikariConfig - catalog.........................none
2026-08-17 23:43:30 - com.zaxxer.hikari.HikariConfig - connectionInitSql...............none
2026-08-17 23:43:30 - com.zaxxer.hikari.HikariConfig - connectionTestQuery.............none
2026-08-17 23:43:30 - com.zaxxer.hikari.HikariConfig - connectionTimeout...............30000
2026-08-17 23:43:30 - com.zaxxer.hikari.HikariConfig - credentials.....................com.zaxxer.hikari.util.Credentials@7858d31d
2026-08-17 23:43:30 - com.zaxxer.hikari.HikariConfig - credentialsProvider.............none
2026-08-17 23:43:30 - com.zaxxer.hikari.HikariConfig - credentialsProviderClassName....none
2026-08-17 23:43:30 - com.zaxxer.hikari.HikariConfig - dataSource......................none
2026-08-17 23:43:30 - com.zaxxer.hikari.HikariConfig - dataSourceClassName.............none
2026-08-17 23:43:30 - com.zaxxer.hikari.HikariConfig - dataSourceJNDI..................none
2026-08-17 23:43:30 - com.zaxxer.hikari.HikariConfig - dataSourceProperties............{password=<masked>}
2026-08-17 23:43:30 - com.zaxxer.hikari.HikariConfig - driverClassName................."com.mysql.cj.jdbc.Driver"
2026-08-17 23:43:30 - com.zaxxer.hikari.HikariConfig - exceptionOverride...............none
2026-08-17 23:43:30 - com.zaxxer.hikari.HikariConfig - exceptionOverrideClassName......none
2026-08-17 23:43:30 - com.zaxxer.hikari.HikariConfig - healthCheckProperties...........{}
2026-08-17 23:43:30 - com.zaxxer.hikari.HikariConfig - healthCheckRegistry.............none
2026-08-17 23:43:30 - com.zaxxer.hikari.HikariConfig - idleTimeout.....................600000
2026-08-17 23:43:30 - com.zaxxer.hikari.HikariConfig - initializationFailTimeout.......1
2026-08-17 23:43:30 - com.zaxxer.hikari.HikariConfig - isolateInternalQueries..........false
2026-08-17 23:43:30 - com.zaxxer.hikari.HikariConfig - jdbcUrl.........................jdbc:mysql://localhost:3306/ExpenseTracker
2026-08-17 23:43:30 - com.zaxxer.hikari.HikariConfig - keepaliveTime...................120000
2026-08-17 23:43:30 - com.zaxxer.hikari.HikariConfig - leakDetectionThreshold..........0
2026-08-17 23:43:30 - com.zaxxer.hikari.HikariConfig - maxLifetime.....................1800000
2026-08-17 23:43:30 - com.zaxxer.hikari.HikariConfig - maximumPoolSize.................10
2026-08-17 23:43:30 - com.zaxxer.hikari.HikariConfig - metricRegistry..................none
2026-08-17 23:43:30 - com.zaxxer.hikari.HikariConfig - metricsTrackerFactory...........none
2026-08-17 23:43:30 - com.zaxxer.hikari.HikariConfig - minimumIdle.....................10
2026-08-17 23:43:30 - com.zaxxer.hikari.HikariConfig - password........................<masked>
2026-08-17 23:43:30 - com.zaxxer.hikari.HikariConfig - poolName........................"HikariPool-1"
2026-08-17 23:43:30 - com.zaxxer.hikari.HikariConfig - readOnly........................false
2026-08-17 23:43:30 - com.zaxxer.hikari.HikariConfig - registerMbeans..................false
2026-08-17 23:43:30 - com.zaxxer.hikari.HikariConfig - scheduledExecutor...............none
2026-08-17 23:43:30 - com.zaxxer.hikari.HikariConfig - schema..........................none
2026-08-17 23:43:30 - com.zaxxer.hikari.HikariConfig - threadFactory...................internal
2026-08-17 23:43:30 - com.zaxxer.hikari.HikariConfig - transactionIsolation............default
2026-08-17 23:43:30 - com.zaxxer.hikari.HikariConfig - username........................"root"
2026-08-17 23:43:30 - com.zaxxer.hikari.HikariConfig - validationTimeout...............5000
2026-08-17 23:43:30 - com.zaxxer.hikari.HikariDataSource - HikariPool-1 - Starting...
2026-08-17 23:43:30 - com.zaxxer.hikari.pool.PoolBase - HikariPool-1 - Attempting to create/setup new connection (825c762f-a1ea-4a4e-9dc0-7d874f671657)
2026-08-17 23:43:30 - com.zaxxer.hikari.pool.PoolBase - HikariPool-1 - Established new connection (825c762f-a1ea-4a4e-9dc0-7d874f671657)
2026-08-17 23:43:30 - com.zaxxer.hikari.pool.HikariPool - HikariPool-1 - Added connection com.mysql.cj.jdbc.ConnectionImpl@39a865c1
2026-08-17 23:43:30 - com.zaxxer.hikari.HikariDataSource - HikariPool-1 - Start completed.
2026-08-17 23:43:30 - org.hibernate.orm.jdbc - HHH100017: Database:
	name: MySQL
	version: 8.0.45
	major: 8
	minor: 0
2026-08-17 23:43:30 - org.hibernate.orm.jdbc - HHH100018: Driver:
	name: MySQL Connector/J
	version: mysql-connector-j-9.7.0 (Revision: 0aade1f13bcc98faf7dda5c02e782481eb291f62)
	major: 9
	minor: 7
	JDBC version: 4.2
2026-08-17 23:43:30 - org.hibernate.orm.deprecation - HHH90000025: MySQLDialect does not need to be specified explicitly using 'hibernate.dialect' (remove the property setting and it will be selected by default)
2026-08-17 23:43:30 - org.hibernate.orm.dialect - HHH035001: Using dialect: org.hibernate.dialect.MySQLDialect, version: 8.0.45
2026-08-17 23:43:30 - o.h.e.j.e.s.IdentifierHelperBuilder - IdentifierCaseStrategy for both quoted and unquoted identifiers was set to the same strategy [MIXED]; that will likely lead to problems in schema update and validation if using quoted identifiers
2026-08-17 23:43:30 - org.hibernate.orm.jdbc - HHH100122: Using default JDBC fetch size: 0
2026-08-17 23:43:30 - o.hibernate.orm.connections.pooling - HHH10001005: Database info:
	Database JDBC URL [jdbc:mysql://localhost:3306/ExpenseTracker]
	Database driver: MySQL Connector/J
	Database dialect: MySQLDialect
	Database version: 8.0.45
	Default catalog/schema: ExpenseTracker/undefined
	Autocommit mode: undefined/unknown
	Isolation level: REPEATABLE_READ [default REPEATABLE_READ]
	JDBC fetch size: none
	Pool: DataSourceConnectionProvider
	Minimum pool size: undefined/unknown
	Maximum pool size: undefined/unknown
2026-08-17 23:43:30 - com.zaxxer.hikari.pool.HikariPool - HikariPool-1 - Pool stats (total=1/10, idle=1/10, active=0, waiting=0)
2026-08-17 23:43:30 - com.zaxxer.hikari.pool.PoolBase - HikariPool-1 - Attempting to create/setup new connection (c63d7540-94a7-4f07-a590-4fbf9728c762)
2026-08-17 23:43:30 - com.zaxxer.hikari.pool.PoolBase - HikariPool-1 - Established new connection (c63d7540-94a7-4f07-a590-4fbf9728c762)
2026-08-17 23:43:30 - com.zaxxer.hikari.pool.HikariPool - HikariPool-1 - Added connection com.mysql.cj.jdbc.ConnectionImpl@673e9eab
2026-08-17 23:43:31 - com.zaxxer.hikari.pool.HikariPool - HikariPool-1 - After adding stats (total=2/10, idle=2/10, active=0, waiting=0)
2026-08-17 23:43:31 - com.zaxxer.hikari.pool.PoolBase - HikariPool-1 - Attempting to create/setup new connection (e86e6d96-18d9-4698-a370-523a2a4c72bf)
2026-08-17 23:43:31 - com.zaxxer.hikari.pool.PoolBase - HikariPool-1 - Established new connection (e86e6d96-18d9-4698-a370-523a2a4c72bf)
2026-08-17 23:43:31 - com.zaxxer.hikari.pool.HikariPool - HikariPool-1 - Added connection com.mysql.cj.jdbc.ConnectionImpl@26039490
2026-08-17 23:43:31 - com.zaxxer.hikari.pool.HikariPool - HikariPool-1 - After adding stats (total=3/10, idle=3/10, active=0, waiting=0)
2026-08-17 23:43:31 - com.zaxxer.hikari.pool.PoolBase - HikariPool-1 - Attempting to create/setup new connection (cda8d9af-e16b-484e-b52a-6d7458922b5d)
2026-08-17 23:43:31 - com.zaxxer.hikari.pool.PoolBase - HikariPool-1 - Established new connection (cda8d9af-e16b-484e-b52a-6d7458922b5d)
2026-08-17 23:43:31 - com.zaxxer.hikari.pool.HikariPool - HikariPool-1 - Added connection com.mysql.cj.jdbc.ConnectionImpl@17ef5612
2026-08-17 23:43:31 - o.s.o.j.h.SpringBeanContainer - Falling back to Hibernate's default producer after bean creation failure for interface org.hibernate.context.spi.CurrentTenantIdentifierResolver: org.springframework.beans.factory.NoSuchBeanDefinitionException: No qualifying bean of type 'org.hibernate.context.spi.CurrentTenantIdentifierResolver<?>' available
2026-08-17 23:43:31 - o.s.o.j.h.SpringBeanContainer - Falling back to Hibernate's default producer after bean creation failure for interface org.hibernate.context.spi.TenantSchemaMapper: org.springframework.beans.factory.NoSuchBeanDefinitionException: No qualifying bean of type 'org.hibernate.context.spi.TenantSchemaMapper<?>' available
2026-08-17 23:43:31 - o.s.o.j.h.SpringBeanContainer - Falling back to Hibernate's default producer after bean creation failure for interface org.hibernate.context.spi.TenantCredentialsMapper: org.springframework.beans.factory.NoSuchBeanDefinitionException: No qualifying bean of type 'org.hibernate.context.spi.TenantCredentialsMapper<?>' available
2026-08-17 23:43:31 - com.zaxxer.hikari.pool.HikariPool - HikariPool-1 - After adding stats (total=4/10, idle=4/10, active=0, waiting=0)
2026-08-17 23:43:31 - com.zaxxer.hikari.pool.PoolBase - HikariPool-1 - Attempting to create/setup new connection (7a02916d-9c72-45be-9c70-0a237f20129d)
2026-08-17 23:43:31 - com.zaxxer.hikari.pool.PoolBase - HikariPool-1 - Established new connection (7a02916d-9c72-45be-9c70-0a237f20129d)
2026-08-17 23:43:31 - com.zaxxer.hikari.pool.HikariPool - HikariPool-1 - Added connection com.mysql.cj.jdbc.ConnectionImpl@787a1870
2026-08-17 23:43:31 - org.hibernate.orm.factory - HHH90020001: Instantiating factory [5f4254d7-020c-47e1-8913-a394f6f2221a] with settings: {hibernate.format_sql=true, java.specification.version=25, hibernate.resource.beans.container=org.springframework.orm.jpa.hibernate.SpringBeanContainer@7ebaf0d, hibernate.connection.handling_mode=DELAYED_ACQUISITION_AND_HOLD, sun.jnu.encoding=UTF-8, hibernate.dialect=org.hibernate.dialect.MySQLDialect, hibernate.implicit_naming_strategy=org.springframework.boot.hibernate.SpringImplicitNamingStrategy, java.class.path=/Users/rakeshkuratti/Desktop/Projcts/ExpenseTracker/target/classes:/Users/rakeshkuratti/.m2/repository/org/springframework/boot/spring-boot-starter-data-jpa/4.1.0/spring-boot-starter-data-jpa-4.1.0.jar:/Users/rakeshkuratti/.m2/repository/org/springframework/boot/spring-boot-starter/4.1.0/spring-boot-starter-4.1.0.jar:/Users/rakeshkuratti/.m2/repository/org/springframework/boot/spring-boot-starter-logging/4.1.0/spring-boot-starter-logging-4.1.0.jar:/Users/rakeshkuratti/.m2/repository/ch/qos/logback/logback-classic/1.5.34/logback-classic-1.5.34.jar:/Users/rakeshkuratti/.m2/repository/ch/qos/logback/logback-core/1.5.34/logback-core-1.5.34.jar:/Users/rakeshkuratti/.m2/repository/org/apache/logging/log4j/log4j-to-slf4j/2.25.4/log4j-to-slf4j-2.25.4.jar:/Users/rakeshkuratti/.m2/repository/org/apache/logging/log4j/log4j-api/2.25.4/log4j-api-2.25.4.jar:/Users/rakeshkuratti/.m2/repository/org/slf4j/jul-to-slf4j/2.0.18/jul-to-slf4j-2.0.18.jar:/Users/rakeshkuratti/.m2/repository/org/springframework/boot/spring-boot-autoconfigure/4.1.0/spring-boot-autoconfigure-4.1.0.jar:/Users/rakeshkuratti/.m2/repository/jakarta/annotation/jakarta.annotation-api/3.0.0/jakarta.annotation-api-3.0.0.jar:/Users/rakeshkuratti/.m2/repository/org/yaml/snakeyaml/2.6/snakeyaml-2.6.jar:/Users/rakeshkuratti/.m2/repository/org/springframework/boot/spring-boot-starter-jdbc/4.1.0/spring-boot-starter-jdbc-4.1.0.jar:/Users/rakeshkuratti/.m2/repository/com/zaxxer/HikariCP/7.0.2/HikariCP-7.0.2.jar:/Users/rakeshkuratti/.m2/repository/org/slf4j/slf4j-api/2.0.18/slf4j-api-2.0.18.jar:/Users/rakeshkuratti/.m2/repository/org/springframework/boot/spring-boot-data-jpa/4.1.0/spring-boot-data-jpa-4.1.0.jar:/Users/rakeshkuratti/.m2/repository/org/springframework/boot/spring-boot-data-commons/4.1.0/spring-boot-data-commons-4.1.0.jar:/Users/rakeshkuratti/.m2/repository/org/springframework/boot/spring-boot-persistence/4.1.0/spring-boot-persistence-4.1.0.jar:/Users/rakeshkuratti/.m2/repository/org/springframework/data/spring-data-commons/4.1.0/spring-data-commons-4.1.0.jar:/Users/rakeshkuratti/.m2/repository/org/springframework/boot/spring-boot-hibernate/4.1.0/spring-boot-hibernate-4.1.0.jar:/Users/rakeshkuratti/.m2/repository/org/springframework/boot/spring-boot-jpa/4.1.0/spring-boot-jpa-4.1.0.jar:/Users/rakeshkuratti/.m2/repository/jakarta/persistence/jakarta.persistence-api/3.2.0/jakarta.persistence-api-3.2.0.jar:/Users/rakeshkuratti/.m2/repository/org/hibernate/orm/hibernate-core/7.4.1.Final/hibernate-core-7.4.1.Final.jar:/Users/rakeshkuratti/.m2/repository/jakarta/transaction/jakarta.transaction-api/2.0.1/jakarta.transaction-api-2.0.1.jar:/Users/rakeshkuratti/.m2/repository/org/hibernate/models/hibernate-models/1.1.1/hibernate-models-1.1.1.jar:/Users/rakeshkuratti/.m2/repository/org/glassfish/jaxb/jaxb-runtime/4.0.9/jaxb-runtime-4.0.9.jar:/Users/rakeshkuratti/.m2/repository/org/glassfish/jaxb/jaxb-core/4.0.9/jaxb-core-4.0.9.jar:/Users/rakeshkuratti/.m2/repository/org/eclipse/angus/angus-activation/2.0.3/angus-activation-2.0.3.jar:/Users/rakeshkuratti/.m2/repository/org/glassfish/jaxb/txw2/4.0.9/txw2-4.0.9.jar:/Users/rakeshkuratti/.m2/repository/com/sun/istack/istack-commons-runtime/4.1.2/istack-commons-runtime-4.1.2.jar:/Users/rakeshkuratti/.m2/repository/jakarta/inject/jakarta.inject-api/2.0.1/jakarta.inject-api-2.0.1.jar:/Users/rakeshkuratti/.m2/repository/org/springframework/spring-orm/7.0.8/spring-orm-7.0.8.jar:/Users/rakeshkuratti/.m2/repository/org/springframework/data/spring-data-jpa/4.1.0/spring-data-jpa-4.1.0.jar:/Users/rakeshkuratti/.m2/repository/org/springframework/spring-context/7.0.8/spring-context-7.0.8.jar:/Users/rakeshkuratti/.m2/repository/org/springframework/spring-aop/7.0.8/spring-aop-7.0.8.jar:/Users/rakeshkuratti/.m2/repository/org/springframework/spring-tx/7.0.8/spring-tx-7.0.8.jar:/Users/rakeshkuratti/.m2/repository/org/springframework/spring-beans/7.0.8/spring-beans-7.0.8.jar:/Users/rakeshkuratti/.m2/repository/org/antlr/antlr4-runtime/4.13.2/antlr4-runtime-4.13.2.jar:/Users/rakeshkuratti/.m2/repository/org/springframework/spring-aspects/7.0.8/spring-aspects-7.0.8.jar:/Users/rakeshkuratti/.m2/repository/org/aspectj/aspectjweaver/1.9.25.1/aspectjweaver-1.9.25.1.jar:/Users/rakeshkuratti/.m2/repository/org/springframework/boot/spring-boot-jdbc/4.1.0/spring-boot-jdbc-4.1.0.jar:/Users/rakeshkuratti/.m2/repository/org/springframework/boot/spring-boot/4.1.0/spring-boot-4.1.0.jar:/Users/rakeshkuratti/.m2/repository/org/springframework/boot/spring-boot-sql/4.1.0/spring-boot-sql-4.1.0.jar:/Users/rakeshkuratti/.m2/repository/org/springframework/boot/spring-boot-transaction/4.1.0/spring-boot-transaction-4.1.0.jar:/Users/rakeshkuratti/.m2/repository/org/springframework/spring-jdbc/7.0.8/spring-jdbc-7.0.8.jar:/Users/rakeshkuratti/.m2/repository/org/springframework/boot/spring-boot-starter-validation/4.1.0/spring-boot-starter-validation-4.1.0.jar:/Users/rakeshkuratti/.m2/repository/org/springframework/boot/spring-boot-validation/4.1.0/spring-boot-validation-4.1.0.jar:/Users/rakeshkuratti/.m2/repository/org/apache/tomcat/embed/tomcat-embed-el/11.0.22/tomcat-embed-el-11.0.22.jar:/Users/rakeshkuratti/.m2/repository/org/hibernate/validator/hibernate-validator/9.1.0.Final/hibernate-validator-9.1.0.Final.jar:/Users/rakeshkuratti/.m2/repository/jakarta/validation/jakarta.validation-api/3.1.1/jakarta.validation-api-3.1.1.jar:/Users/rakeshkuratti/.m2/repository/org/jboss/logging/jboss-logging/3.6.3.Final/jboss-logging-3.6.3.Final.jar:/Users/rakeshkuratti/.m2/repository/com/fasterxml/classmate/1.7.3/classmate-1.7.3.jar:/Users/rakeshkuratti/.m2/repository/org/springframework/boot/spring-boot-starter-webmvc/4.1.0/spring-boot-starter-webmvc-4.1.0.jar:/Users/rakeshkuratti/.m2/repository/org/springframework/boot/spring-boot-starter-jackson/4.1.0/spring-boot-starter-jackson-4.1.0.jar:/Users/rakeshkuratti/.m2/repository/org/springframework/boot/spring-boot-jackson/4.1.0/spring-boot-jackson-4.1.0.jar:/Users/rakeshkuratti/.m2/repository/tools/jackson/core/jackson-databind/3.1.4/jackson-databind-3.1.4.jar:/Users/rakeshkuratti/.m2/repository/com/fasterxml/jackson/core/jackson-annotations/2.21/jackson-annotations-2.21.jar:/Users/rakeshkuratti/.m2/repository/tools/jackson/core/jackson-core/3.1.4/jackson-core-3.1.4.jar:/Users/rakeshkuratti/.m2/repository/org/springframework/boot/spring-boot-starter-tomcat/4.1.0/spring-boot-starter-tomcat-4.1.0.jar:/Users/rakeshkuratti/.m2/repository/org/springframework/boot/spring-boot-starter-tomcat-runtime/4.1.0/spring-boot-starter-tomcat-runtime-4.1.0.jar:/Users/rakeshkuratti/.m2/repository/org/apache/tomcat/embed/tomcat-embed-core/11.0.22/tomcat-embed-core-11.0.22.jar:/Users/rakeshkuratti/.m2/repository/org/apache/tomcat/embed/tomcat-embed-websocket/11.0.22/tomcat-embed-websocket-11.0.22.jar:/Users/rakeshkuratti/.m2/repository/org/springframework/boot/spring-boot-tomcat/4.1.0/spring-boot-tomcat-4.1.0.jar:/Users/rakeshkuratti/.m2/repository/org/springframework/boot/spring-boot-http-converter/4.1.0/spring-boot-http-converter-4.1.0.jar:/Users/rakeshkuratti/.m2/repository/org/springframework/spring-web/7.0.8/spring-web-7.0.8.jar:/Users/rakeshkuratti/.m2/repository/io/micrometer/micrometer-observation/1.17.0/micrometer-observation-1.17.0.jar:/Users/rakeshkuratti/.m2/repository/io/micrometer/micrometer-commons/1.17.0/micrometer-commons-1.17.0.jar:/Users/rakeshkuratti/.m2/repository/org/springframework/boot/spring-boot-webmvc/4.1.0/spring-boot-webmvc-4.1.0.jar:/Users/rakeshkuratti/.m2/repository/org/springframework/boot/spring-boot-servlet/4.1.0/spring-boot-servlet-4.1.0.jar:/Users/rakeshkuratti/.m2/repository/org/springframework/spring-webmvc/7.0.8/spring-webmvc-7.0.8.jar:/Users/rakeshkuratti/.m2/repository/org/springframework/spring-expression/7.0.8/spring-expression-7.0.8.jar:/Users/rakeshkuratti/.m2/repository/com/mysql/mysql-connector-j/9.7.0/mysql-connector-j-9.7.0.jar:/Users/rakeshkuratti/.m2/repository/org/projectlombok/lombok/1.18.46/lombok-1.18.46.jar:/Users/rakeshkuratti/.m2/repository/jakarta/xml/bind/jakarta.xml.bind-api/4.0.5/jakarta.xml.bind-api-4.0.5.jar:/Users/rakeshkuratti/.m2/repository/jakarta/activation/jakarta.activation-api/2.1.4/jakarta.activation-api-2.1.4.jar:/Users/rakeshkuratti/.m2/repository/net/bytebuddy/byte-buddy/1.18.10/byte-buddy-1.18.10.jar:/Users/rakeshkuratti/.m2/repository/org/springframework/spring-core/7.0.8/spring-core-7.0.8.jar:/Users/rakeshkuratti/.m2/repository/commons-logging/commons-logging/1.3.6/commons-logging-1.3.6.jar:/Users/rakeshkuratti/.m2/repository/org/jspecify/jspecify/1.0.0/jspecify-1.0.0.jar:/Users/rakeshkuratti/.m2/repository/org/springframework/boot/spring-boot-web-server/4.1.0/spring-boot-web-server-4.1.0.jar, java.vm.vendor=Oracle Corporation, sun.arch.data.model=64, catalina.useNaming=false, java.vendor.url=https://java.oracle.com/, user.timezone=Asia/Kolkata, jakarta.persistence.sharedCache.mode=UNSPECIFIED, org.jboss.logging.provider=slf4j, os.name=Mac OS X, java.vm.specification.version=25, APPLICATION_NAME=ExpenseTracker, jakarta.persistence.nonJtaDataSource=HikariDataSource (HikariPool-1), user.country=US, sun.java.launcher=SUN_STANDARD, sun.boot.library.path=/Library/Java/JavaVirtualMachines/jdk-25.jdk/Contents/Home/lib, sun.java.command=com.rakesh.ExpenseTracker.ExpenseTrackerApplication, javax.persistence.nonJtaDataSource=HikariDataSource (HikariPool-1), http.nonProxyHosts=local|*.local|169.254/16|*.169.254/16, jdk.debug=release, sun.cpu.endian=little, hibernate.cdi.extensions=true, user.home=/Users/rakeshkuratti, user.language=en, sun.stderr.encoding=UTF-8, java.specification.vendor=Oracle Corporation, java.version.date=2026-01-20, java.home=/Library/Java/JavaVirtualMachines/jdk-25.jdk/Contents/Home, file.separator=/, java.vm.compressedOopsMode=Zero based, sun.stdout.encoding=UTF-8, line.separator=
, hibernate.persistenceUnitName=default, java.vm.specification.vendor=Oracle Corporation, java.specification.name=Java Platform API Specification, FILE_LOG_CHARSET=UTF-8, hibernate.transaction.coordinator_class=class org.hibernate.resource.transaction.backend.jdbc.internal.JdbcResourceLocalTransactionCoordinatorBuilderImpl, java.awt.headless=true, apple.awt.application.name=ExpenseTrackerApplication, jakarta.persistence.validation.mode=AUTO, hibernate.hbm2ddl.auto=update, sun.management.compiler=HotSpot 64-Bit Tiered Compilers, ftp.nonProxyHosts=local|*.local|169.254/16|*.169.254/16, java.runtime.version=25.0.2+10-LTS-69, user.name=rakeshkuratti, stdout.encoding=UTF-8, path.separator=:, os.version=26.6, java.runtime.name=Java(TM) SE Runtime Environment, file.encoding=UTF-8, java.vm.name=Java HotSpot(TM) 64-Bit Server VM, hibernate.show_sql=true, LOG_FILE=myapp.log, java.vendor.url.bug=https://bugreport.java.com/bugreport/, java.io.tmpdir=/var/folders/d9/17yqn9653js4rz2_zfr7c15m0000gn/T/, catalina.home=/private/var/folders/d9/17yqn9653js4rz2_zfr7c15m0000gn/T/tomcat.8082.4531093883047918370, java.version=25.0.2, hibernate.physical_naming_strategy=org.hibernate.boot.model.naming.PhysicalNamingStrategySnakeCaseImpl, user.dir=/Users/rakeshkuratti/Desktop/Projcts/ExpenseTracker, os.arch=x86_64, java.vm.specification.name=Java Virtual Machine Specification, PID=8235, CONSOLE_LOG_CHARSET=UTF-8, catalina.base=/private/var/folders/d9/17yqn9653js4rz2_zfr7c15m0000gn/T/tomcat.8082.4531093883047918370, hibernate.boot.CfgXmlAccessService.key=org.hibernate.boot.registry.StandardServiceRegistryBuilder$1@694b1ddb, native.encoding=UTF-8, java.library.path=/Users/rakeshkuratti/Library/Java/Extensions:/Library/Java/Extensions:/Network/Library/Java/Extensions:/System/Library/Java/Extensions:/usr/lib/java:., stderr.encoding=UTF-8, java.vendor=Oracle Corporation, java.vm.info=mixed mode, sharing, java.vm.version=25.0.2+10-LTS-69, stdin.encoding=UTF-8, sun.io.unicode.encoding=UnicodeBig, hibernate.archive.scanner=org.hibernate.boot.archive.scan.internal.DisabledScanner, hibernate.connection.datasource=HikariDataSource (HikariPool-1), socksNonProxyHosts=local|*.local|169.254/16|*.169.254/16, java.class.version=69.0, LOGGED_APPLICATION_NAME=[ExpenseTracker] }
2026-08-17 23:43:31 - o.h.v.i.x.config.ValidationXmlParser - Trying to load META-INF/validation.xml for XML based Validator configuration.
2026-08-17 23:43:31 - o.h.v.i.x.c.ResourceLoaderHelper - Trying to load META-INF/validation.xml via TCCL
2026-08-17 23:43:31 - o.h.v.i.x.c.ResourceLoaderHelper - Trying to load META-INF/validation.xml via Hibernate Validator's class loader
2026-08-17 23:43:31 - o.h.v.i.x.config.ValidationXmlParser - No META-INF/validation.xml found. Using annotation based configuration only.
2026-08-17 23:43:31 - o.h.v.i.e.r.TraversableResolvers - Found jakarta.persistence.Persistence on classpath containing 'getPersistenceUtil'. Assuming Jakarta Persistence environment. Trying to instantiate Jakarta Persistence aware TraversableResolver
2026-08-17 23:43:31 - o.h.v.i.e.r.TraversableResolvers - Instantiated Jakarta Persistence aware TraversableResolver of type org.hibernate.validator.internal.engine.resolver.JPATraversableResolver.
2026-08-17 23:43:31 - o.h.v.m.ResourceBundleMessageInterpolator - Loaded expression factory via original TCCL
2026-08-17 23:43:31 - o.h.v.i.e.ValidatorFactoryConfigurationHelper - HV000252: Using org.hibernate.validator.internal.engine.DefaultPropertyNodeNameProvider as property node name provider.
2026-08-17 23:43:31 - o.h.v.i.e.ValidatorFactoryConfigurationHelper - HV000234: Using org.hibernate.validator.messageinterpolation.ResourceBundleMessageInterpolator as ValidatorFactory-scoped message interpolator.
2026-08-17 23:43:31 - o.h.v.i.e.ValidatorFactoryConfigurationHelper - HV000234: Using org.hibernate.validator.internal.engine.resolver.JPATraversableResolver as ValidatorFactory-scoped traversable resolver.
2026-08-17 23:43:31 - o.h.v.i.e.ValidatorFactoryConfigurationHelper - HV000234: Using org.hibernate.validator.internal.util.ExecutableParameterNameProvider as ValidatorFactory-scoped parameter name provider.
2026-08-17 23:43:31 - o.h.v.i.e.ValidatorFactoryConfigurationHelper - HV000234: Using org.hibernate.validator.internal.engine.DefaultClockProvider as ValidatorFactory-scoped clock provider.
2026-08-17 23:43:31 - o.h.v.i.e.ValidatorFactoryConfigurationHelper - HV000234: Using org.hibernate.validator.internal.engine.scripting.DefaultScriptEvaluatorFactory as ValidatorFactory-scoped script evaluator factory.
2026-08-17 23:43:31 - com.zaxxer.hikari.pool.HikariPool - HikariPool-1 - After adding stats (total=5/10, idle=5/10, active=0, waiting=0)
2026-08-17 23:43:31 - com.zaxxer.hikari.pool.PoolBase - HikariPool-1 - Attempting to create/setup new connection (2e60203c-791e-4061-bc5a-d2cd4199ad5c)
2026-08-17 23:43:31 - com.zaxxer.hikari.pool.PoolBase - HikariPool-1 - Established new connection (2e60203c-791e-4061-bc5a-d2cd4199ad5c)
2026-08-17 23:43:31 - com.zaxxer.hikari.pool.HikariPool - HikariPool-1 - Added connection com.mysql.cj.jdbc.ConnectionImpl@6af368fe
2026-08-17 23:43:31 - com.zaxxer.hikari.pool.HikariPool - HikariPool-1 - After adding stats (total=6/10, idle=6/10, active=0, waiting=0)
2026-08-17 23:43:31 - com.zaxxer.hikari.pool.PoolBase - HikariPool-1 - Attempting to create/setup new connection (00a0c38b-0074-46d1-b090-576fe3199a49)
2026-08-17 23:43:31 - com.zaxxer.hikari.pool.PoolBase - HikariPool-1 - Established new connection (00a0c38b-0074-46d1-b090-576fe3199a49)
2026-08-17 23:43:31 - com.zaxxer.hikari.pool.HikariPool - HikariPool-1 - Added connection com.mysql.cj.jdbc.ConnectionImpl@71877762
2026-08-17 23:43:31 - org.hibernate.HQL_FUNCTIONS - Available HQL Functions:
	abs(NUMERIC arg)
	Double acos(NUMERIC arg)
	adddate(DATE datetime, INTEGER days)
	addtime(TIME datetime, TIME time)
	Boolean any(BOOLEAN arg)
	Integer ascii(STRING arg)
	Double asin(NUMERIC arg)
	Double atan(NUMERIC arg)
	Double atan2(NUMERIC arg0, NUMERIC arg1)
	avg(arg)
	bit_and(arg)
	Integer bit_length(STRING_OR_CLOB arg)
	bit_or(arg)
	bitand(arg0, arg1)
	bitnot(arg)
	bitor(arg0, arg1)
	bitxor(arg0, arg1)
	cast(arg as Type)
	ceiling(NUMERIC arg)
	Object changesetid(arg)
	Character char(INTEGER arg)
	Integer character_length(STRING_OR_CLOB arg)
	Character chr(INTEGER arg)
	coalesce(arg0[, arg1[, ...]])
	String collate(STRING string as COLLATION collation)
	String concat(STRING string0[, STRING string1[, ...]])
	Double cos(NUMERIC arg)
	Double cosh(NUMERIC arg)
	Double cot(NUMERIC arg)
	Long count([distinct ]{arg|*})
	Integer crc32(arg)
	Double cume_dist([arg0[, ...]])
	Date curdate()
	Date current date
	Date current time
	Date current timestamp
	Date current_date
	Instant current_instant
	Date current_time
	Date current_timestamp
	Date curtime()
	Date date(arg)
	dateadd(TEMPORAL_UNIT field, INTEGER magnitude, TEMPORAL datetime)
	Integer datediff(DATE end, DATE start)
	Integer day(DATE arg)
	String dayname(DATE arg)
	Integer dayofmonth(DATE arg)
	Integer dayofweek(DATE arg)
	Integer dayofyear(DATE arg)
	Double degrees(NUMERIC arg)
	Long dense_rank([arg0[, ...]])
	Boolean every(BOOLEAN arg)
	Double exp(NUMERIC arg)
	extract(TEMPORAL_UNIT field from TEMPORAL arg)
	first_valueANY value
	floor(NUMERIC arg)
	String format(TEMPORAL datetime as STRING pattern)
	greatest(COMPARABLE arg0, COMPARABLE arg1[, arg2[, ...]])
	String hex(arg)
	Integer hour(TIME arg)
	ifnull(arg0, arg1)
	String insert(STRING string, INTEGER start, INTEGER length, STRING replacement)
	Instant instant
	Integer instr(STRING string, STRING pattern[, INTEGER start[, INTEGER occurrence]])
	String json_array([arg0[, ...]])
	String json_array_append(IMPLICIT_JSON arg0, STRING arg1, ANY arg2)
	String json_array_insert(IMPLICIT_JSON arg0, STRING arg1, ANY arg2)
	String json_arrayagg(arg0[, arg1])
	Boolean json_exists(IMPLICIT_JSON arg0, STRING arg1)
	String json_insert(IMPLICIT_JSON arg0, STRING arg1, ANY arg2)
	String json_mergepatch(IMPLICIT_JSON arg0, IMPLICIT_JSON arg1[, arg2[, ...]])
	String json_object( ... )
	String json_objectagg(arg0, arg1[, arg2, arg3])
	String json_query( ... )
	String json_remove(IMPLICIT_JSON arg0, STRING arg1)
	String json_replace(IMPLICIT_JSON arg0, STRING arg1, ANY arg2)
	String json_set(IMPLICIT_JSON arg0, STRING arg1, ANY arg2)
	json_value( ... )
	lagANY value[, INTEGER offset[, ANY default]]
	Date last_day(DATE arg)
	last_valueANY value
	leadANY value[, INTEGER offset[, ANY default]]
	least(COMPARABLE arg0, COMPARABLE arg1[, arg2[, ...]])
	String left(STRING string, INTEGER length)
	Integer length(STRING_OR_CLOB arg)
	String listagg(STRING arg0, STRING arg1)
	Double ln(NUMERIC arg)
	LocalDate local date
	LocalDateTime local datetime
	LocalTime local time
	LocalDate local_date
	LocalDateTime local_datetime
	LocalTime local_time
	Date localtime
	Date localtimestamp
	Integer locate(STRING pattern, STRING string[, INTEGER start])
	Double log(NUMERIC arg0[, NUMERIC arg1])
	Double log10(NUMERIC arg)
	Double log2(NUMERIC arg)
	String lower(STRING string)
	String lpad(string, length[, padding])
	String ltrim(STRING string[, STRING characters])
	Date makedate(INTEGER year, INTEGER dayofyear)
	Date maketime(INTEGER hour, INTEGER min, INTEGER sec)
	max(COMPARABLE arg)
	byte[] md5(arg)
	Integer microsecond(TIME arg)
	min(COMPARABLE arg)
	Integer minute(TIME arg)
	Integer mod(INTEGER arg0, INTEGER arg1)
	ModificationType modificationtype(arg)
	Integer month(DATE arg)
	String monthname(DATE arg)
	Date now()
	nth_valueANY value, INTEGER nth
	nullif(arg0, arg1)
	Integer octet_length(STRING_OR_CLOB arg)
	OffsetDateTime offset datetime
	OffsetDateTime offset_datetime
	Integer ordinal(ENUM arg)
	String overlay(STRING string placing STRING replacement from INTEGER start[ for INTEGER length])
	String pad(STRING string with INTEGER length {leading|trailing}[ STRING character])
	Double percent_rank([arg0[, ...]])
	Double pi
	Integer position(STRING pattern in STRING string)
	Double power(NUMERIC arg0, NUMERIC arg1)
	Integer quarter(DATE arg)
	Double radians(NUMERIC arg)
	Double rand([INTEGER seed])
	Long rank([arg0[, ...]])
	Boolean regexp_like(STRING arg0, STRING arg1[, STRING arg2])
	String repeat(STRING string, INTEGER times)
	String replace(STRING string, STRING pattern, STRING replacement)
	String reverse(STRING arg)
	String right(STRING string, INTEGER length)
	round(NUMERIC number[, INTEGER places])
	Long row_number()
	String rpad(string, length[, padding])
	String rtrim(STRING string[, STRING characters])
	Integer second(TIME arg)
	byte[] sha(arg)
	String sha1(arg)
	String sha2(arg0, arg1)
	Integer sign(NUMERIC arg)
	Double sin(NUMERIC arg)
	Double sinh(NUMERIC arg)
	String soundex(arg)
	String space(INTEGER arg)
	sql
	Double sqrt(NUMERIC arg)
	Double stddev(NUMERIC arg)
	Double stddev_pop(NUMERIC arg)
	Double stddev_samp(NUMERIC arg)
	String str(arg)
	String string(ENUM arg)
	subdate(DATE datetime, INTEGER days)
	String substr(STRING string, INTEGER start[, INTEGER length])
	String substring(STRING string{ from|,} INTEGER start[{ for|,} INTEGER length])
	subtime(TIME datetime, TIME time)
	sum(arg)
	Date sysdate()
	Double tan(NUMERIC arg)
	Double tanh(NUMERIC arg)
	String time(arg)
	Date timestamp(arg0[, arg1])
	timestampadd(TEMPORAL_UNIT field, INTEGER magnitude, TEMPORAL datetime)
	Long|Double timestampdiff(TEMPORAL_UNIT field, TEMPORAL start, TEMPORAL end)
	String trim([[{leading|trailing|both} ][STRING arg0 ]from] STRING arg1)
	trunc( ... )
	truncate( ... )
	String upper(STRING string)
	Date utc_date
	Date utc_time
	Date utc_timestamp
	Double var_pop(NUMERIC arg)
	Double var_samp(NUMERIC arg)
	Double variance(NUMERIC arg)
	Integer week(DATE arg)
	Integer year(DATE arg)

2026-08-17 23:43:31 - com.zaxxer.hikari.pool.HikariPool - HikariPool-1 - After adding stats (total=7/10, idle=7/10, active=0, waiting=0)
2026-08-17 23:43:31 - com.zaxxer.hikari.pool.PoolBase - HikariPool-1 - Attempting to create/setup new connection (1517893a-6d1d-41bb-b4de-eaf9725f7517)
2026-08-17 23:43:31 - com.zaxxer.hikari.pool.PoolBase - HikariPool-1 - Established new connection (1517893a-6d1d-41bb-b4de-eaf9725f7517)
2026-08-17 23:43:31 - com.zaxxer.hikari.pool.HikariPool - HikariPool-1 - Added connection com.mysql.cj.jdbc.ConnectionImpl@507a28d8
2026-08-17 23:43:31 - com.zaxxer.hikari.pool.HikariPool - HikariPool-1 - After adding stats (total=8/10, idle=8/10, active=0, waiting=0)
2026-08-17 23:43:31 - com.zaxxer.hikari.pool.PoolBase - HikariPool-1 - Attempting to create/setup new connection (f6bbb6ba-9d4e-4072-b559-4d7f95c2c03b)
2026-08-17 23:43:31 - com.zaxxer.hikari.pool.PoolBase - HikariPool-1 - Established new connection (f6bbb6ba-9d4e-4072-b559-4d7f95c2c03b)
2026-08-17 23:43:31 - com.zaxxer.hikari.pool.HikariPool - HikariPool-1 - Added connection com.mysql.cj.jdbc.ConnectionImpl@5926e413
2026-08-17 23:43:31 - com.zaxxer.hikari.pool.HikariPool - HikariPool-1 - After adding stats (total=9/10, idle=9/10, active=0, waiting=0)
2026-08-17 23:43:31 - com.zaxxer.hikari.pool.PoolBase - HikariPool-1 - Attempting to create/setup new connection (ffa13209-6962-4eca-adc7-7c6c1a7190e6)
2026-08-17 23:43:31 - com.zaxxer.hikari.pool.PoolBase - HikariPool-1 - Established new connection (ffa13209-6962-4eca-adc7-7c6c1a7190e6)
2026-08-17 23:43:31 - com.zaxxer.hikari.pool.HikariPool - HikariPool-1 - Added connection com.mysql.cj.jdbc.ConnectionImpl@17958de
2026-08-17 23:43:31 - com.zaxxer.hikari.pool.HikariPool - HikariPool-1 - After adding stats (total=10/10, idle=10/10, active=0, waiting=0)
2026-08-17 23:43:31 - org.hibernate.orm.core - HHH000513: Unable to create the ReflectionOptimizer for [com.rakesh.ExpenseTracker.entity.Expense]: private accessor [amount]
2026-08-17 23:43:31 - org.hibernate.orm.core - HHH000489: No JTA platform available (set 'hibernate.transaction.jta.platform' to enable JTA platform integration)
2026-08-17 23:43:31 - org.hibernate.orm.service - HHH010454: EventListenerRegistry access via ServiceRegistry is deprecated - use 'sessionFactory.getEventEngine().getListenerRegistry()' instead
2026-08-17 23:43:31 - org.hibernate.SQL - 
    create table expense (
        id bigint not null,
        amount decimal(38,2) not null,
        expense_date_time datetime(6) not null,
        spend_on varchar(255) not null,
        primary key (id)
    ) engine=InnoDB
2026-08-17 23:43:31 - org.hibernate.SQL - 
    create table expense_seq (
        next_val bigint
    ) engine=InnoDB
2026-08-17 23:43:31 - org.hibernate.SQL - 
    insert into expense_seq ( next_val ) values ( 1 )
2026-08-17 23:43:31 - org.hibernate.orm.factoryRegistry - HHH020384: Registering SessionFactory [5f4254d7-020c-47e1-8913-a394f6f2221a] (default)
2026-08-17 23:43:31 - o.s.o.j.LocalContainerEntityManagerFactoryBean - Initialized JPA EntityManagerFactory for persistence unit 'default'
2026-08-17 23:43:31 - o.s.b.f.s.DefaultListableBeanFactory - Creating shared instance of singleton bean 'expenseTrackerApplication'
2026-08-17 23:43:31 - o.s.b.f.s.DefaultListableBeanFactory - Creating shared instance of singleton bean 'expenseController'
2026-08-17 23:43:31 - o.s.b.f.s.DefaultListableBeanFactory - Creating shared instance of singleton bean 'expenseServiceImpl'
2026-08-17 23:43:31 - o.s.b.f.s.DefaultListableBeanFactory - Creating shared instance of singleton bean 'expenseRepository'
2026-08-17 23:43:31 - o.s.b.f.s.DefaultListableBeanFactory - Creating shared instance of singleton bean 'jpa.named-queries#0'
2026-08-17 23:43:31 - o.s.b.f.s.DefaultListableBeanFactory - Creating shared instance of singleton bean 'jpa.ExpenseRepository.fragments#0'
2026-08-17 23:43:31 - o.s.b.f.s.DefaultListableBeanFactory - Creating shared instance of singleton bean 'jpaSharedEM_entityManagerFactory'
2026-08-17 23:43:31 - o.s.b.f.s.DefaultListableBeanFactory - Creating shared instance of singleton bean 'jpaMappingContext'
2026-08-17 23:43:31 - o.s.d.j.r.c.JpaMetamodelMappingContextFactoryBean - Initializing JpaMetamodelMappingContext…
2026-08-17 23:43:31 - o.s.d.j.r.c.JpaMetamodelMappingContextFactoryBean - Finished initializing JpaMetamodelMappingContext
2026-08-17 23:43:31 - o.s.d.j.r.q.QueryEnhancerFactories - Hibernate is in classpath; If applicable, HQL parser will be used.
2026-08-17 23:43:31 - o.s.d.r.c.s.RepositoryFactorySupport - Initializing repository instance for com.rakesh.ExpenseTracker.repository.ExpenseRepository…
2026-08-17 23:43:31 - o.s.d.r.c.s.RepositoryFactorySupport - Finished creation of repository instance for com.rakesh.ExpenseTracker.repository.ExpenseRepository.
2026-08-17 23:43:31 - o.s.b.f.s.DefaultListableBeanFactory - Autowiring by type from bean name 'expenseController' via constructor to bean named 'expenseServiceImpl'
2026-08-17 23:43:31 - o.s.b.f.s.DefaultListableBeanFactory - Creating shared instance of singleton bean 'org.springframework.boot.autoconfigure.context.PropertyPlaceholderAutoConfiguration'
2026-08-17 23:43:31 - o.s.b.f.s.DefaultListableBeanFactory - Creating shared instance of singleton bean 'org.springframework.boot.webmvc.autoconfigure.DispatcherServletAutoConfiguration'
2026-08-17 23:43:31 - o.s.b.f.s.DefaultListableBeanFactory - Creating shared instance of singleton bean 'org.springframework.boot.autoconfigure.task.TaskExecutorConfigurations$SimpleAsyncTaskExecutorBuilderConfiguration'
2026-08-17 23:43:31 - o.s.b.f.s.DefaultListableBeanFactory - Autowiring by type from bean name 'org.springframework.boot.autoconfigure.task.TaskExecutorConfigurations$SimpleAsyncTaskExecutorBuilderConfiguration' via constructor to bean named 'spring.task.execution-org.springframework.boot.autoconfigure.task.TaskExecutionProperties'
2026-08-17 23:43:31 - o.s.b.f.s.DefaultListableBeanFactory - Creating shared instance of singleton bean 'simpleAsyncTaskExecutorBuilder'
2026-08-17 23:43:31 - o.s.b.f.s.DefaultListableBeanFactory - Creating shared instance of singleton bean 'org.springframework.boot.autoconfigure.task.TaskExecutorConfigurations$AsyncConfigurerConfiguration'
2026-08-17 23:43:31 - o.s.b.f.s.DefaultListableBeanFactory - Creating shared instance of singleton bean 'applicationTaskExecutorAsyncConfigurer'
2026-08-17 23:43:31 - o.s.b.f.s.DefaultListableBeanFactory - Autowiring by type from bean name 'applicationTaskExecutorAsyncConfigurer' via factory method to bean named 'org.springframework.beans.factory.support.DefaultListableBeanFactory@47874b25'
2026-08-17 23:43:31 - o.s.b.f.s.DefaultListableBeanFactory - Creating shared instance of singleton bean 'org.springframework.boot.autoconfigure.task.TaskExecutorConfigurations$BootstrapExecutorConfiguration'
2026-08-17 23:43:31 - o.s.b.f.s.DefaultListableBeanFactory - Creating shared instance of singleton bean 'org.springframework.boot.autoconfigure.task.TaskExecutionAutoConfiguration'
2026-08-17 23:43:31 - o.s.b.f.s.DefaultListableBeanFactory - Creating shared instance of singleton bean 'org.springframework.boot.validation.autoconfigure.ValidationAutoConfiguration'
2026-08-17 23:43:31 - o.s.b.f.s.DefaultListableBeanFactory - Creating shared instance of singleton bean 'defaultValidator'
2026-08-17 23:43:31 - o.s.b.f.s.DefaultListableBeanFactory - Autowiring by type from bean name 'defaultValidator' via factory method to bean named 'org.springframework.boot.web.server.servlet.context.AnnotationConfigServletWebServerApplicationContext@1951b871'
2026-08-17 23:43:31 - o.h.v.m.ResourceBundleMessageInterpolator - Loaded expression factory via original TCCL
2026-08-17 23:43:31 - o.h.v.i.e.AbstractConfigurationImpl - Setting custom MessageInterpolator of type org.springframework.validation.beanvalidation.LocaleContextMessageInterpolator
2026-08-17 23:43:31 - o.h.v.i.e.AbstractConfigurationImpl - Setting custom ConstraintValidatorFactory of type org.springframework.validation.beanvalidation.SpringConstraintValidatorFactory
2026-08-17 23:43:31 - o.h.v.i.x.config.ValidationXmlParser - Trying to load META-INF/validation.xml for XML based Validator configuration.
2026-08-17 23:43:31 - o.h.v.i.x.c.ResourceLoaderHelper - Trying to load META-INF/validation.xml via user class loader
2026-08-17 23:43:31 - o.h.v.i.x.c.ResourceLoaderHelper - Trying to load META-INF/validation.xml via TCCL
2026-08-17 23:43:31 - o.h.v.i.x.c.ResourceLoaderHelper - Trying to load META-INF/validation.xml via Hibernate Validator's class loader
2026-08-17 23:43:31 - o.h.v.i.x.config.ValidationXmlParser - No META-INF/validation.xml found. Using annotation based configuration only.
2026-08-17 23:43:31 - o.h.v.i.e.r.TraversableResolvers - Found jakarta.persistence.Persistence on classpath containing 'getPersistenceUtil'. Assuming Jakarta Persistence environment. Trying to instantiate Jakarta Persistence aware TraversableResolver
2026-08-17 23:43:31 - o.h.v.i.e.r.TraversableResolvers - Instantiated Jakarta Persistence aware TraversableResolver of type org.hibernate.validator.internal.engine.resolver.JPATraversableResolver.
2026-08-17 23:43:31 - o.h.v.i.e.ValidatorFactoryConfigurationHelper - HV000252: Using org.hibernate.validator.internal.engine.DefaultPropertyNodeNameProvider as property node name provider.
2026-08-17 23:43:31 - o.h.v.i.e.ValidatorFactoryConfigurationHelper - HV000234: Using org.springframework.validation.beanvalidation.LocaleContextMessageInterpolator as ValidatorFactory-scoped message interpolator.
2026-08-17 23:43:31 - o.h.v.i.e.ValidatorFactoryConfigurationHelper - HV000234: Using org.hibernate.validator.internal.engine.resolver.JPATraversableResolver as ValidatorFactory-scoped traversable resolver.
2026-08-17 23:43:31 - o.h.v.i.e.ValidatorFactoryConfigurationHelper - HV000234: Using org.hibernate.validator.internal.util.ExecutableParameterNameProvider as ValidatorFactory-scoped parameter name provider.
2026-08-17 23:43:31 - o.h.v.i.e.ValidatorFactoryConfigurationHelper - HV000234: Using org.hibernate.validator.internal.engine.DefaultClockProvider as ValidatorFactory-scoped clock provider.
2026-08-17 23:43:31 - o.h.v.i.e.ValidatorFactoryConfigurationHelper - HV000234: Using org.hibernate.validator.internal.engine.scripting.DefaultScriptEvaluatorFactory as ValidatorFactory-scoped script evaluator factory.
2026-08-17 23:43:31 - o.s.b.f.s.DefaultListableBeanFactory - Creating shared instance of singleton bean 'org.springframework.boot.webmvc.autoconfigure.error.ErrorMvcAutoConfiguration$WhitelabelErrorViewConfiguration'
2026-08-17 23:43:31 - o.s.b.f.s.DefaultListableBeanFactory - Creating shared instance of singleton bean 'error'
2026-08-17 23:43:31 - o.s.b.f.s.DefaultListableBeanFactory - Creating shared instance of singleton bean 'beanNameViewResolver'
2026-08-17 23:43:31 - o.s.b.f.s.DefaultListableBeanFactory - Creating shared instance of singleton bean 'org.springframework.boot.webmvc.autoconfigure.error.ErrorMvcAutoConfiguration$DefaultErrorViewResolverConfiguration'
2026-08-17 23:43:31 - o.s.b.f.s.DefaultListableBeanFactory - Autowiring by type from bean name 'org.springframework.boot.webmvc.autoconfigure.error.ErrorMvcAutoConfiguration$DefaultErrorViewResolverConfiguration' via constructor to bean named 'org.springframework.boot.web.server.servlet.context.AnnotationConfigServletWebServerApplicationContext@1951b871'
2026-08-17 23:43:31 - o.s.b.f.s.DefaultListableBeanFactory - Autowiring by type from bean name 'org.springframework.boot.webmvc.autoconfigure.error.ErrorMvcAutoConfiguration$DefaultErrorViewResolverConfiguration' via constructor to bean named 'spring.web-org.springframework.boot.autoconfigure.web.WebProperties'
2026-08-17 23:43:31 - o.s.b.f.s.DefaultListableBeanFactory - Creating shared instance of singleton bean 'conventionErrorViewResolver'
2026-08-17 23:43:31 - o.s.b.f.s.DefaultListableBeanFactory - Creating shared instance of singleton bean 'errorAttributes'
2026-08-17 23:43:31 - o.s.b.f.s.DefaultListableBeanFactory - Creating shared instance of singleton bean 'basicErrorController'
2026-08-17 23:43:31 - o.s.b.f.s.DefaultListableBeanFactory - Autowiring by type from bean name 'basicErrorController' via factory method to bean named 'errorAttributes'
2026-08-17 23:43:31 - o.s.b.f.s.DefaultListableBeanFactory - Creating shared instance of singleton bean 'org.springframework.boot.webmvc.autoconfigure.WebMvcAutoConfiguration$EnableWebMvcConfiguration'
2026-08-17 23:43:31 - o.s.b.f.s.DefaultListableBeanFactory - Autowiring by type from bean name 'org.springframework.boot.webmvc.autoconfigure.WebMvcAutoConfiguration$EnableWebMvcConfiguration' via constructor to bean named 'spring.mvc-org.springframework.boot.webmvc.autoconfigure.WebMvcProperties'
2026-08-17 23:43:31 - o.s.b.f.s.DefaultListableBeanFactory - Autowiring by type from bean name 'org.springframework.boot.webmvc.autoconfigure.WebMvcAutoConfiguration$EnableWebMvcConfiguration' via constructor to bean named 'spring.web-org.springframework.boot.autoconfigure.web.WebProperties'
2026-08-17 23:43:31 - o.s.b.f.s.DefaultListableBeanFactory - Autowiring by type from bean name 'org.springframework.boot.webmvc.autoconfigure.WebMvcAutoConfiguration$EnableWebMvcConfiguration' via constructor to bean named 'org.springframework.beans.factory.support.DefaultListableBeanFactory@47874b25'
2026-08-17 23:43:31 - o.s.b.f.s.DefaultListableBeanFactory - Creating shared instance of singleton bean 'org.springframework.boot.webmvc.autoconfigure.WebMvcAutoConfiguration$WebMvcAutoConfigurationAdapter'
2026-08-17 23:43:31 - o.s.b.f.s.DefaultListableBeanFactory - Autowiring by type from bean name 'org.springframework.boot.webmvc.autoconfigure.WebMvcAutoConfiguration$WebMvcAutoConfigurationAdapter' via constructor to bean named 'spring.web-org.springframework.boot.autoconfigure.web.WebProperties'
2026-08-17 23:43:31 - o.s.b.f.s.DefaultListableBeanFactory - Autowiring by type from bean name 'org.springframework.boot.webmvc.autoconfigure.WebMvcAutoConfiguration$WebMvcAutoConfigurationAdapter' via constructor to bean named 'spring.mvc-org.springframework.boot.webmvc.autoconfigure.WebMvcProperties'
2026-08-17 23:43:31 - o.s.b.f.s.DefaultListableBeanFactory - Autowiring by type from bean name 'org.springframework.boot.webmvc.autoconfigure.WebMvcAutoConfiguration$WebMvcAutoConfigurationAdapter' via constructor to bean named 'org.springframework.beans.factory.support.DefaultListableBeanFactory@47874b25'
2026-08-17 23:43:31 - o.s.b.f.s.DefaultListableBeanFactory - Creating shared instance of singleton bean 'org.springframework.data.web.config.SpringDataWebConfiguration'
2026-08-17 23:43:31 - o.s.b.f.s.DefaultListableBeanFactory - Autowiring by type from bean name 'org.springframework.data.web.config.SpringDataWebConfiguration' via constructor to bean named 'org.springframework.boot.web.server.servlet.context.AnnotationConfigServletWebServerApplicationContext@1951b871'
2026-08-17 23:43:31 - o.s.b.f.s.DefaultListableBeanFactory - Creating shared instance of singleton bean 'openEntityManagerInViewInterceptorConfigurer'
2026-08-17 23:43:31 - o.s.b.f.s.DefaultListableBeanFactory - Creating shared instance of singleton bean 'org.springframework.boot.jpa.autoconfigure.JpaBaseConfiguration$JpaWebConfiguration'
2026-08-17 23:43:31 - o.s.b.f.s.DefaultListableBeanFactory - Autowiring by type from bean name 'org.springframework.boot.jpa.autoconfigure.JpaBaseConfiguration$JpaWebConfiguration' via constructor to bean named 'spring.jpa-org.springframework.boot.jpa.autoconfigure.JpaProperties'
2026-08-17 23:43:31 - o.s.b.f.s.DefaultListableBeanFactory - Creating shared instance of singleton bean 'openEntityManagerInViewInterceptor'
2026-08-17 23:43:31 - o.s.b.j.a.JpaBaseConfiguration$JpaWebConfiguration - spring.jpa.open-in-view is enabled by default. Therefore, database queries may be performed during view rendering. Explicitly configure spring.jpa.open-in-view to disable this warning
2026-08-17 23:43:31 - o.s.b.f.s.DefaultListableBeanFactory - Autowiring by type from bean name 'openEntityManagerInViewInterceptorConfigurer' via factory method to bean named 'openEntityManagerInViewInterceptor'
2026-08-17 23:43:31 - o.s.b.f.s.DefaultListableBeanFactory - Creating shared instance of singleton bean 'welcomePageHandlerMapping'
2026-08-17 23:43:31 - o.s.b.f.s.DefaultListableBeanFactory - Creating shared instance of singleton bean 'mvcConversionService'
2026-08-17 23:43:31 - o.s.b.f.s.DefaultListableBeanFactory - Creating shared instance of singleton bean 'mvcResourceUrlProvider'
2026-08-17 23:43:31 - o.s.b.f.s.DefaultListableBeanFactory - Autowiring by type from bean name 'welcomePageHandlerMapping' via factory method to bean named 'org.springframework.boot.web.server.servlet.context.AnnotationConfigServletWebServerApplicationContext@1951b871'
2026-08-17 23:43:31 - o.s.b.f.s.DefaultListableBeanFactory - Autowiring by type from bean name 'welcomePageHandlerMapping' via factory method to bean named 'mvcConversionService'
2026-08-17 23:43:31 - o.s.b.f.s.DefaultListableBeanFactory - Autowiring by type from bean name 'welcomePageHandlerMapping' via factory method to bean named 'mvcResourceUrlProvider'
2026-08-17 23:43:31 - o.s.b.f.s.DefaultListableBeanFactory - Creating shared instance of singleton bean 'welcomePageNotAcceptableHandlerMapping'
2026-08-17 23:43:31 - o.s.b.f.s.DefaultListableBeanFactory - Autowiring by type from bean name 'welcomePageNotAcceptableHandlerMapping' via factory method to bean named 'org.springframework.boot.web.server.servlet.context.AnnotationConfigServletWebServerApplicationContext@1951b871'
2026-08-17 23:43:31 - o.s.b.f.s.DefaultListableBeanFactory - Autowiring by type from bean name 'welcomePageNotAcceptableHandlerMapping' via factory method to bean named 'mvcConversionService'
2026-08-17 23:43:31 - o.s.b.f.s.DefaultListableBeanFactory - Autowiring by type from bean name 'welcomePageNotAcceptableHandlerMapping' via factory method to bean named 'mvcResourceUrlProvider'
2026-08-17 23:43:31 - o.s.b.f.s.DefaultListableBeanFactory - Creating shared instance of singleton bean 'localeResolver'
2026-08-17 23:43:31 - o.s.b.f.s.DefaultListableBeanFactory - Creating shared instance of singleton bean 'flashMapManager'
2026-08-17 23:43:31 - o.s.b.f.s.DefaultListableBeanFactory - Creating shared instance of singleton bean 'viewNameTranslator'
2026-08-17 23:43:32 - o.s.b.f.s.DefaultListableBeanFactory - Creating shared instance of singleton bean 'mvcValidator'
2026-08-17 23:43:32 - o.s.b.f.s.DefaultListableBeanFactory - Creating shared instance of singleton bean 'requestMappingHandlerMapping'
2026-08-17 23:43:32 - o.s.b.f.s.DefaultListableBeanFactory - Creating shared instance of singleton bean 'mvcContentNegotiationManager'
2026-08-17 23:43:32 - o.s.b.f.s.DefaultListableBeanFactory - Creating shared instance of singleton bean 'stringHttpMessageConvertersCustomizer'
2026-08-17 23:43:32 - o.s.b.f.s.DefaultListableBeanFactory - Creating shared instance of singleton bean 'org.springframework.boot.http.converter.autoconfigure.HttpMessageConvertersAutoConfiguration$StringHttpMessageConverterConfiguration'
2026-08-17 23:43:32 - o.s.b.f.s.DefaultListableBeanFactory - Creating shared instance of singleton bean 'spring.http.converters-org.springframework.boot.http.converter.autoconfigure.HttpMessageConvertersProperties'
2026-08-17 23:43:32 - o.s.b.f.s.DefaultListableBeanFactory - Autowiring by type from bean name 'stringHttpMessageConvertersCustomizer' via factory method to bean named 'spring.http.converters-org.springframework.boot.http.converter.autoconfigure.HttpMessageConvertersProperties'
2026-08-17 23:43:32 - o.s.b.f.s.DefaultListableBeanFactory - Creating shared instance of singleton bean 'jacksonJsonHttpMessageConvertersCustomizer'
2026-08-17 23:43:32 - o.s.b.f.s.DefaultListableBeanFactory - Creating shared instance of singleton bean 'org.springframework.boot.http.converter.autoconfigure.JacksonHttpMessageConvertersConfiguration$JacksonJsonHttpMessageConverterConfiguration'
2026-08-17 23:43:32 - o.s.b.f.s.DefaultListableBeanFactory - Creating shared instance of singleton bean 'jacksonJsonMapper'
2026-08-17 23:43:32 - o.s.b.f.s.DefaultListableBeanFactory - Creating shared instance of singleton bean 'org.springframework.boot.jackson.autoconfigure.JacksonAutoConfiguration'
2026-08-17 23:43:32 - o.s.b.f.s.DefaultListableBeanFactory - Creating shared instance of singleton bean 'problemDetailJsonMapperBuilderCustomizer'
2026-08-17 23:43:32 - o.s.b.f.s.DefaultListableBeanFactory - Creating shared instance of singleton bean 'org.springframework.boot.jackson.autoconfigure.JacksonAutoConfiguration$JsonProblemDetailsConfiguration'
2026-08-17 23:43:32 - o.s.b.f.s.DefaultListableBeanFactory - Creating shared instance of singleton bean 'standardJsonMapperBuilderCustomizer'
2026-08-17 23:43:32 - o.s.b.f.s.DefaultListableBeanFactory - Creating shared instance of singleton bean 'org.springframework.boot.jackson.autoconfigure.JacksonAutoConfiguration$JacksonJsonCustomizerConfiguration'
2026-08-17 23:43:32 - o.s.b.f.s.DefaultListableBeanFactory - Creating shared instance of singleton bean 'spring.jackson-org.springframework.boot.jackson.autoconfigure.JacksonProperties'
2026-08-17 23:43:32 - o.s.b.f.s.DefaultListableBeanFactory - Autowiring by type from bean name 'org.springframework.boot.jackson.autoconfigure.JacksonAutoConfiguration$JacksonJsonCustomizerConfiguration' via constructor to bean named 'spring.jackson-org.springframework.boot.jackson.autoconfigure.JacksonProperties'
2026-08-17 23:43:32 - o.s.b.f.s.DefaultListableBeanFactory - Autowiring by type from bean name 'standardJsonMapperBuilderCustomizer' via factory method to bean named 'org.springframework.beans.factory.support.DefaultListableBeanFactory@47874b25'
2026-08-17 23:43:32 - o.s.b.f.s.DefaultListableBeanFactory - Creating shared instance of singleton bean 'jackson3GeoModule'
2026-08-17 23:43:32 - o.s.b.f.s.DefaultListableBeanFactory - Creating shared instance of singleton bean 'org.springframework.data.web.config.SpringDataJackson3Configuration'
2026-08-17 23:43:32 - o.s.b.f.s.DefaultListableBeanFactory - Creating shared instance of singleton bean 'springDataWebSettings'
2026-08-17 23:43:32 - o.s.b.f.s.DefaultListableBeanFactory - Creating shared instance of singleton bean 'org.springframework.boot.data.autoconfigure.web.DataWebAutoConfiguration'
2026-08-17 23:43:32 - o.s.b.f.s.DefaultListableBeanFactory - Creating shared instance of singleton bean 'spring.data.web-org.springframework.boot.data.autoconfigure.web.DataWebProperties'
2026-08-17 23:43:32 - o.s.b.f.s.DefaultListableBeanFactory - Autowiring by type from bean name 'org.springframework.boot.data.autoconfigure.web.DataWebAutoConfiguration' via constructor to bean named 'spring.data.web-org.springframework.boot.data.autoconfigure.web.DataWebProperties'
2026-08-17 23:43:32 - o.s.b.f.s.DefaultListableBeanFactory - Creating shared instance of singleton bean 'jackson3pageModule'
2026-08-17 23:43:32 - o.s.b.f.s.DefaultListableBeanFactory - Creating shared instance of singleton bean 'jacksonMixinModule'
2026-08-17 23:43:32 - o.s.b.f.s.DefaultListableBeanFactory - Creating shared instance of singleton bean 'org.springframework.boot.jackson.autoconfigure.JacksonAutoConfiguration$JacksonMixinConfiguration'
2026-08-17 23:43:32 - o.s.b.f.s.DefaultListableBeanFactory - Creating shared instance of singleton bean 'jacksonMixinModuleEntries'
2026-08-17 23:43:32 - o.s.b.f.s.DefaultListableBeanFactory - Autowiring by type from bean name 'jacksonMixinModuleEntries' via factory method to bean named 'org.springframework.boot.web.server.servlet.context.AnnotationConfigServletWebServerApplicationContext@1951b871'
2026-08-17 23:43:32 - o.s.b.f.s.DefaultListableBeanFactory - Autowiring by type from bean name 'jacksonMixinModule' via factory method to bean named 'org.springframework.boot.web.server.servlet.context.AnnotationConfigServletWebServerApplicationContext@1951b871'
2026-08-17 23:43:32 - o.s.b.f.s.DefaultListableBeanFactory - Autowiring by type from bean name 'jacksonMixinModule' via factory method to bean named 'jacksonMixinModuleEntries'
2026-08-17 23:43:32 - o.s.b.f.s.DefaultListableBeanFactory - Creating shared instance of singleton bean 'jsonComponentModule'
2026-08-17 23:43:32 - o.s.b.f.s.DefaultListableBeanFactory - Creating shared instance of singleton bean 'jsonFactory'
2026-08-17 23:43:32 - o.s.b.f.s.DefaultListableBeanFactory - Creating shared instance of singleton bean 'standardJsonFactoryBuilderCustomizer'
2026-08-17 23:43:32 - o.s.b.f.s.DefaultListableBeanFactory - Autowiring by type from bean name 'jsonFactory' via factory method to bean named 'standardJsonFactoryBuilderCustomizer'
2026-08-17 23:43:32 - o.s.b.f.s.DefaultListableBeanFactory - Autowiring by type from bean name 'jsonMapperBuilder' via factory method to bean named 'problemDetailJsonMapperBuilderCustomizer'
2026-08-17 23:43:32 - o.s.b.f.s.DefaultListableBeanFactory - Autowiring by type from bean name 'jsonMapperBuilder' via factory method to bean named 'standardJsonMapperBuilderCustomizer'
2026-08-17 23:43:32 - o.s.b.f.s.DefaultListableBeanFactory - Autowiring by type from bean name 'jsonMapperBuilder' via factory method to bean named 'jsonFactory'
2026-08-17 23:43:32 - o.s.b.f.s.DefaultListableBeanFactory - Autowiring by type from bean name 'jacksonJsonMapper' via factory method to bean named 'jsonMapperBuilder'
2026-08-17 23:43:32 - o.s.b.f.s.DefaultListableBeanFactory - Autowiring by type from bean name 'jacksonJsonHttpMessageConvertersCustomizer' via factory method to bean named 'jacksonJsonMapper'
2026-08-17 23:43:32 - o.s.b.f.s.DefaultListableBeanFactory - Creating shared instance of singleton bean 'serverConvertersCustomizer'
2026-08-17 23:43:32 - o.s.b.f.s.DefaultListableBeanFactory - Creating shared instance of singleton bean 'org.springframework.boot.http.converter.autoconfigure.HttpMessageConvertersAutoConfiguration'
2026-08-17 23:43:32 - o.s.b.f.s.DefaultListableBeanFactory - Creating shared instance of singleton bean 'mvcApiVersionStrategy'
2026-08-17 23:43:32 - o.s.b.f.s.DefaultListableBeanFactory - Autowiring by type from bean name 'requestMappingHandlerMapping' via factory method to bean named 'mvcContentNegotiationManager'
2026-08-17 23:43:32 - o.s.b.f.s.DefaultListableBeanFactory - Autowiring by type from bean name 'requestMappingHandlerMapping' via factory method to bean named 'mvcApiVersionStrategy'
2026-08-17 23:43:32 - o.s.b.f.s.DefaultListableBeanFactory - Autowiring by type from bean name 'requestMappingHandlerMapping' via factory method to bean named 'mvcConversionService'
2026-08-17 23:43:32 - o.s.b.f.s.DefaultListableBeanFactory - Autowiring by type from bean name 'requestMappingHandlerMapping' via factory method to bean named 'mvcResourceUrlProvider'
2026-08-17 23:43:32 - _.s.w.s.HandlerMapping.Mappings - 
	c.r.E.c.ExpenseController:
	{GET [/Expense]}: getAllExpenses()
	{POST [/Expense]}: saveExpense(ExpenseRequestDTO)
2026-08-17 23:43:32 - _.s.w.s.HandlerMapping.Mappings - 
	o.s.b.w.a.e.BasicErrorController:
	{ [/error]}: error(HttpServletRequest)
	{ [/error], produces [text/html]}: errorHtml(HttpServletRequest,HttpServletResponse)
2026-08-17 23:43:32 - o.s.w.s.m.m.a.RequestMappingHandlerMapping - 4 mappings in 'requestMappingHandlerMapping'
2026-08-17 23:43:32 - o.s.b.f.s.DefaultListableBeanFactory - Creating shared instance of singleton bean 'mvcPatternParser'
2026-08-17 23:43:32 - o.s.b.f.s.DefaultListableBeanFactory - Creating shared instance of singleton bean 'mvcUrlPathHelper'
2026-08-17 23:43:32 - o.s.b.f.s.DefaultListableBeanFactory - Creating shared instance of singleton bean 'mvcPathMatcher'
2026-08-17 23:43:32 - o.s.b.f.s.DefaultListableBeanFactory - Creating shared instance of singleton bean 'viewControllerHandlerMapping'
2026-08-17 23:43:32 - o.s.b.f.s.DefaultListableBeanFactory - Autowiring by type from bean name 'viewControllerHandlerMapping' via factory method to bean named 'mvcConversionService'
2026-08-17 23:43:32 - o.s.b.f.s.DefaultListableBeanFactory - Autowiring by type from bean name 'viewControllerHandlerMapping' via factory method to bean named 'mvcResourceUrlProvider'
2026-08-17 23:43:32 - o.s.b.f.s.DefaultListableBeanFactory - Creating shared instance of singleton bean 'beanNameHandlerMapping'
2026-08-17 23:43:32 - o.s.b.f.s.DefaultListableBeanFactory - Autowiring by type from bean name 'beanNameHandlerMapping' via factory method to bean named 'mvcConversionService'
2026-08-17 23:43:32 - o.s.b.f.s.DefaultListableBeanFactory - Autowiring by type from bean name 'beanNameHandlerMapping' via factory method to bean named 'mvcResourceUrlProvider'
2026-08-17 23:43:32 - _.s.w.s.HandlerMapping.Mappings - 'beanNameHandlerMapping' {}
2026-08-17 23:43:32 - o.s.b.f.s.DefaultListableBeanFactory - Creating shared instance of singleton bean 'routerFunctionMapping'
2026-08-17 23:43:32 - o.s.b.f.s.DefaultListableBeanFactory - Autowiring by type from bean name 'routerFunctionMapping' via factory method to bean named 'mvcConversionService'
2026-08-17 23:43:32 - o.s.b.f.s.DefaultListableBeanFactory - Autowiring by type from bean name 'routerFunctionMapping' via factory method to bean named 'mvcResourceUrlProvider'
2026-08-17 23:43:32 - o.s.b.f.s.DefaultListableBeanFactory - Autowiring by type from bean name 'routerFunctionMapping' via factory method to bean named 'mvcApiVersionStrategy'
2026-08-17 23:43:32 - o.s.b.f.s.DefaultListableBeanFactory - Creating shared instance of singleton bean 'resourceHandlerMapping'
2026-08-17 23:43:32 - o.s.b.f.s.DefaultListableBeanFactory - Autowiring by type from bean name 'resourceHandlerMapping' via factory method to bean named 'mvcContentNegotiationManager'
2026-08-17 23:43:32 - o.s.b.f.s.DefaultListableBeanFactory - Autowiring by type from bean name 'resourceHandlerMapping' via factory method to bean named 'mvcConversionService'
2026-08-17 23:43:32 - o.s.b.f.s.DefaultListableBeanFactory - Autowiring by type from bean name 'resourceHandlerMapping' via factory method to bean named 'mvcResourceUrlProvider'
2026-08-17 23:43:32 - _.s.w.s.HandlerMapping.Mappings - 'resourceHandlerMapping' {/webjars/**=ResourceHttpRequestHandler [classpath [META-INF/resources/webjars/]], /**=ResourceHttpRequestHandler [classpath [META-INF/resources/], classpath [resources/], classpath [static/], classpath [public/], ServletContext [/]]}
2026-08-17 23:43:32 - o.s.b.f.s.DefaultListableBeanFactory - Creating shared instance of singleton bean 'defaultServletHandlerMapping'
2026-08-17 23:43:32 - o.s.b.f.s.DefaultListableBeanFactory - Creating shared instance of singleton bean 'requestMappingHandlerAdapter'
2026-08-17 23:43:32 - o.s.b.f.s.DefaultListableBeanFactory - Autowiring by type from bean name 'requestMappingHandlerAdapter' via factory method to bean named 'mvcContentNegotiationManager'
2026-08-17 23:43:32 - o.s.b.f.s.DefaultListableBeanFactory - Autowiring by type from bean name 'requestMappingHandlerAdapter' via factory method to bean named 'mvcConversionService'
2026-08-17 23:43:32 - o.s.b.f.s.DefaultListableBeanFactory - Autowiring by type from bean name 'requestMappingHandlerAdapter' via factory method to bean named 'mvcValidator'
2026-08-17 23:43:32 - o.s.b.f.s.DefaultListableBeanFactory - Creating shared instance of singleton bean 'sortResolver'
2026-08-17 23:43:32 - o.s.b.f.s.DefaultListableBeanFactory - Creating shared instance of singleton bean 'sortCustomizer'
2026-08-17 23:43:32 - o.s.b.f.s.DefaultListableBeanFactory - Creating shared instance of singleton bean 'pageableResolver'
2026-08-17 23:43:32 - o.s.b.f.s.DefaultListableBeanFactory - Creating shared instance of singleton bean 'pageableCustomizer'
2026-08-17 23:43:32 - o.s.w.s.m.m.a.RequestMappingHandlerAdapter - ControllerAdvice beans: 0 @ModelAttribute, 0 @InitBinder, 2 RequestBodyAdvice, 1 ResponseBodyAdvice
2026-08-17 23:43:32 - o.s.b.f.s.DefaultListableBeanFactory - Creating shared instance of singleton bean 'mvcViewResolver'
2026-08-17 23:43:32 - o.s.b.f.s.DefaultListableBeanFactory - Autowiring by type from bean name 'mvcViewResolver' via factory method to bean named 'mvcContentNegotiationManager'
2026-08-17 23:43:32 - o.s.b.f.s.DefaultListableBeanFactory - Creating shared instance of singleton bean 'defaultViewResolver'
2026-08-17 23:43:32 - o.s.b.f.s.DefaultListableBeanFactory - Creating shared instance of singleton bean 'viewResolver'
2026-08-17 23:43:32 - o.s.b.f.s.DefaultListableBeanFactory - Autowiring by type from bean name 'viewResolver' via factory method to bean named 'org.springframework.beans.factory.support.DefaultListableBeanFactory@47874b25'
2026-08-17 23:43:32 - o.s.b.f.s.DefaultListableBeanFactory - Creating shared instance of singleton bean 'viewResolver'
2026-08-17 23:43:32 - o.s.b.f.s.DefaultListableBeanFactory - Creating shared instance of singleton bean 'handlerFunctionAdapter'
2026-08-17 23:43:32 - o.s.b.f.s.DefaultListableBeanFactory - Creating shared instance of singleton bean 'mvcUriComponentsContributor'
2026-08-17 23:43:32 - o.s.b.f.s.DefaultListableBeanFactory - Autowiring by type from bean name 'mvcUriComponentsContributor' via factory method to bean named 'mvcConversionService'
2026-08-17 23:43:32 - o.s.b.f.s.DefaultListableBeanFactory - Autowiring by type from bean name 'mvcUriComponentsContributor' via factory method to bean named 'requestMappingHandlerAdapter'
2026-08-17 23:43:32 - o.s.b.f.s.DefaultListableBeanFactory - Creating shared instance of singleton bean 'httpRequestHandlerAdapter'
2026-08-17 23:43:32 - o.s.b.f.s.DefaultListableBeanFactory - Creating shared instance of singleton bean 'simpleControllerHandlerAdapter'
2026-08-17 23:43:32 - o.s.b.f.s.DefaultListableBeanFactory - Creating shared instance of singleton bean 'handlerExceptionResolver'
2026-08-17 23:43:32 - o.s.b.f.s.DefaultListableBeanFactory - Autowiring by type from bean name 'handlerExceptionResolver' via factory method to bean named 'mvcContentNegotiationManager'
2026-08-17 23:43:32 - o.s.w.s.m.m.a.ExceptionHandlerExceptionResolver - ControllerAdvice beans: 0 @ExceptionHandler, 1 ResponseBodyAdvice
2026-08-17 23:43:32 - o.s.b.f.s.DefaultListableBeanFactory - Creating shared instance of singleton bean 'org.springframework.boot.autoconfigure.aop.AopAutoConfiguration$AspectJAutoProxyingConfiguration$CglibAutoProxyConfiguration'
2026-08-17 23:43:32 - o.s.b.f.s.DefaultListableBeanFactory - Creating shared instance of singleton bean 'org.springframework.boot.autoconfigure.aop.AopAutoConfiguration$AspectJAutoProxyingConfiguration'
2026-08-17 23:43:32 - o.s.b.f.s.DefaultListableBeanFactory - Creating shared instance of singleton bean 'org.springframework.boot.autoconfigure.aop.AopAutoConfiguration'
2026-08-17 23:43:32 - o.s.b.f.s.DefaultListableBeanFactory - Creating shared instance of singleton bean 'org.springframework.boot.autoconfigure.availability.ApplicationAvailabilityAutoConfiguration'
2026-08-17 23:43:32 - o.s.b.f.s.DefaultListableBeanFactory - Creating shared instance of singleton bean 'applicationAvailability'
2026-08-17 23:43:32 - o.s.b.f.s.DefaultListableBeanFactory - Creating shared instance of singleton bean 'org.springframework.boot.autoconfigure.context.ConfigurationPropertiesAutoConfiguration'
2026-08-17 23:43:32 - o.s.b.f.s.DefaultListableBeanFactory - Creating shared instance of singleton bean 'org.springframework.boot.autoconfigure.context.LifecycleAutoConfiguration'
2026-08-17 23:43:32 - o.s.b.f.s.DefaultListableBeanFactory - Creating shared instance of singleton bean 'lifecycleProcessor'
2026-08-17 23:43:32 - o.s.b.f.s.DefaultListableBeanFactory - Creating shared instance of singleton bean 'spring.lifecycle-org.springframework.boot.autoconfigure.context.LifecycleProperties'
2026-08-17 23:43:32 - o.s.b.f.s.DefaultListableBeanFactory - Autowiring by type from bean name 'lifecycleProcessor' via factory method to bean named 'spring.lifecycle-org.springframework.boot.autoconfigure.context.LifecycleProperties'
2026-08-17 23:43:32 - o.s.b.f.s.DefaultListableBeanFactory - Creating shared instance of singleton bean 'org.springframework.boot.autoconfigure.info.ProjectInfoAutoConfiguration'
2026-08-17 23:43:32 - o.s.b.f.s.DefaultListableBeanFactory - Creating shared instance of singleton bean 'spring.info-org.springframework.boot.autoconfigure.info.ProjectInfoProperties'
2026-08-17 23:43:32 - o.s.b.f.s.DefaultListableBeanFactory - Autowiring by type from bean name 'org.springframework.boot.autoconfigure.info.ProjectInfoAutoConfiguration' via constructor to bean named 'spring.info-org.springframework.boot.autoconfigure.info.ProjectInfoProperties'
2026-08-17 23:43:32 - o.s.b.f.s.DefaultListableBeanFactory - Creating shared instance of singleton bean 'org.springframework.boot.autoconfigure.task.TaskSchedulingConfigurations$ThreadPoolTaskSchedulerBuilderConfiguration'
2026-08-17 23:43:32 - o.s.b.f.s.DefaultListableBeanFactory - Creating shared instance of singleton bean 'threadPoolTaskSchedulerBuilder'
2026-08-17 23:43:32 - o.s.b.f.s.DefaultListableBeanFactory - Creating shared instance of singleton bean 'spring.task.scheduling-org.springframework.boot.autoconfigure.task.TaskSchedulingProperties'
2026-08-17 23:43:32 - o.s.b.f.s.DefaultListableBeanFactory - Autowiring by type from bean name 'threadPoolTaskSchedulerBuilder' via factory method to bean named 'spring.task.scheduling-org.springframework.boot.autoconfigure.task.TaskSchedulingProperties'
2026-08-17 23:43:32 - o.s.b.f.s.DefaultListableBeanFactory - Creating shared instance of singleton bean 'org.springframework.boot.autoconfigure.task.TaskSchedulingConfigurations$SimpleAsyncTaskSchedulerBuilderConfiguration'
2026-08-17 23:43:32 - o.s.b.f.s.DefaultListableBeanFactory - Autowiring by type from bean name 'org.springframework.boot.autoconfigure.task.TaskSchedulingConfigurations$SimpleAsyncTaskSchedulerBuilderConfiguration' via constructor to bean named 'spring.task.scheduling-org.springframework.boot.autoconfigure.task.TaskSchedulingProperties'
2026-08-17 23:43:32 - o.s.b.f.s.DefaultListableBeanFactory - Creating shared instance of singleton bean 'simpleAsyncTaskSchedulerBuilder'
2026-08-17 23:43:32 - o.s.b.f.s.DefaultListableBeanFactory - Creating shared instance of singleton bean 'org.springframework.boot.autoconfigure.task.TaskSchedulingAutoConfiguration'
2026-08-17 23:43:32 - o.s.b.f.s.DefaultListableBeanFactory - Creating shared instance of singleton bean 'org.springframework.data.web.config.ProjectingArgumentResolverRegistrar'
2026-08-17 23:43:32 - o.s.b.f.s.DefaultListableBeanFactory - Creating shared instance of singleton bean 'offsetResolver'
2026-08-17 23:43:32 - o.s.b.f.s.DefaultListableBeanFactory - Creating shared instance of singleton bean 'org.springframework.boot.transaction.jta.autoconfigure.JtaAutoConfiguration'
2026-08-17 23:43:32 - o.s.b.f.s.DefaultListableBeanFactory - Creating shared instance of singleton bean 'org.springframework.boot.jdbc.autoconfigure.DataSourcePoolMetadataProvidersConfiguration'
2026-08-17 23:43:32 - o.s.b.f.s.DefaultListableBeanFactory - Creating shared instance of singleton bean 'org.springframework.boot.jdbc.autoconfigure.DataSourceAutoConfiguration'
2026-08-17 23:43:32 - o.s.b.f.s.DefaultListableBeanFactory - Creating shared instance of singleton bean 'org.springframework.boot.transaction.autoconfigure.TransactionManagerCustomizationAutoConfiguration'
2026-08-17 23:43:32 - o.s.b.f.s.DefaultListableBeanFactory - Creating shared instance of singleton bean 'platformTransactionManagerCustomizers'
2026-08-17 23:43:32 - o.s.b.f.s.DefaultListableBeanFactory - Creating shared instance of singleton bean 'transactionExecutionListeners'
2026-08-17 23:43:32 - o.s.b.f.s.DefaultListableBeanFactory - Creating shared instance of singleton bean 'spring.transaction-org.springframework.boot.transaction.autoconfigure.TransactionProperties'
2026-08-17 23:43:32 - o.s.b.f.s.DefaultListableBeanFactory - Creating shared instance of singleton bean 'org.springframework.boot.jpa.autoconfigure.JpaBaseConfiguration$PersistenceManagedTypesConfiguration'
2026-08-17 23:43:32 - o.s.b.f.s.DefaultListableBeanFactory - Creating shared instance of singleton bean 'transactionManager'
2026-08-17 23:43:32 - o.s.b.f.s.DefaultListableBeanFactory - Creating shared instance of singleton bean 'org.springframework.boot.hibernate.autoconfigure.HibernateJpaAutoConfiguration'
2026-08-17 23:43:32 - o.s.b.f.s.DefaultListableBeanFactory - Creating shared instance of singleton bean 'org.springframework.boot.data.jpa.autoconfigure.DataJpaRepositoriesAutoConfiguration'
2026-08-17 23:43:32 - o.s.b.f.s.DefaultListableBeanFactory - Creating shared instance of singleton bean 'eagerJpaMetamodelCacheCleanup'
2026-08-17 23:43:32 - o.s.b.f.s.DefaultListableBeanFactory - Creating shared instance of singleton bean 'org.springframework.data.jpa.util.JpaMetamodelCacheCleanup'
2026-08-17 23:43:32 - o.s.b.f.s.DefaultListableBeanFactory - Creating shared instance of singleton bean 'org.springframework.data.jpa.repository.support.JpaEvaluationContextExtension'
2026-08-17 23:43:32 - o.s.b.f.s.DefaultListableBeanFactory - Creating shared instance of singleton bean 'data-jpa.repository-aot-processor#0'
2026-08-17 23:43:32 - o.s.b.f.s.DefaultListableBeanFactory - Creating shared instance of singleton bean 'org.springframework.boot.http.converter.autoconfigure.JacksonHttpMessageConvertersConfiguration'
2026-08-17 23:43:32 - o.s.b.f.s.DefaultListableBeanFactory - Creating shared instance of singleton bean 'org.springframework.boot.http.converter.autoconfigure.Jackson2HttpMessageConvertersConfiguration'
2026-08-17 23:43:32 - o.s.b.f.s.DefaultListableBeanFactory - Creating shared instance of singleton bean 'clientConvertersCustomizer'
2026-08-17 23:43:32 - o.s.b.f.s.DefaultListableBeanFactory - Creating shared instance of singleton bean 'org.springframework.boot.jdbc.autoconfigure.JdbcTemplateConfiguration'
2026-08-17 23:43:32 - o.s.b.f.s.DefaultListableBeanFactory - Creating shared instance of singleton bean 'jdbcTemplate'
2026-08-17 23:43:32 - o.s.b.f.s.DefaultListableBeanFactory - Creating shared instance of singleton bean 'spring.jdbc-org.springframework.boot.jdbc.autoconfigure.JdbcProperties'
2026-08-17 23:43:32 - o.s.b.f.s.DefaultListableBeanFactory - Autowiring by type from bean name 'jdbcTemplate' via factory method to bean named 'dataSource'
2026-08-17 23:43:32 - o.s.b.f.s.DefaultListableBeanFactory - Autowiring by type from bean name 'jdbcTemplate' via factory method to bean named 'spring.jdbc-org.springframework.boot.jdbc.autoconfigure.JdbcProperties'
2026-08-17 23:43:32 - o.s.b.f.s.DefaultListableBeanFactory - Creating shared instance of singleton bean 'org.springframework.boot.jdbc.autoconfigure.NamedParameterJdbcTemplateConfiguration'
2026-08-17 23:43:32 - o.s.b.f.s.DefaultListableBeanFactory - Creating shared instance of singleton bean 'namedParameterJdbcTemplate'
2026-08-17 23:43:32 - o.s.b.f.s.DefaultListableBeanFactory - Autowiring by type from bean name 'namedParameterJdbcTemplate' via factory method to bean named 'jdbcTemplate'
2026-08-17 23:43:32 - o.s.b.f.s.DefaultListableBeanFactory - Creating shared instance of singleton bean 'org.springframework.boot.jdbc.autoconfigure.JdbcTemplateAutoConfiguration'
2026-08-17 23:43:32 - o.s.b.f.s.DefaultListableBeanFactory - Creating shared instance of singleton bean 'org.springframework.boot.jdbc.autoconfigure.JdbcClientAutoConfiguration'
2026-08-17 23:43:32 - o.s.b.f.s.DefaultListableBeanFactory - Creating shared instance of singleton bean 'jdbcClient'
2026-08-17 23:43:32 - o.s.b.f.s.DefaultListableBeanFactory - Autowiring by type from bean name 'jdbcClient' via factory method to bean named 'namedParameterJdbcTemplate'
2026-08-17 23:43:32 - o.s.b.f.s.DefaultListableBeanFactory - Creating shared instance of singleton bean 'org.springframework.boot.persistence.autoconfigure.PersistenceExceptionTranslationAutoConfiguration'
2026-08-17 23:43:32 - o.s.b.f.s.DefaultListableBeanFactory - Creating shared instance of singleton bean 'multipartResolver'
2026-08-17 23:43:32 - o.s.b.f.s.DefaultListableBeanFactory - Creating shared instance of singleton bean 'org.springframework.boot.jdbc.autoconfigure.DataSourceTransactionManagerAutoConfiguration$JdbcTransactionManagerConfiguration'
2026-08-17 23:43:32 - o.s.b.f.s.DefaultListableBeanFactory - Creating shared instance of singleton bean 'org.springframework.boot.jdbc.autoconfigure.DataSourceTransactionManagerAutoConfiguration'
2026-08-17 23:43:32 - o.s.b.f.s.DefaultListableBeanFactory - Creating shared instance of singleton bean 'org.springframework.boot.transaction.autoconfigure.TransactionAutoConfiguration$EnableTransactionManagementConfiguration$CglibAutoProxyConfiguration'
2026-08-17 23:43:32 - o.s.b.f.s.DefaultListableBeanFactory - Creating shared instance of singleton bean 'org.springframework.boot.transaction.autoconfigure.TransactionAutoConfiguration$EnableTransactionManagementConfiguration'
2026-08-17 23:43:32 - o.s.b.f.s.DefaultListableBeanFactory - Creating shared instance of singleton bean 'org.springframework.boot.transaction.autoconfigure.TransactionAutoConfiguration$TransactionTemplateConfiguration'
2026-08-17 23:43:32 - o.s.b.f.s.DefaultListableBeanFactory - Creating shared instance of singleton bean 'transactionTemplate'
2026-08-17 23:43:32 - o.s.b.f.s.DefaultListableBeanFactory - Autowiring by type from bean name 'transactionTemplate' via factory method to bean named 'transactionManager'
2026-08-17 23:43:32 - o.s.b.f.s.DefaultListableBeanFactory - Creating shared instance of singleton bean 'org.springframework.boot.transaction.autoconfigure.TransactionAutoConfiguration'
2026-08-17 23:43:32 - o.s.c.s.DefaultLifecycleProcessor - Starting beans in phase -2147483647
2026-08-17 23:43:32 - o.s.c.s.DefaultLifecycleProcessor - Successfully started bean 'springBootLoggingLifecycle'
2026-08-17 23:43:32 - o.s.c.s.DefaultLifecycleProcessor - Starting beans in phase 1073741823
2026-08-17 23:43:32 - o.s.c.s.DefaultLifecycleProcessor - Starting beans in phase 2147481599
2026-08-17 23:43:32 - o.a.coyote.http11.Http11NioProtocol - Starting ProtocolHandler ["http-nio-8082"]
2026-08-17 23:43:32 - o.s.boot.tomcat.TomcatWebServer - Tomcat started on port 8082 (http) with context path '/'
2026-08-17 23:43:32 - o.s.c.s.DefaultLifecycleProcessor - Successfully started bean 'webServerStartStop'
2026-08-17 23:43:32 - o.s.c.s.DefaultLifecycleProcessor - Starting beans in phase 2147482623
2026-08-17 23:43:32 - o.s.c.s.DefaultLifecycleProcessor - Successfully started bean 'webServerGracefulShutdown'
2026-08-17 23:43:32 - o.s.b.a.l.ConditionEvaluationReportLogger - 


============================
CONDITIONS EVALUATION REPORT
============================


Positive matches:
-----------------

   AopAutoConfiguration matched:
      - @ConditionalOnBooleanProperty (spring.aop.auto=true) matched (OnPropertyCondition)

   AopAutoConfiguration.AspectJAutoProxyingConfiguration matched:
      - @ConditionalOnClass found required class 'org.aspectj.weaver.Advice' (OnClassCondition)

   AopAutoConfiguration.AspectJAutoProxyingConfiguration.CglibAutoProxyConfiguration matched:
      - @ConditionalOnBooleanProperty (spring.aop.proxy-target-class=true) matched (OnPropertyCondition)

   ApplicationAvailabilityAutoConfiguration#applicationAvailability matched:
      - @ConditionalOnMissingBean (types: org.springframework.boot.availability.ApplicationAvailability; SearchStrategy: all) did not find any beans (OnBeanCondition)

   DataJpaRepositoriesAutoConfiguration matched:
      - @ConditionalOnClass found required class 'org.springframework.data.jpa.repository.JpaRepository' (OnClassCondition)
      - @ConditionalOnBooleanProperty (spring.data.jpa.repositories.enabled=true) matched (OnPropertyCondition)
      - @ConditionalOnBean (types: javax.sql.DataSource; SearchStrategy: all) found bean 'dataSource'; @ConditionalOnMissingBean (types: org.springframework.data.jpa.repository.support.JpaRepositoryFactoryBean,org.springframework.data.jpa.repository.config.JpaRepositoryConfigExtension; SearchStrategy: all) did not find any beans (OnBeanCondition)

   DataSourceAutoConfiguration matched:
      - @ConditionalOnClass found required classes 'javax.sql.DataSource', 'org.springframework.jdbc.datasource.embedded.EmbeddedDatabaseType' (OnClassCondition)
      - @ConditionalOnMissingBean (types: io.r2dbc.spi.ConnectionFactory; SearchStrategy: all) did not find any beans (OnBeanCondition)

   DataSourceAutoConfiguration.PooledDataSourceConfiguration matched:
      - AnyNestedCondition 1 matched 1 did not; NestedCondition on DataSourceAutoConfiguration.PooledDataSourceCondition.PooledDataSourceAvailable PooledDataSource found supported DataSource; NestedCondition on DataSourceAutoConfiguration.PooledDataSourceCondition.ExplicitType @ConditionalOnProperty (spring.datasource.type) did not find property 'spring.datasource.type' (DataSourceAutoConfiguration.PooledDataSourceCondition)
      - @ConditionalOnMissingBean (types: javax.sql.DataSource,javax.sql.XADataSource; SearchStrategy: all) did not find any beans (OnBeanCondition)

   DataSourceAutoConfiguration.PooledDataSourceConfiguration#jdbcConnectionDetails matched:
      - @ConditionalOnMissingBean (types: org.springframework.boot.jdbc.autoconfigure.JdbcConnectionDetails; SearchStrategy: all) did not find any beans (OnBeanCondition)

   DataSourceConfiguration.Hikari matched:
      - @ConditionalOnClass found required class 'com.zaxxer.hikari.HikariDataSource' (OnClassCondition)
      - @ConditionalOnProperty (spring.datasource.type=com.zaxxer.hikari.HikariDataSource) matched (OnPropertyCondition)
      - @ConditionalOnMissingBean (types: javax.sql.DataSource; SearchStrategy: all) did not find any beans (OnBeanCondition)

   DataSourceInitializationAutoConfiguration matched:
      - @ConditionalOnClass found required class 'org.springframework.jdbc.datasource.init.DatabasePopulator' (OnClassCondition)
      - SQL InitializationDatabase Initialization default value is EMBEDDED (OnSqlInitializationCondition)
      - @ConditionalOnSingleCandidate (types: javax.sql.DataSource; SearchStrategy: all) found a single bean 'dataSource'; @ConditionalOnMissingBean (types: org.springframework.boot.sql.autoconfigure.init.ApplicationScriptDatabaseInitializer; SearchStrategy: all) did not find any beans (OnBeanCondition)

   DataSourcePoolMetadataProvidersConfiguration.HikariPoolDataSourceMetadataProviderConfiguration matched:
      - @ConditionalOnClass found required class 'com.zaxxer.hikari.HikariDataSource' (OnClassCondition)

   DataSourceTransactionManagerAutoConfiguration matched:
      - @ConditionalOnClass found required classes 'javax.sql.DataSource', 'org.springframework.jdbc.core.JdbcTemplate', 'org.springframework.transaction.TransactionManager' (OnClassCondition)

   DataSourceTransactionManagerAutoConfiguration.JdbcTransactionManagerConfiguration matched:
      - @ConditionalOnSingleCandidate (types: javax.sql.DataSource; SearchStrategy: all) found a single bean 'dataSource' (OnBeanCondition)

   DataWebAutoConfiguration matched:
      - @ConditionalOnClass found required classes 'org.springframework.data.web.PageableHandlerMethodArgumentResolver', 'org.springframework.web.servlet.config.annotation.WebMvcConfigurer' (OnClassCondition)
      - found 'session' scope (OnWebApplicationCondition)
      - @ConditionalOnMissingBean (types: org.springframework.data.web.PageableHandlerMethodArgumentResolver; SearchStrategy: all) did not find any beans (OnBeanCondition)

   DataWebAutoConfiguration#pageableCustomizer matched:
      - @ConditionalOnMissingBean (types: org.springframework.data.web.config.PageableHandlerMethodArgumentResolverCustomizer; SearchStrategy: all) did not find any beans (OnBeanCondition)

   DataWebAutoConfiguration#sortCustomizer matched:
      - @ConditionalOnMissingBean (types: org.springframework.data.web.config.SortHandlerMethodArgumentResolverCustomizer; SearchStrategy: all) did not find any beans (OnBeanCondition)

   DataWebAutoConfiguration#springDataWebSettings matched:
      - @ConditionalOnMissingBean (types: org.springframework.data.web.config.SpringDataWebSettings; SearchStrategy: all) did not find any beans (OnBeanCondition)

   DispatcherServletAutoConfiguration matched:
      - @ConditionalOnClass found required class 'org.springframework.web.servlet.DispatcherServlet' (OnClassCondition)
      - found 'session' scope (OnWebApplicationCondition)

   DispatcherServletAutoConfiguration.DispatcherServletConfiguration matched:
      - @ConditionalOnClass found required class 'jakarta.servlet.ServletRegistration' (OnClassCondition)
      - Default DispatcherServlet did not find dispatcher servlet beans (DispatcherServletAutoConfiguration.DefaultDispatcherServletCondition)

   DispatcherServletAutoConfiguration.DispatcherServletRegistrationConfiguration matched:
      - @ConditionalOnClass found required class 'jakarta.servlet.ServletRegistration' (OnClassCondition)
      - DispatcherServlet Registration did not find servlet registration bean (DispatcherServletAutoConfiguration.DispatcherServletRegistrationCondition)

   DispatcherServletAutoConfiguration.DispatcherServletRegistrationConfiguration#dispatcherServletRegistration matched:
      - @ConditionalOnBean (names: dispatcherServlet types: org.springframework.web.servlet.DispatcherServlet; SearchStrategy: all) found bean 'dispatcherServlet' (OnBeanCondition)

   ErrorMvcAutoConfiguration matched:
      - @ConditionalOnClass found required classes 'jakarta.servlet.Servlet', 'org.springframework.web.servlet.DispatcherServlet' (OnClassCondition)
      - found 'session' scope (OnWebApplicationCondition)

   ErrorMvcAutoConfiguration#basicErrorController matched:
      - @ConditionalOnMissingBean (types: org.springframework.boot.webmvc.error.ErrorController; SearchStrategy: current) did not find any beans (OnBeanCondition)

   ErrorMvcAutoConfiguration#errorAttributes matched:
      - @ConditionalOnMissingBean (types: org.springframework.boot.webmvc.error.ErrorAttributes; SearchStrategy: current) did not find any beans (OnBeanCondition)

   ErrorMvcAutoConfiguration.DefaultErrorViewResolverConfiguration#conventionErrorViewResolver matched:
      - @ConditionalOnBean (types: org.springframework.web.servlet.DispatcherServlet; SearchStrategy: all) found bean 'dispatcherServlet'; @ConditionalOnMissingBean (types: org.springframework.boot.webmvc.autoconfigure.error.ErrorViewResolver; SearchStrategy: all) did not find any beans (OnBeanCondition)

   ErrorMvcAutoConfiguration.WhitelabelErrorViewConfiguration matched:
      - @ConditionalOnBooleanProperty (spring.web.error.whitelabel.enabled=true) matched (OnPropertyCondition)
      - ErrorTemplate Missing did not find error template view (ErrorMvcAutoConfiguration.ErrorTemplateMissingCondition)

   ErrorMvcAutoConfiguration.WhitelabelErrorViewConfiguration#beanNameViewResolver matched:
      - @ConditionalOnMissingBean (types: org.springframework.web.servlet.view.BeanNameViewResolver; SearchStrategy: all) did not find any beans (OnBeanCondition)

   ErrorMvcAutoConfiguration.WhitelabelErrorViewConfiguration#defaultErrorView matched:
      - @ConditionalOnMissingBean (names: error; SearchStrategy: all) did not find any beans (OnBeanCondition)

   HibernateJpaAutoConfiguration matched:
      - @ConditionalOnClass found required classes 'org.springframework.orm.jpa.LocalContainerEntityManagerFactoryBean', 'jakarta.persistence.EntityManager', 'org.hibernate.engine.spi.SessionImplementor' (OnClassCondition)

   HibernateJpaConfiguration matched:
      - @ConditionalOnSingleCandidate (types: javax.sql.DataSource; SearchStrategy: all) found a single bean 'dataSource' (OnBeanCondition)

   HttpEncodingAutoConfiguration matched:
      - @ConditionalOnClass found required class 'org.springframework.web.filter.CharacterEncodingFilter' (OnClassCondition)
      - found 'session' scope (OnWebApplicationCondition)
      - @ConditionalOnBooleanProperty (spring.servlet.encoding.enabled=true) matched (OnPropertyCondition)

   HttpEncodingAutoConfiguration#characterEncodingFilter matched:
      - @ConditionalOnMissingBean (types: org.springframework.web.filter.CharacterEncodingFilter; SearchStrategy: all) did not find any beans (OnBeanCondition)

   HttpMessageConvertersAutoConfiguration matched:
      - @ConditionalOnClass found required class 'org.springframework.http.converter.HttpMessageConverter' (OnClassCondition)
      - NoneNestedConditions 0 matched 1 did not; NestedCondition on HttpMessageConvertersAutoConfiguration.NotReactiveWebApplicationCondition.ReactiveWebApplication did not find reactive web application classes (HttpMessageConvertersAutoConfiguration.NotReactiveWebApplicationCondition)

   HttpMessageConvertersAutoConfiguration.StringHttpMessageConverterConfiguration#stringHttpMessageConvertersCustomizer matched:
      - @ConditionalOnMissingBean (types: org.springframework.http.converter.StringHttpMessageConverter; SearchStrategy: all) did not find any beans (OnBeanCondition)

   JacksonAutoConfiguration matched:
      - @ConditionalOnClass found required class 'tools.jackson.databind.json.JsonMapper' (OnClassCondition)

   JacksonAutoConfiguration#jacksonJsonMapper matched:
      - @ConditionalOnMissingBean (types: tools.jackson.databind.json.JsonMapper; SearchStrategy: all) did not find any beans (OnBeanCondition)

   JacksonAutoConfiguration#jsonFactory matched:
      - @ConditionalOnMissingBean (types: tools.jackson.core.json.JsonFactory; SearchStrategy: all) did not find any beans (OnBeanCondition)

   JacksonAutoConfiguration#jsonMapperBuilder matched:
      - @ConditionalOnMissingBean (types: tools.jackson.databind.json.JsonMapper$Builder; SearchStrategy: all) did not find any beans (OnBeanCondition)

   JacksonAutoConfiguration.JsonProblemDetailsConfiguration matched:
      - @ConditionalOnClass found required class 'org.springframework.http.ProblemDetail' (OnClassCondition)

   JacksonHttpMessageConvertersConfiguration.JacksonJsonHttpMessageConverterConfiguration matched:
      - @ConditionalOnClass found required class 'tools.jackson.databind.json.JsonMapper' (OnClassCondition)
      - @ConditionalOnProperty (spring.http.converters.preferred-json-mapper=jackson) matched (OnPropertyCondition)
      - @ConditionalOnBean (types: tools.jackson.databind.json.JsonMapper; SearchStrategy: all) found bean 'jacksonJsonMapper' (OnBeanCondition)

   JacksonHttpMessageConvertersConfiguration.JacksonJsonHttpMessageConverterConfiguration#jacksonJsonHttpMessageConvertersCustomizer matched:
      - @ConditionalOnMissingBean (types: org.springframework.http.converter.json.JacksonJsonHttpMessageConverter ignored: org.springframework.hateoas.server.mvc.TypeConstrainedJacksonJsonHttpMessageConverter,org.springframework.data.rest.webmvc.alps.AlpsJacksonJsonHttpMessageConverter; SearchStrategy: all) did not find any beans (OnBeanCondition)

   JdbcClientAutoConfiguration matched:
      - @ConditionalOnSingleCandidate (types: org.springframework.jdbc.core.namedparam.NamedParameterJdbcTemplate; SearchStrategy: all) found a single bean 'namedParameterJdbcTemplate'; @ConditionalOnMissingBean (types: org.springframework.jdbc.core.simple.JdbcClient; SearchStrategy: all) did not find any beans (OnBeanCondition)

   JdbcTemplateAutoConfiguration matched:
      - @ConditionalOnClass found required classes 'javax.sql.DataSource', 'org.springframework.jdbc.core.JdbcTemplate' (OnClassCondition)
      - @ConditionalOnSingleCandidate (types: javax.sql.DataSource; SearchStrategy: all) found a single bean 'dataSource' (OnBeanCondition)

   JdbcTemplateConfiguration matched:
      - @ConditionalOnMissingBean (types: org.springframework.jdbc.core.JdbcOperations; SearchStrategy: all) did not find any beans (OnBeanCondition)

   JpaBaseConfiguration#entityManagerFactory matched:
      - @ConditionalOnMissingBean (types: org.springframework.orm.jpa.LocalContainerEntityManagerFactoryBean,jakarta.persistence.EntityManagerFactory; SearchStrategy: all) did not find any beans (OnBeanCondition)

   JpaBaseConfiguration#entityManagerFactoryBuilder matched:
      - @ConditionalOnMissingBean (types: org.springframework.boot.jpa.EntityManagerFactoryBuilder; SearchStrategy: all) did not find any beans (OnBeanCondition)

   JpaBaseConfiguration#jpaVendorAdapter matched:
      - @ConditionalOnMissingBean (types: org.springframework.orm.jpa.JpaVendorAdapter; SearchStrategy: all) did not find any beans (OnBeanCondition)

   JpaBaseConfiguration#transactionManager matched:
      - @ConditionalOnMissingBean (types: org.springframework.transaction.TransactionManager; SearchStrategy: all) did not find any beans (OnBeanCondition)

   JpaBaseConfiguration.JpaWebConfiguration matched:
      - @ConditionalOnClass found required class 'org.springframework.web.servlet.config.annotation.WebMvcConfigurer' (OnClassCondition)
      - found 'session' scope (OnWebApplicationCondition)
      - @ConditionalOnBooleanProperty (spring.jpa.open-in-view=true) matched (OnPropertyCondition)
      - @ConditionalOnMissingBean (types: org.springframework.orm.jpa.support.OpenEntityManagerInViewInterceptor,org.springframework.orm.jpa.support.OpenEntityManagerInViewFilter; SearchStrategy: all) did not find any beans (OnBeanCondition)

   JpaBaseConfiguration.PersistenceManagedTypesConfiguration matched:
      - @ConditionalOnMissingBean (types: org.springframework.orm.jpa.LocalContainerEntityManagerFactoryBean,jakarta.persistence.EntityManagerFactory; SearchStrategy: all) did not find any beans (OnBeanCondition)

   JpaBaseConfiguration.PersistenceManagedTypesConfiguration#persistenceManagedTypes matched:
      - @ConditionalOnMissingBean (types: org.springframework.orm.jpa.persistenceunit.PersistenceManagedTypes; SearchStrategy: all) did not find any beans (OnBeanCondition)

   JtaAutoConfiguration matched:
      - @ConditionalOnClass found required class 'jakarta.transaction.Transaction' (OnClassCondition)
      - @ConditionalOnBooleanProperty (spring.jta.enabled=true) matched (OnPropertyCondition)

   LifecycleAutoConfiguration#defaultLifecycleProcessor matched:
      - @ConditionalOnMissingBean (names: lifecycleProcessor; SearchStrategy: current) did not find any beans (OnBeanCondition)

   MultipartAutoConfiguration matched:
      - @ConditionalOnClass found required classes 'jakarta.servlet.Servlet', 'org.springframework.web.multipart.support.StandardServletMultipartResolver', 'jakarta.servlet.MultipartConfigElement' (OnClassCondition)
      - found 'session' scope (OnWebApplicationCondition)
      - @ConditionalOnBooleanProperty (spring.servlet.multipart.enabled=true) matched (OnPropertyCondition)

   MultipartAutoConfiguration#multipartConfigElement matched:
      - @ConditionalOnMissingBean (types: jakarta.servlet.MultipartConfigElement; SearchStrategy: all) did not find any beans (OnBeanCondition)

   MultipartAutoConfiguration#multipartResolver matched:
      - @ConditionalOnMissingBean (types: org.springframework.web.multipart.MultipartResolver; SearchStrategy: all) did not find any beans (OnBeanCondition)

   NamedParameterJdbcTemplateConfiguration matched:
      - @ConditionalOnSingleCandidate (types: org.springframework.jdbc.core.JdbcTemplate; SearchStrategy: all) found a single bean 'jdbcTemplate'; @ConditionalOnMissingBean (types: org.springframework.jdbc.core.namedparam.NamedParameterJdbcOperations; SearchStrategy: all) did not find any beans (OnBeanCondition)

   PersistenceExceptionTranslationAutoConfiguration matched:
      - @ConditionalOnClass found required class 'org.springframework.dao.annotation.PersistenceExceptionTranslationPostProcessor' (OnClassCondition)

   PersistenceExceptionTranslationAutoConfiguration#persistenceExceptionTranslationPostProcessor matched:
      - @ConditionalOnBooleanProperty (spring.persistence.exceptiontranslation.enabled=true) matched (OnPropertyCondition)
      - @ConditionalOnMissingBean (types: org.springframework.dao.annotation.PersistenceExceptionTranslationPostProcessor; SearchStrategy: all) did not find any beans (OnBeanCondition)

   PropertyPlaceholderAutoConfiguration#propertySourcesPlaceholderConfigurer matched:
      - @ConditionalOnMissingBean (types: org.springframework.context.support.PropertySourcesPlaceholderConfigurer; SearchStrategy: current) did not find any beans (OnBeanCondition)

   SslAutoConfiguration#sslBundleRegistry matched:
      - @ConditionalOnMissingBean (types: org.springframework.boot.ssl.SslBundleRegistry,org.springframework.boot.ssl.SslBundles; SearchStrategy: all) did not find any beans (OnBeanCondition)

   TaskExecutionAutoConfiguration matched:
      - @ConditionalOnClass found required class 'org.springframework.scheduling.concurrent.ThreadPoolTaskExecutor' (OnClassCondition)

   TaskExecutorConfigurations.AsyncConfigurerConfiguration matched:
      - @ConditionalOnMissingBean (types: org.springframework.scheduling.annotation.AsyncConfigurer; SearchStrategy: all) did not find any beans (OnBeanCondition)

   TaskExecutorConfigurations.SimpleAsyncTaskExecutorBuilderConfiguration#simpleAsyncTaskExecutorBuilder matched:
      - @ConditionalOnMissingBean (types: org.springframework.boot.task.SimpleAsyncTaskExecutorBuilder; SearchStrategy: all) did not find any beans (OnBeanCondition)
      - @ConditionalOnThreading found PLATFORM (OnThreadingCondition)

   TaskExecutorConfigurations.TaskExecutorConfiguration matched:
      - AnyNestedCondition 1 matched 1 did not; NestedCondition on TaskExecutorConfigurations.OnExecutorCondition.ModelCondition @ConditionalOnProperty (spring.task.execution.mode=force) did not find property 'spring.task.execution.mode'; NestedCondition on TaskExecutorConfigurations.OnExecutorCondition.ExecutorBeanCondition @ConditionalOnMissingBean (types: java.util.concurrent.Executor; SearchStrategy: all) did not find any beans (TaskExecutorConfigurations.OnExecutorCondition)

   TaskExecutorConfigurations.TaskExecutorConfiguration#applicationTaskExecutor matched:
      - @ConditionalOnThreading found PLATFORM (OnThreadingCondition)

   TaskExecutorConfigurations.ThreadPoolTaskExecutorBuilderConfiguration#threadPoolTaskExecutorBuilder matched:
      - @ConditionalOnMissingBean (types: org.springframework.boot.task.ThreadPoolTaskExecutorBuilder; SearchStrategy: all) did not find any beans (OnBeanCondition)

   TaskSchedulingAutoConfiguration matched:
      - @ConditionalOnClass found required class 'org.springframework.scheduling.concurrent.ThreadPoolTaskScheduler' (OnClassCondition)

   TaskSchedulingConfigurations.SimpleAsyncTaskSchedulerBuilderConfiguration#simpleAsyncTaskSchedulerBuilder matched:
      - @ConditionalOnMissingBean (types: org.springframework.boot.task.SimpleAsyncTaskSchedulerBuilder; SearchStrategy: all) did not find any beans (OnBeanCondition)
      - @ConditionalOnThreading found PLATFORM (OnThreadingCondition)

   TaskSchedulingConfigurations.ThreadPoolTaskSchedulerBuilderConfiguration#threadPoolTaskSchedulerBuilder matched:
      - @ConditionalOnMissingBean (types: org.springframework.boot.task.ThreadPoolTaskSchedulerBuilder; SearchStrategy: all) did not find any beans (OnBeanCondition)

   TomcatServletWebServerAutoConfiguration matched:
      - @ConditionalOnClass found required classes 'jakarta.servlet.ServletRequest', 'org.apache.catalina.startup.Tomcat', 'org.apache.coyote.UpgradeProtocol', 'org.springframework.boot.tomcat.servlet.TomcatServletWebServerFactory' (OnClassCondition)
      - found 'session' scope (OnWebApplicationCondition)

   TomcatServletWebServerAutoConfiguration#tomcatServletWebServerFactory matched:
      - @ConditionalOnMissingBean (types: org.springframework.boot.web.server.servlet.ServletWebServerFactory; SearchStrategy: current) did not find any beans (OnBeanCondition)

   TomcatWebServerConfiguration matched:
      - @ConditionalOnWarDeployment the application is not deployed as a WAR file. (OnWarDeploymentCondition)

   TomcatWebServerConfiguration.TomcatWebSocketConfiguration matched:
      - @ConditionalOnClass found required class 'org.apache.tomcat.websocket.server.WsSci' (OnClassCondition)

   TransactionAutoConfiguration matched:
      - @ConditionalOnClass found required class 'org.springframework.transaction.PlatformTransactionManager' (OnClassCondition)

   TransactionAutoConfiguration.EnableTransactionManagementConfiguration matched:
      - @ConditionalOnBean (types: org.springframework.transaction.TransactionManager; SearchStrategy: all) found bean 'transactionManager'; @ConditionalOnMissingBean (types: org.springframework.transaction.annotation.AbstractTransactionManagementConfiguration; SearchStrategy: all) did not find any beans (OnBeanCondition)

   TransactionAutoConfiguration.EnableTransactionManagementConfiguration.CglibAutoProxyConfiguration matched:
      - @ConditionalOnBooleanProperty (spring.aop.proxy-target-class=true) matched (OnPropertyCondition)

   TransactionAutoConfiguration.TransactionTemplateConfiguration matched:
      - @ConditionalOnSingleCandidate (types: org.springframework.transaction.PlatformTransactionManager; SearchStrategy: all) found a single bean 'transactionManager' (OnBeanCondition)

   TransactionAutoConfiguration.TransactionTemplateConfiguration#transactionTemplate matched:
      - @ConditionalOnMissingBean (types: org.springframework.transaction.support.TransactionOperations; SearchStrategy: all) did not find any beans (OnBeanCondition)

   TransactionManagerCustomizationAutoConfiguration matched:
      - @ConditionalOnClass found required class 'org.springframework.transaction.PlatformTransactionManager' (OnClassCondition)

   TransactionManagerCustomizationAutoConfiguration#platformTransactionManagerCustomizers matched:
      - @ConditionalOnMissingBean (types: org.springframework.boot.transaction.autoconfigure.TransactionManagerCustomizers; SearchStrategy: all) did not find any beans (OnBeanCondition)

   ValidationAutoConfiguration matched:
      - @ConditionalOnClass found required class 'jakarta.validation.executable.ExecutableValidator' (OnClassCondition)
      - @ConditionalOnResource found location classpath:META-INF/services/jakarta.validation.spi.ValidationProvider (OnResourceCondition)

   ValidationAutoConfiguration#defaultValidator matched:
      - @ConditionalOnMissingBean (types: jakarta.validation.Validator; SearchStrategy: all) did not find any beans (OnBeanCondition)

   ValidationAutoConfiguration#methodValidationPostProcessor matched:
      - @ConditionalOnMissingBean (types: org.springframework.validation.beanvalidation.MethodValidationPostProcessor; SearchStrategy: current) did not find any beans (OnBeanCondition)

   WebMvcAutoConfiguration matched:
      - @ConditionalOnClass found required classes 'jakarta.servlet.Servlet', 'org.springframework.web.servlet.DispatcherServlet', 'org.springframework.web.servlet.config.annotation.WebMvcConfigurer' (OnClassCondition)
      - found 'session' scope (OnWebApplicationCondition)
      - @ConditionalOnMissingBean (types: org.springframework.web.servlet.config.annotation.WebMvcConfigurationSupport; SearchStrategy: all) did not find any beans (OnBeanCondition)

   WebMvcAutoConfiguration#formContentFilter matched:
      - @ConditionalOnBooleanProperty (spring.mvc.formcontent.filter.enabled=true) matched (OnPropertyCondition)
      - @ConditionalOnMissingBean (types: org.springframework.web.filter.FormContentFilter; SearchStrategy: all) did not find any beans (OnBeanCondition)

   WebMvcAutoConfiguration.EnableWebMvcConfiguration#flashMapManager matched:
      - @ConditionalOnMissingBean (names: flashMapManager; SearchStrategy: all) did not find any beans (OnBeanCondition)

   WebMvcAutoConfiguration.EnableWebMvcConfiguration#localeResolver matched:
      - @ConditionalOnMissingBean (names: localeResolver; SearchStrategy: all) did not find any beans (OnBeanCondition)

   WebMvcAutoConfiguration.EnableWebMvcConfiguration#viewNameTranslator matched:
      - @ConditionalOnMissingBean (names: viewNameTranslator; SearchStrategy: all) did not find any beans (OnBeanCondition)

   WebMvcAutoConfiguration.WebMvcAutoConfigurationAdapter#defaultViewResolver matched:
      - @ConditionalOnMissingBean (types: org.springframework.web.servlet.view.InternalResourceViewResolver; SearchStrategy: all) did not find any beans (OnBeanCondition)

   WebMvcAutoConfiguration.WebMvcAutoConfigurationAdapter#requestContextFilter matched:
      - @ConditionalOnMissingBean (types: org.springframework.web.context.request.RequestContextListener,org.springframework.web.filter.RequestContextFilter; SearchStrategy: all) did not find any beans (OnBeanCondition)

   WebMvcAutoConfiguration.WebMvcAutoConfigurationAdapter#viewResolver matched:
      - @ConditionalOnBean (types: org.springframework.web.servlet.ViewResolver; SearchStrategy: all) found beans 'defaultViewResolver', 'beanNameViewResolver', 'mvcViewResolver'; @ConditionalOnMissingBean (names: viewResolver types: org.springframework.web.servlet.view.ContentNegotiatingViewResolver; SearchStrategy: all) did not find any beans (OnBeanCondition)


Negative matches:
-----------------

   AopAutoConfiguration.AspectJAutoProxyingConfiguration.JdkDynamicAutoProxyConfiguration:
      Did not match:
         - @ConditionalOnBooleanProperty (spring.aop.proxy-target-class=false) did not find property 'spring.aop.proxy-target-class' (OnPropertyCondition)

   AopAutoConfiguration.ClassProxyingConfiguration:
      Did not match:
         - @ConditionalOnMissingClass found unwanted class 'org.aspectj.weaver.Advice' (OnClassCondition)

   DataJpaRepositoriesAutoConfiguration#entityManagerFactoryBootstrapExecutorCustomizer:
      Did not match:
         - @ConditionalOnProperty (spring.data.jpa.repositories.bootstrap-mode=deferred) did not find property 'spring.data.jpa.repositories.bootstrap-mode' (OnPropertyCondition)

   DataRepositoryMetricsAutoConfiguration:
      Did not match:
         - @ConditionalOnBean did not find required type 'io.micrometer.core.instrument.MeterRegistry' (OnBeanCondition)

   DataSourceAutoConfiguration.EmbeddedDatabaseConfiguration:
      Did not match:
         - EmbeddedDataSource spring.datasource.url is set (DataSourceAutoConfiguration.EmbeddedDatabaseCondition)

   DataSourceCheckpointRestoreConfiguration:
      Did not match:
         - @ConditionalOnClass did not find required class 'org.crac.Resource' (OnClassCondition)

   DataSourceConfiguration.Dbcp2:
      Did not match:
         - @ConditionalOnClass did not find required class 'org.apache.commons.dbcp2.BasicDataSource' (OnClassCondition)

   DataSourceConfiguration.Generic:
      Did not match:
         - @ConditionalOnProperty (spring.datasource.type) did not find property 'spring.datasource.type' (OnPropertyCondition)

   DataSourceConfiguration.OracleUcp:
      Did not match:
         - @ConditionalOnClass did not find required classes 'oracle.ucp.jdbc.PoolDataSourceImpl', 'oracle.jdbc.OracleConnection' (OnClassCondition)

   DataSourceConfiguration.Tomcat:
      Did not match:
         - @ConditionalOnClass did not find required class 'org.apache.tomcat.jdbc.pool.DataSource' (OnClassCondition)

   DataSourceHealthContributorAutoConfiguration:
      Did not match:
         - @ConditionalOnClass did not find required class 'org.springframework.boot.health.autoconfigure.contributor.ConditionalOnEnabledHealthIndicator' (OnClassCondition)

   DataSourceJmxConfiguration:
      Did not match:
         - @ConditionalOnBooleanProperty (spring.jmx.enabled=true) did not find property 'spring.jmx.enabled' (OnPropertyCondition)

   DataSourcePoolMetadataProvidersConfiguration.CommonsDbcp2PoolDataSourceMetadataProviderConfiguration:
      Did not match:
         - @ConditionalOnClass did not find required class 'org.apache.commons.dbcp2.BasicDataSource' (OnClassCondition)

   DataSourcePoolMetadataProvidersConfiguration.OracleUcpPoolDataSourceMetadataProviderConfiguration:
      Did not match:
         - @ConditionalOnClass did not find required classes 'oracle.ucp.jdbc.PoolDataSource', 'oracle.jdbc.OracleConnection' (OnClassCondition)

   DataSourcePoolMetadataProvidersConfiguration.TomcatDataSourcePoolMetadataProviderConfiguration:
      Did not match:
         - @ConditionalOnClass did not find required class 'org.apache.tomcat.jdbc.pool.DataSource' (OnClassCondition)

   DataSourcePoolMetricsAutoConfiguration:
      Did not match:
         - @ConditionalOnClass did not find required class 'io.micrometer.core.instrument.MeterRegistry' (OnClassCondition)

   DataSourceTransactionManagerAutoConfiguration.JdbcTransactionManagerConfiguration#transactionManager:
      Did not match:
         - @ConditionalOnMissingBean (types: org.springframework.transaction.TransactionManager; SearchStrategy: all) found beans of type 'org.springframework.transaction.TransactionManager' transactionManager (OnBeanCondition)

   DispatcherServletAutoConfiguration.DispatcherServletConfiguration#multipartResolver:
      Did not match:
         - @ConditionalOnBean (types: org.springframework.web.multipart.MultipartResolver; SearchStrategy: all) did not find any beans of type org.springframework.web.multipart.MultipartResolver (OnBeanCondition)

   GsonHttpMessageConvertersConfiguration:
      Did not match:
         - @ConditionalOnClass did not find required class 'com.google.gson.Gson' (OnClassCondition)

   HibernateMetricsAutoConfiguration:
      Did not match:
         - @ConditionalOnClass did not find required class 'io.micrometer.core.instrument.MeterRegistry' (OnClassCondition)

   Jackson2HttpMessageConvertersConfiguration.MappingJackson2HttpMessageConverterConfiguration:
      Did not match:
         - @ConditionalOnClass did not find required class 'com.fasterxml.jackson.databind.ObjectMapper' (OnClassCondition)

   Jackson2HttpMessageConvertersConfiguration.MappingJackson2XmlHttpMessageConverterConfiguration:
      Did not match:
         - @ConditionalOnClass did not find required class 'com.fasterxml.jackson.dataformat.xml.XmlMapper' (OnClassCondition)

   JacksonAutoConfiguration.CborConfiguration:
      Did not match:
         - @ConditionalOnClass did not find required class 'tools.jackson.dataformat.cbor.CBORMapper' (OnClassCondition)

   JacksonAutoConfiguration.XmlConfiguration:
      Did not match:
         - @ConditionalOnClass did not find required class 'tools.jackson.dataformat.xml.XmlMapper' (OnClassCondition)

   JacksonHttpMessageConvertersConfiguration.JacksonXmlHttpMessageConverterConfiguration:
      Did not match:
         - @ConditionalOnClass did not find required class 'tools.jackson.dataformat.xml.XmlMapper' (OnClassCondition)

   JmxAutoConfiguration:
      Did not match:
         - @ConditionalOnBooleanProperty (spring.jmx.enabled=true) did not find property 'spring.jmx.enabled' (OnPropertyCondition)
      Matched:
         - @ConditionalOnClass found required class 'org.springframework.jmx.export.MBeanExporter' (OnClassCondition)

   JndiDataSourceAutoConfiguration:
      Did not match:
         - @ConditionalOnProperty (spring.datasource.jndi-name) did not find property 'spring.datasource.jndi-name' (OnPropertyCondition)
      Matched:
         - @ConditionalOnClass found required classes 'javax.sql.DataSource', 'org.springframework.jdbc.datasource.embedded.EmbeddedDatabaseType' (OnClassCondition)

   JndiJtaConfiguration:
      Did not match:
         - @ConditionalOnJndi JNDI environment is not available (OnJndiCondition)
      Matched:
         - @ConditionalOnClass found required class 'org.springframework.transaction.jta.JtaTransactionManager' (OnClassCondition)

   JsonbHttpMessageConvertersConfiguration:
      Did not match:
         - @ConditionalOnClass did not find required class 'jakarta.json.bind.Jsonb' (OnClassCondition)

   KotlinSerializationHttpMessageConvertersConfiguration:
      Did not match:
         - @ConditionalOnClass did not find required classes 'kotlinx.serialization.Serializable', 'kotlinx.serialization.json.Json' (OnClassCondition)

   LazyConnectionDataSourceConfiguration:
      Did not match:
         - @ConditionalOnProperty (spring.datasource.connection-fetch=lazy) did not find property 'spring.datasource.connection-fetch' (OnPropertyCondition)

   MessageSourceAutoConfiguration:
      Did not match:
         - ResourceBundle did not find bundle with basename messages (MessageSourceAutoConfiguration.ResourceBundleCondition)

   ProjectInfoAutoConfiguration#buildProperties:
      Did not match:
         - @ConditionalOnResource did not find resource '${spring.info.build.location:classpath:META-INF/build-info.properties}' (OnResourceCondition)

   ProjectInfoAutoConfiguration#gitProperties:
      Did not match:
         - GitResource did not find git info at classpath:git.properties (ProjectInfoAutoConfiguration.GitResourceAvailableCondition)

   ServletHttpExchangesAutoConfiguration:
      Did not match:
         - @ConditionalOnBean did not find required type 'org.springframework.boot.actuate.web.exchanges.HttpExchangeRepository' (OnBeanCondition)

   ServletManagementContextAutoConfiguration:
      Did not match:
         - @ConditionalOnClass did not find required class 'org.springframework.boot.actuate.autoconfigure.endpoint.web.WebEndpointProperties' (OnClassCondition)

   ServletMappingsAutoConfiguration:
      Did not match:
         - @ConditionalOnClass did not find required class 'org.springframework.boot.actuate.autoconfigure.endpoint.condition.ConditionalOnAvailableEndpoint' (OnClassCondition)

   ServletWebServerConfiguration#forwardedHeaderFilter:
      Did not match:
         - @ConditionalOnProperty (server.forward-headers-strategy=framework) did not find property 'server.forward-headers-strategy' (OnPropertyCondition)

   SpringApplicationAdminJmxAutoConfiguration:
      Did not match:
         - @ConditionalOnBooleanProperty (spring.application.admin.enabled=true) did not find property 'spring.application.admin.enabled' (OnPropertyCondition)

   TaskExecutorConfigurations.AsyncConfigurerWrapperConfiguration:
      Did not match:
         - @ConditionalOnBean (types: org.springframework.scheduling.annotation.AsyncConfigurer; SearchStrategy: all) did not find any beans of type org.springframework.scheduling.annotation.AsyncConfigurer (OnBeanCondition)

   TaskExecutorConfigurations.SimpleAsyncTaskExecutorBuilderConfiguration#simpleAsyncTaskExecutorBuilderVirtualThreads:
      Did not match:
         - @ConditionalOnMissingBean (types: org.springframework.boot.task.SimpleAsyncTaskExecutorBuilder; SearchStrategy: all) found beans of type 'org.springframework.boot.task.SimpleAsyncTaskExecutorBuilder' simpleAsyncTaskExecutorBuilder (OnBeanCondition)

   TaskExecutorConfigurations.TaskExecutorConfiguration#applicationTaskExecutorVirtualThreads:
      Did not match:
         - @ConditionalOnThreading did not find VIRTUAL (OnThreadingCondition)

   TaskExecutorConfigurations.TaskExecutorContextPropagationConfiguration:
      Did not match:
         - @ConditionalOnClass did not find required class 'io.micrometer.context.ContextSnapshot' (OnClassCondition)

   TaskSchedulingAutoConfiguration#scheduledBeanLazyInitializationExcludeFilter:
      Did not match:
         - @ConditionalOnBean (names: org.springframework.scheduling.config.internalScheduledAnnotationProcessor; SearchStrategy: all) did not find any beans named org.springframework.scheduling.config.internalScheduledAnnotationProcessor (OnBeanCondition)

   TaskSchedulingConfigurations.SimpleAsyncTaskSchedulerBuilderConfiguration#simpleAsyncTaskSchedulerBuilderVirtualThreads:
      Did not match:
         - @ConditionalOnMissingBean (types: org.springframework.boot.task.SimpleAsyncTaskSchedulerBuilder; SearchStrategy: all) found beans of type 'org.springframework.boot.task.SimpleAsyncTaskSchedulerBuilder' simpleAsyncTaskSchedulerBuilder (OnBeanCondition)

   TaskSchedulingConfigurations.TaskSchedulerConfiguration:
      Did not match:
         - @ConditionalOnBean (names: org.springframework.scheduling.config.internalScheduledAnnotationProcessor; SearchStrategy: all) did not find any beans named org.springframework.scheduling.config.internalScheduledAnnotationProcessor (OnBeanCondition)

   TomcatMetricsAutoConfiguration:
      Did not match:
         - @ConditionalOnClass did not find required class 'io.micrometer.core.instrument.binder.tomcat.TomcatMetrics' (OnClassCondition)

   TomcatReactiveManagementContextAutoConfiguration:
      Did not match:
         - @ConditionalOnClass did not find required class 'org.springframework.boot.actuate.autoconfigure.web.server.ManagementContextFactory' (OnClassCondition)

   TomcatReactiveWebServerAutoConfiguration:
      Did not match:
         - @ConditionalOnWebApplication did not find reactive web application classes (OnWebApplicationCondition)

   TomcatServletManagementContextAutoConfiguration:
      Did not match:
         - @ConditionalOnClass did not find required class 'org.springframework.boot.actuate.autoconfigure.web.server.ManagementContextFactory' (OnClassCondition)

   TomcatServletWebServerAutoConfiguration#tomcatForwardedHeaderFilterCustomizer:
      Did not match:
         - @ConditionalOnProperty (server.forward-headers-strategy=framework) did not find property 'server.forward-headers-strategy' (OnPropertyCondition)

   TomcatWebServerConfiguration#tomcatVirtualThreadsProtocolHandlerCustomizer:
      Did not match:
         - @ConditionalOnThreading did not find VIRTUAL (OnThreadingCondition)

   TransactionAutoConfiguration#transactionalOperator:
      Did not match:
         - @ConditionalOnSingleCandidate (types: org.springframework.transaction.ReactiveTransactionManager; SearchStrategy: all) did not find any beans (OnBeanCondition)

   TransactionAutoConfiguration.AspectJTransactionManagementConfiguration:
      Did not match:
         - @ConditionalOnBean (types: org.springframework.transaction.aspectj.AbstractTransactionAspect; SearchStrategy: all) did not find any beans of type org.springframework.transaction.aspectj.AbstractTransactionAspect (OnBeanCondition)

   TransactionAutoConfiguration.EnableTransactionManagementConfiguration.JdkDynamicAutoProxyConfiguration:
      Did not match:
         - @ConditionalOnBooleanProperty (spring.aop.proxy-target-class=false) did not find property 'spring.aop.proxy-target-class' (OnPropertyCondition)

   WebMvcAutoConfiguration#hiddenHttpMethodFilter:
      Did not match:
         - @ConditionalOnBooleanProperty (spring.mvc.hiddenmethod.filter.enabled=true) did not find property 'spring.mvc.hiddenmethod.filter.enabled' (OnPropertyCondition)

   WebMvcAutoConfiguration.ProblemDetailsErrorHandlingConfiguration:
      Did not match:
         - @ConditionalOnBooleanProperty (spring.mvc.problemdetails.enabled=true) did not find property 'spring.mvc.problemdetails.enabled' (OnPropertyCondition)

   WebMvcAutoConfiguration.ResourceChainCustomizerConfiguration:
      Did not match:
         - @ConditionalOnEnabledResourceChain did not find class org.webjars.WebJarVersionLocator (OnEnabledResourceChainCondition)

   WebMvcAutoConfiguration.WebMvcAutoConfigurationAdapter#beanNameViewResolver:
      Did not match:
         - @ConditionalOnMissingBean (types: org.springframework.web.servlet.view.BeanNameViewResolver; SearchStrategy: all) found beans of type 'org.springframework.web.servlet.view.BeanNameViewResolver' beanNameViewResolver (OnBeanCondition)

   WebMvcHealthEndpointExtensionAutoConfiguration:
      Did not match:
         - @ConditionalOnClass did not find required class 'org.springframework.boot.health.actuate.endpoint.HealthEndpoint' (OnClassCondition)

   WebMvcMappingsAutoConfiguration:
      Did not match:
         - @ConditionalOnClass did not find required class 'org.springframework.boot.actuate.autoconfigure.endpoint.condition.ConditionalOnAvailableEndpoint' (OnClassCondition)

   WebMvcObservationAutoConfiguration:
      Did not match:
         - @ConditionalOnClass did not find required class 'org.springframework.boot.micrometer.observation.autoconfigure.ObservationProperties' (OnClassCondition)

   XADataSourceAutoConfiguration:
      Did not match:
         - @ConditionalOnBean (types: org.springframework.boot.jdbc.XADataSourceWrapper; SearchStrategy: all) did not find any beans of type org.springframework.boot.jdbc.XADataSourceWrapper (OnBeanCondition)
      Matched:
         - @ConditionalOnClass found required classes 'javax.sql.DataSource', 'jakarta.transaction.TransactionManager', 'org.springframework.jdbc.datasource.embedded.EmbeddedDatabaseType' (OnClassCondition)


Exclusions:
-----------

    None


Unconditional classes:
----------------------

    org.springframework.boot.autoconfigure.context.ConfigurationPropertiesAutoConfiguration

    org.springframework.boot.autoconfigure.ssl.SslAutoConfiguration

    org.springframework.boot.autoconfigure.context.LifecycleAutoConfiguration

    org.springframework.boot.autoconfigure.context.PropertyPlaceholderAutoConfiguration

    org.springframework.boot.autoconfigure.availability.ApplicationAvailabilityAutoConfiguration

    org.springframework.boot.autoconfigure.info.ProjectInfoAutoConfiguration



2026-08-17 23:43:32 - c.r.E.ExpenseTrackerApplication - Started ExpenseTrackerApplication in 4.011 seconds (process running for 4.415)
2026-08-17 23:43:32 - o.s.b.a.ApplicationAvailabilityBean - Application availability state LivenessState changed to CORRECT
2026-08-17 23:43:32 - o.s.b.a.ApplicationAvailabilityBean - Application availability state ReadinessState changed to ACCEPTING_TRAFFIC
2026-08-17 23:44:00 - com.zaxxer.hikari.pool.HikariPool - HikariPool-1 - Pool stats (total=10/10, idle=10/10, active=0, waiting=0)
2026-08-17 23:44:00 - com.zaxxer.hikari.pool.HikariPool - HikariPool-1 - Fill pool skipped, pool has sufficient level or currently being filled.
2026-08-17 23:44:25 - o.a.c.c.C.[Tomcat].[localhost].[/] - Initializing Spring DispatcherServlet 'dispatcherServlet'
2026-08-17 23:44:25 - o.s.web.servlet.DispatcherServlet - Initializing Servlet 'dispatcherServlet'
2026-08-17 23:44:25 - o.s.web.servlet.DispatcherServlet - Detected StandardServletMultipartResolver
2026-08-17 23:44:25 - o.s.web.servlet.DispatcherServlet - Detected AcceptHeaderLocaleResolver
2026-08-17 23:44:25 - o.s.web.servlet.DispatcherServlet - Detected org.springframework.web.servlet.view.DefaultRequestToViewNameTranslator@938e54a
2026-08-17 23:44:25 - o.s.web.servlet.DispatcherServlet - Detected org.springframework.web.servlet.support.SessionFlashMapManager@5390862e
2026-08-17 23:44:25 - o.s.web.servlet.DispatcherServlet - enableLoggingRequestDetails='false': request parameters and headers will be masked to prevent unsafe logging of potentially sensitive data
2026-08-17 23:44:25 - o.s.web.servlet.DispatcherServlet - Completed initialization in 3 ms
2026-08-17 23:44:25 - o.s.web.servlet.DispatcherServlet - GET "/Expense", parameters={}
2026-08-17 23:44:25 - o.s.w.s.m.m.a.RequestMappingHandlerMapping - Mapped to com.rakesh.ExpenseTracker.controller.ExpenseController#getAllExpenses()
2026-08-17 23:44:25 - o.s.o.j.s.OpenEntityManagerInViewInterceptor - Opening JPA EntityManager in OpenEntityManagerInViewInterceptor
2026-08-17 23:44:25 - org.hibernate.orm.core - HHH006588: Opening session [tenant=null]
2026-08-17 23:44:25 - c.r.E.controller.ExpenseController - getAllExpanses Controller entered
2026-08-17 23:44:25 - o.s.orm.jpa.JpaTransactionManager - Found thread-bound EntityManager [SessionImpl(931004831<open>)] for JPA transaction
2026-08-17 23:44:25 - o.s.orm.jpa.JpaTransactionManager - Creating new transaction with name [org.springframework.data.jpa.repository.support.SimpleJpaRepository.findAll]: PROPAGATION_REQUIRED,ISOLATION_DEFAULT,readOnly
2026-08-17 23:44:25 - o.s.jdbc.datasource.DataSourceUtils - Setting JDBC Connection [HikariProxyConnection@893958475 wrapping com.mysql.cj.jdbc.ConnectionImpl@39a865c1] read-only
2026-08-17 23:44:25 - org.hibernate.orm.core - HHH006583: Beginning transaction
2026-08-17 23:44:25 - o.s.orm.jpa.JpaTransactionManager - Exposing JPA transaction as JDBC [org.springframework.orm.jpa.vendor.HibernateJpaDialect$HibernateConnectionHandle@258bcca2]
2026-08-17 23:44:25 - org.hibernate.SQL - 
    select
        e1_0.id,
        e1_0.amount,
        e1_0.expense_date_time,
        e1_0.spend_on 
    from
        expense e1_0
2026-08-17 23:44:25 - o.s.orm.jpa.JpaTransactionManager - Initiating transaction commit
2026-08-17 23:44:25 - o.s.orm.jpa.JpaTransactionManager - Committing JPA transaction on EntityManager [SessionImpl(931004831<open>)]
2026-08-17 23:44:25 - org.hibernate.orm.core - HHH006584: Committing transaction
2026-08-17 23:44:25 - o.s.jdbc.datasource.DataSourceUtils - Resetting read-only flag of JDBC Connection [HikariProxyConnection@893958475 wrapping com.mysql.cj.jdbc.ConnectionImpl@39a865c1]
2026-08-17 23:44:25 - o.s.orm.jpa.JpaTransactionManager - Not closing pre-bound JPA EntityManager after transaction
2026-08-17 23:44:25 - o.s.w.s.m.m.a.HttpEntityMethodProcessor - Using 'application/json', given [*/*] and supported [application/json, application/*+json]
2026-08-17 23:44:25 - o.s.w.s.m.m.a.HttpEntityMethodProcessor - Writing [[]]
2026-08-17 23:44:25 - o.s.o.j.s.OpenEntityManagerInViewInterceptor - Closing JPA EntityManager in OpenEntityManagerInViewInterceptor
2026-08-17 23:44:25 - org.hibernate.session.metrics - HHH000401: Logging session metrics:
	625874 ns acquiring 1 JDBC connections
	0 ns releasing 0 JDBC connections
	2120157 ns preparing 1 JDBC statements
	1356334 ns executing 1 JDBC statements
	0 ns executing 0 JDBC batches
	0 ns performing 0 second-level cache puts
	0 ns performing 0 second-level cache hits
	0 ns performing 0 second-level cache misses
	0 ns executing 0 flushes (flushing a total of 0 entities and 0 collections)
	152772 ns executing 1 pre-partial-flushes
	142276 ns executing 1 partial-flushes (flushing a total of 0 entities and 0 collections)

2026-08-17 23:44:25 - o.s.web.servlet.DispatcherServlet - Completed 200 OK
2026-08-17 23:44:29 - o.s.web.servlet.DispatcherServlet - POST "/Expense", parameters={}
2026-08-17 23:44:29 - o.s.w.s.m.m.a.RequestMappingHandlerMapping - Mapped to com.rakesh.ExpenseTracker.controller.ExpenseController#saveExpense(ExpenseRequestDTO)
2026-08-17 23:44:29 - o.s.o.j.s.OpenEntityManagerInViewInterceptor - Opening JPA EntityManager in OpenEntityManagerInViewInterceptor
2026-08-17 23:44:29 - org.hibernate.orm.core - HHH006588: Opening session [tenant=null]
2026-08-17 23:44:29 - o.s.w.s.m.m.a.RequestResponseBodyMethodProcessor - Read "application/json;charset=UTF-8" to [com.rakesh.ExpenseTracker.dto.ExpenseRequestDTO@656fcb33]
2026-08-17 23:44:29 - o.s.orm.jpa.JpaTransactionManager - Found thread-bound EntityManager [SessionImpl(1551516256<open>)] for JPA transaction
2026-08-17 23:44:29 - o.s.orm.jpa.JpaTransactionManager - Creating new transaction with name [org.springframework.data.jpa.repository.support.SimpleJpaRepository.save]: PROPAGATION_REQUIRED,ISOLATION_DEFAULT
2026-08-17 23:44:29 - org.hibernate.orm.core - HHH006583: Beginning transaction
2026-08-17 23:44:29 - o.s.orm.jpa.JpaTransactionManager - Exposing JPA transaction as JDBC [org.springframework.orm.jpa.vendor.HibernateJpaDialect$HibernateConnectionHandle@7f9d88cb]
2026-08-17 23:44:29 - org.hibernate.SQL - 
    select
        next_val as id_val 
    from
        expense_seq 
    for
        update
2026-08-17 23:44:29 - org.hibernate.SQL - 
    update
        expense_seq 
    set
        next_val= ? 
    where
        next_val=?
2026-08-17 23:44:29 - o.s.orm.jpa.JpaTransactionManager - Initiating transaction commit
2026-08-17 23:44:29 - o.s.orm.jpa.JpaTransactionManager - Committing JPA transaction on EntityManager [SessionImpl(1551516256<open>)]
2026-08-17 23:44:29 - org.hibernate.orm.core - HHH006584: Committing transaction
2026-08-17 23:44:29 - org.hibernate.orm.event - HHH90060071: Flushed: 1 insertions, 0 updates, 0 deletions to 1 objects
2026-08-17 23:44:29 - org.hibernate.orm.event - HHH90060072: Flushed: 0 (re)creations, 0 updates, 0 removals to 0 collections
2026-08-17 23:44:29 - org.hibernate.orm.core - Listing entities:
2026-08-17 23:44:29 - org.hibernate.orm.core - com.rakesh.ExpenseTracker.entity.Expense{amount=500.0, dateAndTime=2026-08-17T23:44:29.345909, spendOn=Dinner, id=1}
2026-08-17 23:44:29 - org.hibernate.SQL - 
    insert 
    into
        expense
        (amount, expense_date_time, spend_on, id) 
    values
        (?, ?, ?, ?)
2026-08-17 23:44:29 - o.s.orm.jpa.JpaTransactionManager - Not closing pre-bound JPA EntityManager after transaction
2026-08-17 23:44:29 - o.s.w.s.m.m.a.HttpEntityMethodProcessor - Using 'application/json', given [*/*] and supported [application/json, application/*+json]
2026-08-17 23:44:29 - o.s.w.s.m.m.a.HttpEntityMethodProcessor - Writing [com.rakesh.ExpenseTracker.dto.ExpenseResponseDTO@60fc2380]
2026-08-17 23:44:29 - o.s.o.j.s.OpenEntityManagerInViewInterceptor - Closing JPA EntityManager in OpenEntityManagerInViewInterceptor
2026-08-17 23:44:29 - org.hibernate.session.metrics - HHH000401: Logging session metrics:
	921991 ns acquiring 2 JDBC connections
	13912 ns releasing 1 JDBC connections
	628919 ns preparing 3 JDBC statements
	4997349 ns executing 3 JDBC statements
	0 ns executing 0 JDBC batches
	0 ns performing 0 second-level cache puts
	0 ns performing 0 second-level cache hits
	0 ns performing 0 second-level cache misses
	16599653 ns executing 1 flushes (flushing a total of 1 entities and 0 collections)
	0 ns executing 0 pre-partial-flushes
	0 ns executing 0 partial-flushes (flushing a total of 0 entities and 0 collections)

2026-08-17 23:44:29 - o.s.web.servlet.DispatcherServlet - Completed 201 CREATED
2026-08-17 23:44:30 - com.zaxxer.hikari.pool.HikariPool - HikariPool-1 - Pool stats (total=10/10, idle=10/10, active=0, waiting=0)
2026-08-17 23:44:30 - com.zaxxer.hikari.pool.HikariPool - HikariPool-1 - Fill pool skipped, pool has sufficient level or currently being filled.
2026-08-17 23:44:35 - o.s.web.servlet.DispatcherServlet - GET "/Expense", parameters={}
2026-08-17 23:44:35 - o.s.w.s.m.m.a.RequestMappingHandlerMapping - Mapped to com.rakesh.ExpenseTracker.controller.ExpenseController#getAllExpenses()
2026-08-17 23:44:35 - o.s.o.j.s.OpenEntityManagerInViewInterceptor - Opening JPA EntityManager in OpenEntityManagerInViewInterceptor
2026-08-17 23:44:35 - org.hibernate.orm.core - HHH006588: Opening session [tenant=null]
2026-08-17 23:44:35 - c.r.E.controller.ExpenseController - getAllExpanses Controller entered
2026-08-17 23:44:35 - o.s.orm.jpa.JpaTransactionManager - Found thread-bound EntityManager [SessionImpl(1183606815<open>)] for JPA transaction
2026-08-17 23:44:35 - o.s.orm.jpa.JpaTransactionManager - Creating new transaction with name [org.springframework.data.jpa.repository.support.SimpleJpaRepository.findAll]: PROPAGATION_REQUIRED,ISOLATION_DEFAULT,readOnly
2026-08-17 23:44:35 - o.s.jdbc.datasource.DataSourceUtils - Setting JDBC Connection [HikariProxyConnection@1212915390 wrapping com.mysql.cj.jdbc.ConnectionImpl@39a865c1] read-only
2026-08-17 23:44:35 - org.hibernate.orm.core - HHH006583: Beginning transaction
2026-08-17 23:44:35 - o.s.orm.jpa.JpaTransactionManager - Exposing JPA transaction as JDBC [org.springframework.orm.jpa.vendor.HibernateJpaDialect$HibernateConnectionHandle@4c74036f]
2026-08-17 23:44:35 - org.hibernate.SQL - 
    select
        e1_0.id,
        e1_0.amount,
        e1_0.expense_date_time,
        e1_0.spend_on 
    from
        expense e1_0
2026-08-17 23:44:35 - o.s.orm.jpa.JpaTransactionManager - Initiating transaction commit
2026-08-17 23:44:35 - o.s.orm.jpa.JpaTransactionManager - Committing JPA transaction on EntityManager [SessionImpl(1183606815<open>)]
2026-08-17 23:44:35 - org.hibernate.orm.core - HHH006584: Committing transaction
2026-08-17 23:44:35 - o.s.jdbc.datasource.DataSourceUtils - Resetting read-only flag of JDBC Connection [HikariProxyConnection@1212915390 wrapping com.mysql.cj.jdbc.ConnectionImpl@39a865c1]
2026-08-17 23:44:35 - o.s.orm.jpa.JpaTransactionManager - Not closing pre-bound JPA EntityManager after transaction
2026-08-17 23:44:35 - o.s.w.s.m.m.a.HttpEntityMethodProcessor - Using 'application/json', given [*/*] and supported [application/json, application/*+json]
2026-08-17 23:44:35 - o.s.w.s.m.m.a.HttpEntityMethodProcessor - Writing [[com.rakesh.ExpenseTracker.dto.ExpenseResponseDTO@7f99ef8c]]
2026-08-17 23:44:35 - o.s.o.j.s.OpenEntityManagerInViewInterceptor - Closing JPA EntityManager in OpenEntityManagerInViewInterceptor
2026-08-17 23:44:35 - org.hibernate.session.metrics - HHH000401: Logging session metrics:
	382218 ns acquiring 1 JDBC connections
	0 ns releasing 0 JDBC connections
	146746 ns preparing 1 JDBC statements
	579840 ns executing 1 JDBC statements
	0 ns executing 0 JDBC batches
	0 ns performing 0 second-level cache puts
	0 ns performing 0 second-level cache hits
	0 ns performing 0 second-level cache misses
	0 ns executing 0 flushes (flushing a total of 0 entities and 0 collections)
	2552 ns executing 1 pre-partial-flushes
	2071 ns executing 1 partial-flushes (flushing a total of 0 entities and 0 collections)

2026-08-17 23:44:35 - o.s.web.servlet.DispatcherServlet - Completed 200 OK
2026-08-17 23:45:00 - com.zaxxer.hikari.pool.HikariPool - HikariPool-1 - Pool stats (total=10/10, idle=10/10, active=0, waiting=0)
2026-08-17 23:45:00 - com.zaxxer.hikari.pool.HikariPool - HikariPool-1 - Fill pool skipped, pool has sufficient level or currently being filled.
2026-08-17 23:45:04 - o.s.b.a.ApplicationAvailabilityBean - Application availability state ReadinessState changed from ACCEPTING_TRAFFIC to REFUSING_TRAFFIC
2026-08-17 23:45:04 - o.s.b.w.s.s.c.AnnotationConfigServletWebServerApplicationContext - Closing org.springframework.boot.web.server.servlet.context.AnnotationConfigServletWebServerApplicationContext@1951b871, started on Mon Aug 17 23:43:28 IST 2026
2026-08-17 23:45:04 - o.s.c.s.DefaultLifecycleProcessor - Stopping beans in phase 2147482623
2026-08-17 23:45:04 - o.s.boot.tomcat.GracefulShutdown - Commencing graceful shutdown. Waiting for active requests to complete
2026-08-17 23:45:06 - o.s.boot.tomcat.GracefulShutdown - Graceful shutdown complete
2026-08-17 23:45:06 - o.s.c.s.DefaultLifecycleProcessor - Stopping beans in phase 2147481599
2026-08-17 23:45:06 - o.s.c.s.DefaultLifecycleProcessor - Bean 'webServerGracefulShutdown' completed its stop procedure
2026-08-17 23:45:06 - o.s.c.s.DefaultLifecycleProcessor - Bean 'webServerStartStop' completed its stop procedure
2026-08-17 23:45:06 - o.s.c.s.DefaultLifecycleProcessor - Stopping beans in phase 1073741823
2026-08-17 23:45:06 - o.s.c.s.DefaultLifecycleProcessor - Bean 'applicationTaskExecutor' completed its stop procedure
2026-08-17 23:45:06 - o.s.c.s.DefaultLifecycleProcessor - Stopping beans in phase -2147483647
2026-08-17 23:45:06 - o.s.c.s.DefaultLifecycleProcessor - Bean 'springBootLoggingLifecycle' completed its stop procedure
2026-08-17 23:45:06 - o.s.o.j.LocalContainerEntityManagerFactoryBean - Closing JPA EntityManagerFactory for persistence unit 'default'
2026-08-17 23:45:06 - org.hibernate.orm.factory - HHH90020005: Closing factory [5f4254d7-020c-47e1-8913-a394f6f2221a]
2026-08-17 23:45:06 - com.zaxxer.hikari.HikariDataSource - HikariPool-1 - Shutdown initiated...
2026-08-17 23:45:06 - com.zaxxer.hikari.pool.HikariPool - HikariPool-1 - Before shutdown stats (total=10/10, idle=10/10, active=0, waiting=0)
2026-08-17 23:45:06 - com.zaxxer.hikari.pool.PoolBase - HikariPool-1 - Closing connection com.mysql.cj.jdbc.ConnectionImpl@39a865c1: (connection evicted)
2026-08-17 23:45:06 - com.zaxxer.hikari.pool.PoolBase - HikariPool-1 - Closing connection com.mysql.cj.jdbc.ConnectionImpl@673e9eab: (connection evicted)
2026-08-17 23:45:06 - com.zaxxer.hikari.pool.PoolBase - HikariPool-1 - Closing connection com.mysql.cj.jdbc.ConnectionImpl@26039490: (connection evicted)
2026-08-17 23:45:06 - com.zaxxer.hikari.pool.PoolBase - HikariPool-1 - Closing connection com.mysql.cj.jdbc.ConnectionImpl@17ef5612: (connection evicted)
2026-08-17 23:45:06 - com.zaxxer.hikari.pool.PoolBase - HikariPool-1 - Closing connection com.mysql.cj.jdbc.ConnectionImpl@787a1870: (connection evicted)
2026-08-17 23:45:06 - com.zaxxer.hikari.pool.PoolBase - HikariPool-1 - Closing connection com.mysql.cj.jdbc.ConnectionImpl@6af368fe: (connection evicted)
2026-08-17 23:45:06 - com.zaxxer.hikari.pool.PoolBase - HikariPool-1 - Closing connection com.mysql.cj.jdbc.ConnectionImpl@71877762: (connection evicted)
2026-08-17 23:45:06 - com.zaxxer.hikari.pool.PoolBase - HikariPool-1 - Closing connection com.mysql.cj.jdbc.ConnectionImpl@507a28d8: (connection evicted)
2026-08-17 23:45:06 - com.zaxxer.hikari.pool.PoolBase - HikariPool-1 - Closing connection com.mysql.cj.jdbc.ConnectionImpl@5926e413: (connection evicted)
2026-08-17 23:45:06 - com.zaxxer.hikari.pool.PoolBase - HikariPool-1 - Closing connection com.mysql.cj.jdbc.ConnectionImpl@17958de: (connection evicted)
2026-08-17 23:45:06 - com.zaxxer.hikari.pool.HikariPool - HikariPool-1 - After  shutdown stats (total=0/10, idle=0/10, active=0, waiting=0)
2026-08-17 23:45:06 - com.zaxxer.hikari.HikariDataSource - HikariPool-1 - Shutdown completed.
2026-08-17 23:45:06 - o.s.s.c.ThreadPoolTaskExecutor - Shutting down ExecutorService 'applicationTaskExecutor'
2026-08-17 23:46:25 - org.jboss.logging - Logging Provider: org.jboss.logging.Slf4jLoggerProvider found via system property
2026-08-17 23:46:25 - o.h.validator.internal.util.Version - HV000001: Hibernate Validator 9.1.0.Final
2026-08-17 23:46:25 - o.h.v.i.x.config.ValidationXmlParser - Trying to load META-INF/validation.xml for XML based Validator configuration.
2026-08-17 23:46:25 - o.h.v.i.x.c.ResourceLoaderHelper - Trying to load META-INF/validation.xml via TCCL
2026-08-17 23:46:25 - o.h.v.i.x.c.ResourceLoaderHelper - Trying to load META-INF/validation.xml via Hibernate Validator's class loader
2026-08-17 23:46:25 - o.h.v.i.x.config.ValidationXmlParser - No META-INF/validation.xml found. Using annotation based configuration only.
2026-08-17 23:46:25 - o.h.v.i.e.r.TraversableResolvers - Found jakarta.persistence.Persistence on classpath containing 'getPersistenceUtil'. Assuming Jakarta Persistence environment. Trying to instantiate Jakarta Persistence aware TraversableResolver
2026-08-17 23:46:25 - o.h.v.i.e.r.TraversableResolvers - Instantiated Jakarta Persistence aware TraversableResolver of type org.hibernate.validator.internal.engine.resolver.JPATraversableResolver.
2026-08-17 23:46:25 - o.h.v.m.ResourceBundleMessageInterpolator - Loaded expression factory via original TCCL
2026-08-17 23:46:25 - c.r.E.ExpenseTrackerApplication - Starting ExpenseTrackerApplication using Java 25.0.2 with PID 8275 (/Users/rakeshkuratti/Desktop/Projcts/ExpenseTracker/target/classes started by rakeshkuratti in /Users/rakeshkuratti/Desktop/Projcts/ExpenseTracker)
2026-08-17 23:46:25 - c.r.E.ExpenseTrackerApplication - Running with Spring Boot v4.1.0, Spring v7.0.8
2026-08-17 23:46:25 - c.r.E.ExpenseTrackerApplication - No active profile set, falling back to 1 default profile: "default"
2026-08-17 23:46:25 - o.s.boot.SpringApplication - Loading source class com.rakesh.ExpenseTracker.ExpenseTrackerApplication
2026-08-17 23:46:25 - o.s.b.w.s.s.c.AnnotationConfigServletWebServerApplicationContext - Refreshing org.springframework.boot.web.server.servlet.context.AnnotationConfigServletWebServerApplicationContext@1951b871
2026-08-17 23:46:25 - o.h.v.i.e.ValidatorFactoryConfigurationHelper - HV000252: Using org.hibernate.validator.internal.engine.DefaultPropertyNodeNameProvider as property node name provider.
2026-08-17 23:46:25 - o.s.b.f.s.DefaultListableBeanFactory - Creating shared instance of singleton bean 'org.springframework.context.annotation.internalConfigurationAnnotationProcessor'
2026-08-17 23:46:25 - o.h.v.i.e.ValidatorFactoryConfigurationHelper - HV000234: Using org.hibernate.validator.messageinterpolation.ResourceBundleMessageInterpolator as ValidatorFactory-scoped message interpolator.
2026-08-17 23:46:25 - o.h.v.i.e.ValidatorFactoryConfigurationHelper - HV000234: Using org.hibernate.validator.internal.engine.resolver.JPATraversableResolver as ValidatorFactory-scoped traversable resolver.
2026-08-17 23:46:25 - o.h.v.i.e.ValidatorFactoryConfigurationHelper - HV000234: Using org.hibernate.validator.internal.util.ExecutableParameterNameProvider as ValidatorFactory-scoped parameter name provider.
2026-08-17 23:46:25 - o.h.v.i.e.ValidatorFactoryConfigurationHelper - HV000234: Using org.hibernate.validator.internal.engine.DefaultClockProvider as ValidatorFactory-scoped clock provider.
2026-08-17 23:46:25 - o.h.v.i.e.ValidatorFactoryConfigurationHelper - HV000234: Using org.hibernate.validator.internal.engine.scripting.DefaultScriptEvaluatorFactory as ValidatorFactory-scoped script evaluator factory.
2026-08-17 23:46:25 - o.s.b.f.s.DefaultListableBeanFactory - Creating shared instance of singleton bean 'org.springframework.boot.autoconfigure.internalCachingMetadataReaderFactory'
2026-08-17 23:46:25 - o.s.c.a.ClassPathBeanDefinitionScanner - Identified candidate component class: file [/Users/rakeshkuratti/Desktop/Projcts/ExpenseTracker/target/classes/com/rakesh/ExpenseTracker/controller/ExpenseController.class]
2026-08-17 23:46:25 - o.s.c.a.ClassPathBeanDefinitionScanner - Identified candidate component class: file [/Users/rakeshkuratti/Desktop/Projcts/ExpenseTracker/target/classes/com/rakesh/ExpenseTracker/service/ExpenseServiceImpl.class]
2026-08-17 23:46:26 - o.s.d.r.c.RepositoryConfigurationDelegate - Bootstrapping Spring Data JPA repositories in DEFAULT mode.
2026-08-17 23:46:26 - o.s.b.f.s.DefaultListableBeanFactory - Creating shared instance of singleton bean 'org.springframework.boot.autoconfigure.AutoConfigurationPackages'
2026-08-17 23:46:26 - o.s.b.a.AutoConfigurationPackages - @EnableAutoConfiguration was declared on a class in the package 'com.rakesh.ExpenseTracker'. Automatic @Repository and @Entity scanning is enabled.
2026-08-17 23:46:26 - o.s.d.r.c.RepositoryConfigurationDelegate - Scanning for JPA repositories in packages com.rakesh.ExpenseTracker.
2026-08-17 23:46:26 - o.s.d.r.c.RepositoryComponentProvider - Identified candidate component class: file [/Users/rakeshkuratti/Desktop/Projcts/ExpenseTracker/target/classes/com/rakesh/ExpenseTracker/repository/ExpenseRepository.class]
2026-08-17 23:46:26 - o.s.c.a.ClassPathScanningCandidateComponentProvider - Identified candidate component class: file [/Users/rakeshkuratti/Desktop/Projcts/ExpenseTracker/target/classes/com/rakesh/ExpenseTracker/service/ExpenseServiceImpl.class]
2026-08-17 23:46:26 - o.s.d.r.c.RepositoryConfigurationDelegate - Finished Spring Data repository scanning in 47 ms. Found 1 JPA repository interface.
2026-08-17 23:46:26 - o.s.b.f.s.DefaultListableBeanFactory - Creating shared instance of singleton bean 'propertySourcesPlaceholderConfigurer'
2026-08-17 23:46:26 - o.s.b.f.s.DefaultListableBeanFactory - Creating shared instance of singleton bean 'org.springframework.boot.sql.init.dependency.DatabaseInitializationDependencyConfigurer$DependsOnDatabaseInitializationPostProcessor'
2026-08-17 23:46:26 - o.s.b.f.s.DefaultListableBeanFactory - Creating shared instance of singleton bean 'org.springframework.context.event.internalEventListenerProcessor'
2026-08-17 23:46:26 - o.s.b.f.s.DefaultListableBeanFactory - Creating shared instance of singleton bean 'bootstrapExecutorAliasPostProcessor'
2026-08-17 23:46:26 - o.s.b.f.s.DefaultListableBeanFactory - Creating shared instance of singleton bean 'preserveErrorControllerTargetClassPostProcessor'
2026-08-17 23:46:26 - o.s.b.f.s.DefaultListableBeanFactory - Creating shared instance of singleton bean 'org.springframework.context.event.internalEventListenerFactory'
2026-08-17 23:46:26 - o.s.b.f.s.DefaultListableBeanFactory - Creating shared instance of singleton bean 'org.springframework.transaction.config.internalTransactionalEventListenerFactory'
2026-08-17 23:46:26 - o.s.b.f.s.DefaultListableBeanFactory - Creating shared instance of singleton bean 'org.springframework.context.annotation.internalAutowiredAnnotationProcessor'
2026-08-17 23:46:26 - o.s.b.f.s.DefaultListableBeanFactory - Creating shared instance of singleton bean 'org.springframework.context.annotation.internalCommonAnnotationProcessor'
2026-08-17 23:46:26 - o.s.b.f.s.DefaultListableBeanFactory - Creating shared instance of singleton bean 'org.springframework.context.annotation.internalPersistenceAnnotationProcessor'
2026-08-17 23:46:26 - o.s.b.f.s.DefaultListableBeanFactory - Creating shared instance of singleton bean 'org.springframework.boot.context.properties.ConfigurationPropertiesBindingPostProcessor'
2026-08-17 23:46:26 - o.s.b.f.s.DefaultListableBeanFactory - Creating shared instance of singleton bean 'org.springframework.boot.context.internalConfigurationPropertiesBinder'
2026-08-17 23:46:26 - o.s.b.f.s.DefaultListableBeanFactory - Creating shared instance of singleton bean 'jdbcConnectionDetailsHikariBeanPostProcessor'
2026-08-17 23:46:26 - o.s.b.f.s.DefaultListableBeanFactory - Creating shared instance of singleton bean 'methodValidationPostProcessor'
2026-08-17 23:46:26 - o.s.b.f.s.DefaultListableBeanFactory - Autowiring by type from bean name 'methodValidationPostProcessor' via factory method to bean named 'environment'
2026-08-17 23:46:26 - o.s.b.f.s.DefaultListableBeanFactory - Creating shared instance of singleton bean 'org.springframework.boot.context.properties.EnableConfigurationPropertiesRegistrar.methodValidationExcludeFilter'
2026-08-17 23:46:26 - o.s.b.f.s.DefaultListableBeanFactory - Creating shared instance of singleton bean 'org.springframework.aop.framework.autoproxy.defaultProxyConfig'
2026-08-17 23:46:26 - o.s.b.f.s.DefaultListableBeanFactory - Creating shared instance of singleton bean 'org.springframework.aop.config.internalAutoProxyCreator'
2026-08-17 23:46:26 - o.s.b.f.s.DefaultListableBeanFactory - Creating shared instance of singleton bean 'persistenceExceptionTranslationPostProcessor'
2026-08-17 23:46:26 - o.s.b.f.s.DefaultListableBeanFactory - Autowiring by type from bean name 'persistenceExceptionTranslationPostProcessor' via factory method to bean named 'environment'
2026-08-17 23:46:26 - o.s.b.f.s.DefaultListableBeanFactory - Creating shared instance of singleton bean 'projectingArgumentResolverBeanPostProcessor'
2026-08-17 23:46:26 - o.s.b.f.s.DefaultListableBeanFactory - Creating shared instance of singleton bean 'org.springframework.transaction.config.internalTransactionAdvisor'
2026-08-17 23:46:26 - o.s.b.f.s.DefaultListableBeanFactory - Creating shared instance of singleton bean 'org.springframework.transaction.annotation.ProxyTransactionManagementConfiguration'
2026-08-17 23:46:26 - o.s.b.f.s.DefaultListableBeanFactory - Creating shared instance of singleton bean 'transactionAttributeSource'
2026-08-17 23:46:26 - o.s.b.f.s.DefaultListableBeanFactory - Creating shared instance of singleton bean 'transactionInterceptor'
2026-08-17 23:46:26 - o.s.b.f.s.DefaultListableBeanFactory - Autowiring by type from bean name 'transactionInterceptor' via factory method to bean named 'transactionAttributeSource'
2026-08-17 23:46:26 - o.s.b.f.s.DefaultListableBeanFactory - Autowiring by type from bean name 'org.springframework.transaction.config.internalTransactionAdvisor' via factory method to bean named 'transactionAttributeSource'
2026-08-17 23:46:26 - o.s.b.f.s.DefaultListableBeanFactory - Autowiring by type from bean name 'org.springframework.transaction.config.internalTransactionAdvisor' via factory method to bean named 'transactionInterceptor'
2026-08-17 23:46:26 - o.s.b.f.s.DefaultListableBeanFactory - Creating shared instance of singleton bean 'webServerFactoryCustomizerBeanPostProcessor'
2026-08-17 23:46:26 - o.s.b.f.s.DefaultListableBeanFactory - Creating shared instance of singleton bean 'errorPageRegistrarBeanPostProcessor'
2026-08-17 23:46:26 - o.s.b.f.s.DefaultListableBeanFactory - Creating shared instance of singleton bean 'tomcatServletWebServerFactory'
2026-08-17 23:46:26 - o.s.b.f.s.DefaultListableBeanFactory - Creating shared instance of singleton bean 'org.springframework.boot.tomcat.autoconfigure.servlet.TomcatServletWebServerAutoConfiguration'
2026-08-17 23:46:26 - o.s.b.f.s.DefaultListableBeanFactory - Creating shared instance of singleton bean 'server.tomcat-org.springframework.boot.tomcat.autoconfigure.TomcatServerProperties'
2026-08-17 23:46:26 - o.s.b.f.s.DefaultListableBeanFactory - Creating shared instance of singleton bean 'org.springframework.boot.context.properties.BoundConfigurationProperties'
2026-08-17 23:46:26 - o.s.b.f.s.DefaultListableBeanFactory - Autowiring by type from bean name 'org.springframework.boot.tomcat.autoconfigure.servlet.TomcatServletWebServerAutoConfiguration' via constructor to bean named 'server.tomcat-org.springframework.boot.tomcat.autoconfigure.TomcatServerProperties'
2026-08-17 23:46:26 - o.s.b.f.s.DefaultListableBeanFactory - Creating shared instance of singleton bean 'servletWebServerFactoryCustomizer'
2026-08-17 23:46:26 - o.s.b.f.s.DefaultListableBeanFactory - Creating shared instance of singleton bean 'org.springframework.boot.web.server.autoconfigure.servlet.ServletWebServerConfiguration'
2026-08-17 23:46:26 - o.s.b.f.s.DefaultListableBeanFactory - Creating shared instance of singleton bean 'server-org.springframework.boot.web.server.autoconfigure.ServerProperties'
2026-08-17 23:46:26 - o.s.b.f.s.DefaultListableBeanFactory - Autowiring by type from bean name 'servletWebServerFactoryCustomizer' via factory method to bean named 'server-org.springframework.boot.web.server.autoconfigure.ServerProperties'
2026-08-17 23:46:26 - o.s.b.f.s.DefaultListableBeanFactory - Creating shared instance of singleton bean 'sslBundleRegistry'
2026-08-17 23:46:26 - o.s.b.f.s.DefaultListableBeanFactory - Creating shared instance of singleton bean 'org.springframework.boot.autoconfigure.ssl.SslAutoConfiguration'
2026-08-17 23:46:26 - o.s.b.f.s.DefaultListableBeanFactory - Creating shared instance of singleton bean 'spring.ssl-org.springframework.boot.autoconfigure.ssl.SslProperties'
2026-08-17 23:46:26 - o.s.b.f.s.DefaultListableBeanFactory - Autowiring by type from bean name 'org.springframework.boot.autoconfigure.ssl.SslAutoConfiguration' via constructor to bean named 'org.springframework.boot.web.server.servlet.context.AnnotationConfigServletWebServerApplicationContext@1951b871'
2026-08-17 23:46:26 - o.s.b.f.s.DefaultListableBeanFactory - Autowiring by type from bean name 'org.springframework.boot.autoconfigure.ssl.SslAutoConfiguration' via constructor to bean named 'spring.ssl-org.springframework.boot.autoconfigure.ssl.SslProperties'
2026-08-17 23:46:26 - o.s.b.f.s.DefaultListableBeanFactory - Creating shared instance of singleton bean 'sslPropertiesSslBundleRegistrar'
2026-08-17 23:46:26 - o.s.b.f.s.DefaultListableBeanFactory - Creating shared instance of singleton bean 'fileWatcher'
2026-08-17 23:46:26 - o.s.b.f.s.DefaultListableBeanFactory - Autowiring by type from bean name 'sslPropertiesSslBundleRegistrar' via factory method to bean named 'fileWatcher'
2026-08-17 23:46:26 - o.s.b.f.s.DefaultListableBeanFactory - Creating shared instance of singleton bean 'webSocketWebServerCustomizer'
2026-08-17 23:46:26 - o.s.b.f.s.DefaultListableBeanFactory - Creating shared instance of singleton bean 'org.springframework.boot.tomcat.autoconfigure.TomcatWebServerConfiguration$TomcatWebSocketConfiguration'
2026-08-17 23:46:26 - o.s.b.f.s.DefaultListableBeanFactory - Creating shared instance of singleton bean 'tomcatWebServerFactoryCustomizer'
2026-08-17 23:46:26 - o.s.b.f.s.DefaultListableBeanFactory - Creating shared instance of singleton bean 'org.springframework.boot.tomcat.autoconfigure.TomcatWebServerConfiguration'
2026-08-17 23:46:26 - o.s.b.f.s.DefaultListableBeanFactory - Creating shared instance of singleton bean 'spring.web-org.springframework.boot.autoconfigure.web.WebProperties'
2026-08-17 23:46:26 - o.s.b.f.s.DefaultListableBeanFactory - Autowiring by type from bean name 'tomcatWebServerFactoryCustomizer' via factory method to bean named 'environment'
2026-08-17 23:46:26 - o.s.b.f.s.DefaultListableBeanFactory - Autowiring by type from bean name 'tomcatWebServerFactoryCustomizer' via factory method to bean named 'server-org.springframework.boot.web.server.autoconfigure.ServerProperties'
2026-08-17 23:46:26 - o.s.b.f.s.DefaultListableBeanFactory - Autowiring by type from bean name 'tomcatWebServerFactoryCustomizer' via factory method to bean named 'server.tomcat-org.springframework.boot.tomcat.autoconfigure.TomcatServerProperties'
2026-08-17 23:46:26 - o.s.b.f.s.DefaultListableBeanFactory - Autowiring by type from bean name 'tomcatWebServerFactoryCustomizer' via factory method to bean named 'spring.web-org.springframework.boot.autoconfigure.web.WebProperties'
2026-08-17 23:46:26 - o.s.b.f.s.DefaultListableBeanFactory - Creating shared instance of singleton bean 'tomcatServletWebServerFactoryCustomizer'
2026-08-17 23:46:26 - o.s.b.f.s.DefaultListableBeanFactory - Autowiring by type from bean name 'tomcatServletWebServerFactoryCustomizer' via factory method to bean named 'server.tomcat-org.springframework.boot.tomcat.autoconfigure.TomcatServerProperties'
2026-08-17 23:46:26 - o.s.b.f.s.DefaultListableBeanFactory - Creating shared instance of singleton bean 'errorPageCustomizer'
2026-08-17 23:46:26 - o.s.b.f.s.DefaultListableBeanFactory - Creating shared instance of singleton bean 'org.springframework.boot.webmvc.autoconfigure.error.ErrorMvcAutoConfiguration'
2026-08-17 23:46:26 - o.s.b.f.s.DefaultListableBeanFactory - Autowiring by type from bean name 'org.springframework.boot.webmvc.autoconfigure.error.ErrorMvcAutoConfiguration' via constructor to bean named 'spring.web-org.springframework.boot.autoconfigure.web.WebProperties'
2026-08-17 23:46:26 - o.s.b.f.s.DefaultListableBeanFactory - Creating shared instance of singleton bean 'dispatcherServletRegistration'
2026-08-17 23:46:26 - o.s.b.f.s.DefaultListableBeanFactory - Creating shared instance of singleton bean 'org.springframework.boot.webmvc.autoconfigure.DispatcherServletAutoConfiguration$DispatcherServletRegistrationConfiguration'
2026-08-17 23:46:26 - o.s.b.f.s.DefaultListableBeanFactory - Creating shared instance of singleton bean 'dispatcherServlet'
2026-08-17 23:46:26 - o.s.b.f.s.DefaultListableBeanFactory - Creating shared instance of singleton bean 'org.springframework.boot.webmvc.autoconfigure.DispatcherServletAutoConfiguration$DispatcherServletConfiguration'
2026-08-17 23:46:26 - o.s.b.f.s.DefaultListableBeanFactory - Creating shared instance of singleton bean 'spring.mvc-org.springframework.boot.webmvc.autoconfigure.WebMvcProperties'
2026-08-17 23:46:26 - o.s.b.f.s.DefaultListableBeanFactory - Autowiring by type from bean name 'dispatcherServlet' via factory method to bean named 'spring.mvc-org.springframework.boot.webmvc.autoconfigure.WebMvcProperties'
2026-08-17 23:46:26 - o.s.b.f.s.DefaultListableBeanFactory - Autowiring by type from bean name 'dispatcherServletRegistration' via factory method to bean named 'dispatcherServlet'
2026-08-17 23:46:26 - o.s.b.f.s.DefaultListableBeanFactory - Autowiring by type from bean name 'dispatcherServletRegistration' via factory method to bean named 'spring.mvc-org.springframework.boot.webmvc.autoconfigure.WebMvcProperties'
2026-08-17 23:46:26 - o.s.b.f.s.DefaultListableBeanFactory - Creating shared instance of singleton bean 'multipartConfigElement'
2026-08-17 23:46:26 - o.s.b.f.s.DefaultListableBeanFactory - Creating shared instance of singleton bean 'org.springframework.boot.servlet.autoconfigure.MultipartAutoConfiguration'
2026-08-17 23:46:26 - o.s.b.f.s.DefaultListableBeanFactory - Creating shared instance of singleton bean 'spring.servlet.multipart-org.springframework.boot.servlet.autoconfigure.MultipartProperties'
2026-08-17 23:46:26 - o.s.b.f.s.DefaultListableBeanFactory - Autowiring by type from bean name 'org.springframework.boot.servlet.autoconfigure.MultipartAutoConfiguration' via constructor to bean named 'spring.servlet.multipart-org.springframework.boot.servlet.autoconfigure.MultipartProperties'
2026-08-17 23:46:26 - o.s.b.f.s.DefaultListableBeanFactory - Autowiring by type from bean name 'errorPageCustomizer' via factory method to bean named 'dispatcherServletRegistration'
2026-08-17 23:46:26 - o.s.b.t.s.TomcatServletWebServerFactory - Code archive: /Users/rakeshkuratti/.m2/repository/org/springframework/boot/spring-boot-web-server/4.1.0/spring-boot-web-server-4.1.0.jar
2026-08-17 23:46:26 - o.s.b.t.s.TomcatServletWebServerFactory - Code archive: /Users/rakeshkuratti/.m2/repository/org/springframework/boot/spring-boot-web-server/4.1.0/spring-boot-web-server-4.1.0.jar
2026-08-17 23:46:26 - o.s.b.t.s.TomcatServletWebServerFactory - None of the document roots [src/main/webapp, public, static] point to a directory and will be ignored.
2026-08-17 23:46:26 - o.s.boot.tomcat.TomcatWebServer - Tomcat initialized with port 8082 (http)
2026-08-17 23:46:26 - o.a.coyote.http11.Http11NioProtocol - Initializing ProtocolHandler ["http-nio-8082"]
2026-08-17 23:46:26 - o.a.catalina.core.StandardService - Starting service [Tomcat]
2026-08-17 23:46:26 - o.a.catalina.core.StandardEngine - Starting Servlet engine: [Apache Tomcat/11.0.22]
2026-08-17 23:46:26 - o.s.b.w.c.s.WebApplicationContextInitializer - Published root WebApplicationContext as ServletContext attribute with name [org.springframework.web.context.WebApplicationContext.ROOT]
2026-08-17 23:46:26 - o.s.b.w.c.s.WebApplicationContextInitializer - Root WebApplicationContext: initialization completed in 1110 ms
2026-08-17 23:46:26 - o.s.b.f.s.DefaultListableBeanFactory - Creating shared instance of singleton bean 'requestContextFilter'
2026-08-17 23:46:26 - o.s.b.f.s.DefaultListableBeanFactory - Creating shared instance of singleton bean 'formContentFilter'
2026-08-17 23:46:26 - o.s.b.f.s.DefaultListableBeanFactory - Creating shared instance of singleton bean 'org.springframework.boot.webmvc.autoconfigure.WebMvcAutoConfiguration'
2026-08-17 23:46:26 - o.s.b.f.s.DefaultListableBeanFactory - Creating shared instance of singleton bean 'characterEncodingFilter'
2026-08-17 23:46:26 - o.s.b.f.s.DefaultListableBeanFactory - Creating shared instance of singleton bean 'org.springframework.boot.servlet.autoconfigure.HttpEncodingAutoConfiguration'
2026-08-17 23:46:26 - o.s.b.f.s.DefaultListableBeanFactory - Creating shared instance of singleton bean 'spring.servlet.encoding-org.springframework.boot.servlet.autoconfigure.ServletEncodingProperties'
2026-08-17 23:46:26 - o.s.b.f.s.DefaultListableBeanFactory - Autowiring by type from bean name 'characterEncodingFilter' via factory method to bean named 'spring.servlet.encoding-org.springframework.boot.servlet.autoconfigure.ServletEncodingProperties'
2026-08-17 23:46:26 - o.s.b.w.s.ServletContextInitializerBeans - Mapping filters: characterEncodingFilter urls=[/*] order=-2147483648, formContentFilter urls=[/*] order=-9900, requestContextFilter urls=[/*] order=-105
2026-08-17 23:46:26 - o.s.b.w.s.ServletContextInitializerBeans - Mapping servlets: dispatcherServlet urls=[/]
2026-08-17 23:46:26 - o.s.b.s.f.OrderedRequestContextFilter - Filter 'requestContextFilter' configured for use
2026-08-17 23:46:26 - o.s.b.s.f.OrderedCharacterEncodingFilter - Filter 'characterEncodingFilter' configured for use
2026-08-17 23:46:26 - o.s.b.s.f.OrderedFormContentFilter - Filter 'formContentFilter' configured for use
2026-08-17 23:46:26 - o.s.b.f.s.DefaultListableBeanFactory - Creating shared instance of singleton bean 'applicationTaskExecutor'
2026-08-17 23:46:26 - o.s.b.f.s.DefaultListableBeanFactory - Creating shared instance of singleton bean 'org.springframework.boot.autoconfigure.task.TaskExecutorConfigurations$TaskExecutorConfiguration'
2026-08-17 23:46:26 - o.s.b.f.s.DefaultListableBeanFactory - Creating shared instance of singleton bean 'threadPoolTaskExecutorBuilder'
2026-08-17 23:46:26 - o.s.b.f.s.DefaultListableBeanFactory - Creating shared instance of singleton bean 'org.springframework.boot.autoconfigure.task.TaskExecutorConfigurations$ThreadPoolTaskExecutorBuilderConfiguration'
2026-08-17 23:46:26 - o.s.b.f.s.DefaultListableBeanFactory - Creating shared instance of singleton bean 'spring.task.execution-org.springframework.boot.autoconfigure.task.TaskExecutionProperties'
2026-08-17 23:46:26 - o.s.b.f.s.DefaultListableBeanFactory - Autowiring by type from bean name 'threadPoolTaskExecutorBuilder' via factory method to bean named 'spring.task.execution-org.springframework.boot.autoconfigure.task.TaskExecutionProperties'
2026-08-17 23:46:26 - o.s.b.f.s.DefaultListableBeanFactory - Autowiring by type from bean name 'applicationTaskExecutor' via factory method to bean named 'threadPoolTaskExecutorBuilder'
2026-08-17 23:46:26 - o.s.s.c.ThreadPoolTaskExecutor - Initializing ExecutorService 'applicationTaskExecutor'
2026-08-17 23:46:26 - o.s.b.f.s.DefaultListableBeanFactory - Creating shared instance of singleton bean 'dataSourceScriptDatabaseInitializer'
2026-08-17 23:46:26 - o.s.b.f.s.DefaultListableBeanFactory - Creating shared instance of singleton bean 'org.springframework.boot.jdbc.autoconfigure.DataSourceInitializationAutoConfiguration'
2026-08-17 23:46:26 - o.s.b.f.s.DefaultListableBeanFactory - Creating shared instance of singleton bean 'dataSource'
2026-08-17 23:46:26 - o.s.b.f.s.DefaultListableBeanFactory - Creating shared instance of singleton bean 'org.springframework.boot.jdbc.autoconfigure.DataSourceConfiguration$Hikari'
2026-08-17 23:46:26 - o.s.b.f.s.DefaultListableBeanFactory - Creating shared instance of singleton bean 'spring.datasource-org.springframework.boot.jdbc.autoconfigure.DataSourceProperties'
2026-08-17 23:46:26 - o.s.b.f.s.DefaultListableBeanFactory - Creating shared instance of singleton bean 'jdbcConnectionDetails'
2026-08-17 23:46:26 - o.s.b.f.s.DefaultListableBeanFactory - Creating shared instance of singleton bean 'org.springframework.boot.jdbc.autoconfigure.DataSourceAutoConfiguration$PooledDataSourceConfiguration'
2026-08-17 23:46:26 - o.s.b.f.s.DefaultListableBeanFactory - Autowiring by type from bean name 'jdbcConnectionDetails' via factory method to bean named 'spring.datasource-org.springframework.boot.jdbc.autoconfigure.DataSourceProperties'
2026-08-17 23:46:26 - o.s.b.f.s.DefaultListableBeanFactory - Autowiring by type from bean name 'dataSource' via factory method to bean named 'spring.datasource-org.springframework.boot.jdbc.autoconfigure.DataSourceProperties'
2026-08-17 23:46:26 - o.s.b.f.s.DefaultListableBeanFactory - Autowiring by type from bean name 'dataSource' via factory method to bean named 'jdbcConnectionDetails'
2026-08-17 23:46:26 - o.s.b.f.s.DefaultListableBeanFactory - Autowiring by type from bean name 'dataSource' via factory method to bean named 'environment'
2026-08-17 23:46:26 - com.zaxxer.hikari.util.UtilityElf - Class com.mysql.cj.jdbc.Driver found in Thread context class loader jdk.internal.loader.ClassLoaders$AppClassLoader@14dad5dc
2026-08-17 23:46:26 - o.s.b.f.s.DefaultListableBeanFactory - Creating shared instance of singleton bean 'spring.sql.init-org.springframework.boot.sql.autoconfigure.init.SqlInitializationProperties'
2026-08-17 23:46:26 - o.s.b.f.s.DefaultListableBeanFactory - Autowiring by type from bean name 'dataSourceScriptDatabaseInitializer' via factory method to bean named 'dataSource'
2026-08-17 23:46:26 - o.s.b.f.s.DefaultListableBeanFactory - Autowiring by type from bean name 'dataSourceScriptDatabaseInitializer' via factory method to bean named 'spring.sql.init-org.springframework.boot.sql.autoconfigure.init.SqlInitializationProperties'
2026-08-17 23:46:26 - o.s.b.f.s.DefaultListableBeanFactory - Creating shared instance of singleton bean 'entityManagerFactory'
2026-08-17 23:46:26 - o.s.b.f.s.DefaultListableBeanFactory - Creating shared instance of singleton bean 'org.springframework.boot.hibernate.autoconfigure.HibernateJpaConfiguration'
2026-08-17 23:46:26 - o.s.b.f.s.DefaultListableBeanFactory - Creating shared instance of singleton bean 'spring.jpa-org.springframework.boot.jpa.autoconfigure.JpaProperties'
2026-08-17 23:46:26 - o.s.b.f.s.DefaultListableBeanFactory - Creating shared instance of singleton bean 'spring.jpa.hibernate-org.springframework.boot.hibernate.autoconfigure.HibernateProperties'
2026-08-17 23:46:26 - o.s.b.f.s.DefaultListableBeanFactory - Autowiring by type from bean name 'org.springframework.boot.hibernate.autoconfigure.HibernateJpaConfiguration' via constructor to bean named 'dataSource'
2026-08-17 23:46:26 - o.s.b.f.s.DefaultListableBeanFactory - Autowiring by type from bean name 'org.springframework.boot.hibernate.autoconfigure.HibernateJpaConfiguration' via constructor to bean named 'spring.jpa-org.springframework.boot.jpa.autoconfigure.JpaProperties'
2026-08-17 23:46:26 - o.s.b.f.s.DefaultListableBeanFactory - Autowiring by type from bean name 'org.springframework.boot.hibernate.autoconfigure.HibernateJpaConfiguration' via constructor to bean named 'spring.jpa.hibernate-org.springframework.boot.hibernate.autoconfigure.HibernateProperties'
2026-08-17 23:46:26 - o.s.b.f.s.DefaultListableBeanFactory - Creating shared instance of singleton bean 'hikariPoolDataSourceMetadataProvider'
2026-08-17 23:46:26 - o.s.b.f.s.DefaultListableBeanFactory - Creating shared instance of singleton bean 'org.springframework.boot.jdbc.autoconfigure.DataSourcePoolMetadataProvidersConfiguration$HikariPoolDataSourceMetadataProviderConfiguration'
2026-08-17 23:46:26 - o.s.b.f.s.DefaultListableBeanFactory - Creating shared instance of singleton bean 'entityManagerFactoryBuilder'
2026-08-17 23:46:26 - o.s.b.f.s.DefaultListableBeanFactory - Creating shared instance of singleton bean 'jpaVendorAdapter'
2026-08-17 23:46:26 - o.s.b.f.s.DefaultListableBeanFactory - Autowiring by type from bean name 'entityManagerFactoryBuilder' via factory method to bean named 'jpaVendorAdapter'
2026-08-17 23:46:26 - o.s.b.f.s.DefaultListableBeanFactory - Autowiring by type from bean name 'entityManagerFactoryBuilder' via factory method to bean named 'applicationTaskExecutor'
2026-08-17 23:46:26 - o.s.b.f.s.DefaultListableBeanFactory - Creating shared instance of singleton bean 'persistenceManagedTypes'
2026-08-17 23:46:26 - o.s.b.f.s.DefaultListableBeanFactory - Autowiring by type from bean name 'persistenceManagedTypes' via factory method to bean named 'org.springframework.beans.factory.support.DefaultListableBeanFactory@47874b25'
2026-08-17 23:46:26 - o.s.b.f.s.DefaultListableBeanFactory - Autowiring by type from bean name 'persistenceManagedTypes' via factory method to bean named 'org.springframework.boot.web.server.servlet.context.AnnotationConfigServletWebServerApplicationContext@1951b871'
2026-08-17 23:46:26 - o.s.b.f.s.DefaultListableBeanFactory - Autowiring by type from bean name 'entityManagerFactory' via factory method to bean named 'entityManagerFactoryBuilder'
2026-08-17 23:46:26 - o.s.b.f.s.DefaultListableBeanFactory - Autowiring by type from bean name 'entityManagerFactory' via factory method to bean named 'persistenceManagedTypes'
2026-08-17 23:46:26 - o.s.o.j.LocalContainerEntityManagerFactoryBean - Building JPA container EntityManagerFactory for persistence unit 'default'
2026-08-17 23:46:26 - org.hibernate.orm.jpa - HHH008541: PersistenceUnitInfo [
	name: default
	persistence provider classname: null
	classloader: jdk.internal.loader.ClassLoaders$AppClassLoader@14dad5dc
	excludeUnlistedClasses: true
	JTA datasource: null
	Non JTA datasource: HikariDataSource (null)
	Transaction type: RESOURCE_LOCAL
	PU root URL: file:/Users/rakeshkuratti/Desktop/Projcts/ExpenseTracker/target/classes/
	Shared Cache Mode: UNSPECIFIED
	Validation Mode: AUTO
	Jar files URLs []
	Managed classes names [
		com.rakesh.ExpenseTracker.entity.Expense]
	Mapping files names []
	Properties []
2026-08-17 23:46:26 - org.hibernate.orm.service - HHH010455: Adding integrator: org.hibernate.boot.beanvalidation.BeanValidationIntegrator
2026-08-17 23:46:26 - org.hibernate.orm.service - HHH010455: Adding integrator: org.hibernate.cache.internal.CollectionCacheInvalidator
2026-08-17 23:46:26 - org.hibernate.orm.core - HHH000001: Hibernate ORM core version 7.4.1.Final
2026-08-17 23:46:26 - org.hibernate.orm.core - HHH000206: 'hibernate.properties' not found
2026-08-17 23:46:26 - o.s.o.j.h.SpringBeanContainer - Falling back to Hibernate's default producer after bean creation failure for interface org.hibernate.engine.jdbc.connections.spi.MultiTenantConnectionProvider: org.springframework.beans.factory.BeanCreationException: Error creating bean with name 'org.hibernate.engine.jdbc.connections.spi.MultiTenantConnectionProvider': Failed to instantiate [org.hibernate.engine.jdbc.connections.spi.MultiTenantConnectionProvider]: Specified class is an interface
2026-08-17 23:46:26 - org.hibernate.orm.cache - HHH90001031: Cannot default RegionFactory since no RegionFactory strategies were registered
2026-08-17 23:46:26 - org.hibernate.orm.cache - HHH90001029: Second-level cache disabled
2026-08-17 23:46:27 - o.s.o.j.p.SpringPersistenceUnitInfo - No LoadTimeWeaver setup: ignoring JPA class transformer
2026-08-17 23:46:27 - com.zaxxer.hikari.HikariConfig - HikariPool-1 - configuration:
2026-08-17 23:46:27 - com.zaxxer.hikari.HikariConfig - allowPoolSuspension.............false
2026-08-17 23:46:27 - com.zaxxer.hikari.HikariConfig - autoCommit......................true
2026-08-17 23:46:27 - com.zaxxer.hikari.HikariConfig - catalog.........................none
2026-08-17 23:46:27 - com.zaxxer.hikari.HikariConfig - connectionInitSql...............none
2026-08-17 23:46:27 - com.zaxxer.hikari.HikariConfig - connectionTestQuery.............none
2026-08-17 23:46:27 - com.zaxxer.hikari.HikariConfig - connectionTimeout...............30000
2026-08-17 23:46:27 - com.zaxxer.hikari.HikariConfig - credentials.....................com.zaxxer.hikari.util.Credentials@7858d31d
2026-08-17 23:46:27 - com.zaxxer.hikari.HikariConfig - credentialsProvider.............none
2026-08-17 23:46:27 - com.zaxxer.hikari.HikariConfig - credentialsProviderClassName....none
2026-08-17 23:46:27 - com.zaxxer.hikari.HikariConfig - dataSource......................none
2026-08-17 23:46:27 - com.zaxxer.hikari.HikariConfig - dataSourceClassName.............none
2026-08-17 23:46:27 - com.zaxxer.hikari.HikariConfig - dataSourceJNDI..................none
2026-08-17 23:46:27 - com.zaxxer.hikari.HikariConfig - dataSourceProperties............{password=<masked>}
2026-08-17 23:46:27 - com.zaxxer.hikari.HikariConfig - driverClassName................."com.mysql.cj.jdbc.Driver"
2026-08-17 23:46:27 - com.zaxxer.hikari.HikariConfig - exceptionOverride...............none
2026-08-17 23:46:27 - com.zaxxer.hikari.HikariConfig - exceptionOverrideClassName......none
2026-08-17 23:46:27 - com.zaxxer.hikari.HikariConfig - healthCheckProperties...........{}
2026-08-17 23:46:27 - com.zaxxer.hikari.HikariConfig - healthCheckRegistry.............none
2026-08-17 23:46:27 - com.zaxxer.hikari.HikariConfig - idleTimeout.....................600000
2026-08-17 23:46:27 - com.zaxxer.hikari.HikariConfig - initializationFailTimeout.......1
2026-08-17 23:46:27 - com.zaxxer.hikari.HikariConfig - isolateInternalQueries..........false
2026-08-17 23:46:27 - com.zaxxer.hikari.HikariConfig - jdbcUrl.........................jdbc:mysql://localhost:3306/ExpenseTracker
2026-08-17 23:46:27 - com.zaxxer.hikari.HikariConfig - keepaliveTime...................120000
2026-08-17 23:46:27 - com.zaxxer.hikari.HikariConfig - leakDetectionThreshold..........0
2026-08-17 23:46:27 - com.zaxxer.hikari.HikariConfig - maxLifetime.....................1800000
2026-08-17 23:46:27 - com.zaxxer.hikari.HikariConfig - maximumPoolSize.................10
2026-08-17 23:46:27 - com.zaxxer.hikari.HikariConfig - metricRegistry..................none
2026-08-17 23:46:27 - com.zaxxer.hikari.HikariConfig - metricsTrackerFactory...........none
2026-08-17 23:46:27 - com.zaxxer.hikari.HikariConfig - minimumIdle.....................10
2026-08-17 23:46:27 - com.zaxxer.hikari.HikariConfig - password........................<masked>
2026-08-17 23:46:27 - com.zaxxer.hikari.HikariConfig - poolName........................"HikariPool-1"
2026-08-17 23:46:27 - com.zaxxer.hikari.HikariConfig - readOnly........................false
2026-08-17 23:46:27 - com.zaxxer.hikari.HikariConfig - registerMbeans..................false
2026-08-17 23:46:27 - com.zaxxer.hikari.HikariConfig - scheduledExecutor...............none
2026-08-17 23:46:27 - com.zaxxer.hikari.HikariConfig - schema..........................none
2026-08-17 23:46:27 - com.zaxxer.hikari.HikariConfig - threadFactory...................internal
2026-08-17 23:46:27 - com.zaxxer.hikari.HikariConfig - transactionIsolation............default
2026-08-17 23:46:27 - com.zaxxer.hikari.HikariConfig - username........................"root"
2026-08-17 23:46:27 - com.zaxxer.hikari.HikariConfig - validationTimeout...............5000
2026-08-17 23:46:27 - com.zaxxer.hikari.HikariDataSource - HikariPool-1 - Starting...
2026-08-17 23:46:27 - com.zaxxer.hikari.pool.PoolBase - HikariPool-1 - Attempting to create/setup new connection (5a48e22e-a5b0-442b-aeed-e982e9416f05)
2026-08-17 23:46:27 - com.zaxxer.hikari.pool.PoolBase - HikariPool-1 - Established new connection (5a48e22e-a5b0-442b-aeed-e982e9416f05)
2026-08-17 23:46:27 - com.zaxxer.hikari.pool.HikariPool - HikariPool-1 - Added connection com.mysql.cj.jdbc.ConnectionImpl@39a865c1
2026-08-17 23:46:27 - com.zaxxer.hikari.HikariDataSource - HikariPool-1 - Start completed.
2026-08-17 23:46:27 - org.hibernate.orm.jdbc - HHH100017: Database:
	name: MySQL
	version: 8.0.45
	major: 8
	minor: 0
2026-08-17 23:46:27 - org.hibernate.orm.jdbc - HHH100018: Driver:
	name: MySQL Connector/J
	version: mysql-connector-j-9.7.0 (Revision: 0aade1f13bcc98faf7dda5c02e782481eb291f62)
	major: 9
	minor: 7
	JDBC version: 4.2
2026-08-17 23:46:27 - org.hibernate.orm.deprecation - HHH90000025: MySQLDialect does not need to be specified explicitly using 'hibernate.dialect' (remove the property setting and it will be selected by default)
2026-08-17 23:46:27 - org.hibernate.orm.dialect - HHH035001: Using dialect: org.hibernate.dialect.MySQLDialect, version: 8.0.45
2026-08-17 23:46:27 - o.h.e.j.e.s.IdentifierHelperBuilder - IdentifierCaseStrategy for both quoted and unquoted identifiers was set to the same strategy [MIXED]; that will likely lead to problems in schema update and validation if using quoted identifiers
2026-08-17 23:46:27 - org.hibernate.orm.jdbc - HHH100122: Using default JDBC fetch size: 0
2026-08-17 23:46:27 - o.hibernate.orm.connections.pooling - HHH10001005: Database info:
	Database JDBC URL [jdbc:mysql://localhost:3306/ExpenseTracker]
	Database driver: MySQL Connector/J
	Database dialect: MySQLDialect
	Database version: 8.0.45
	Default catalog/schema: ExpenseTracker/undefined
	Autocommit mode: undefined/unknown
	Isolation level: REPEATABLE_READ [default REPEATABLE_READ]
	JDBC fetch size: none
	Pool: DataSourceConnectionProvider
	Minimum pool size: undefined/unknown
	Maximum pool size: undefined/unknown
2026-08-17 23:46:27 - com.zaxxer.hikari.pool.HikariPool - HikariPool-1 - Pool stats (total=1/10, idle=1/10, active=0, waiting=0)
2026-08-17 23:46:27 - com.zaxxer.hikari.pool.PoolBase - HikariPool-1 - Attempting to create/setup new connection (41070f31-de67-41d6-b5fd-bbce86e9bd47)
2026-08-17 23:46:27 - com.zaxxer.hikari.pool.PoolBase - HikariPool-1 - Established new connection (41070f31-de67-41d6-b5fd-bbce86e9bd47)
2026-08-17 23:46:27 - com.zaxxer.hikari.pool.HikariPool - HikariPool-1 - Added connection com.mysql.cj.jdbc.ConnectionImpl@3081fe40
2026-08-17 23:46:27 - com.zaxxer.hikari.pool.HikariPool - HikariPool-1 - After adding stats (total=2/10, idle=2/10, active=0, waiting=0)
2026-08-17 23:46:27 - com.zaxxer.hikari.pool.PoolBase - HikariPool-1 - Attempting to create/setup new connection (7f5ceabe-3524-43cc-a04b-658952b871df)
2026-08-17 23:46:27 - com.zaxxer.hikari.pool.PoolBase - HikariPool-1 - Established new connection (7f5ceabe-3524-43cc-a04b-658952b871df)
2026-08-17 23:46:27 - com.zaxxer.hikari.pool.HikariPool - HikariPool-1 - Added connection com.mysql.cj.jdbc.ConnectionImpl@71bcf47b
2026-08-17 23:46:27 - com.zaxxer.hikari.pool.HikariPool - HikariPool-1 - After adding stats (total=3/10, idle=3/10, active=0, waiting=0)
2026-08-17 23:46:27 - com.zaxxer.hikari.pool.PoolBase - HikariPool-1 - Attempting to create/setup new connection (7f98d469-98d3-4580-9a76-4b6315134c3e)
2026-08-17 23:46:27 - com.zaxxer.hikari.pool.PoolBase - HikariPool-1 - Established new connection (7f98d469-98d3-4580-9a76-4b6315134c3e)
2026-08-17 23:46:27 - com.zaxxer.hikari.pool.HikariPool - HikariPool-1 - Added connection com.mysql.cj.jdbc.ConnectionImpl@40874624
2026-08-17 23:46:27 - com.zaxxer.hikari.pool.HikariPool - HikariPool-1 - After adding stats (total=4/10, idle=4/10, active=0, waiting=0)
2026-08-17 23:46:27 - com.zaxxer.hikari.pool.PoolBase - HikariPool-1 - Attempting to create/setup new connection (af6e1d48-6f0e-4e0a-bff9-6b94d4d08f84)
2026-08-17 23:46:27 - com.zaxxer.hikari.pool.PoolBase - HikariPool-1 - Established new connection (af6e1d48-6f0e-4e0a-bff9-6b94d4d08f84)
2026-08-17 23:46:27 - com.zaxxer.hikari.pool.HikariPool - HikariPool-1 - Added connection com.mysql.cj.jdbc.ConnectionImpl@305abda9
2026-08-17 23:46:27 - o.s.o.j.h.SpringBeanContainer - Falling back to Hibernate's default producer after bean creation failure for interface org.hibernate.context.spi.CurrentTenantIdentifierResolver: org.springframework.beans.factory.NoSuchBeanDefinitionException: No qualifying bean of type 'org.hibernate.context.spi.CurrentTenantIdentifierResolver<?>' available
2026-08-17 23:46:27 - o.s.o.j.h.SpringBeanContainer - Falling back to Hibernate's default producer after bean creation failure for interface org.hibernate.context.spi.TenantSchemaMapper: org.springframework.beans.factory.NoSuchBeanDefinitionException: No qualifying bean of type 'org.hibernate.context.spi.TenantSchemaMapper<?>' available
2026-08-17 23:46:27 - o.s.o.j.h.SpringBeanContainer - Falling back to Hibernate's default producer after bean creation failure for interface org.hibernate.context.spi.TenantCredentialsMapper: org.springframework.beans.factory.NoSuchBeanDefinitionException: No qualifying bean of type 'org.hibernate.context.spi.TenantCredentialsMapper<?>' available
2026-08-17 23:46:27 - com.zaxxer.hikari.pool.HikariPool - HikariPool-1 - After adding stats (total=5/10, idle=5/10, active=0, waiting=0)
2026-08-17 23:46:27 - com.zaxxer.hikari.pool.PoolBase - HikariPool-1 - Attempting to create/setup new connection (671e647b-2d72-4851-8abf-7d13677bcde5)
2026-08-17 23:46:28 - com.zaxxer.hikari.pool.PoolBase - HikariPool-1 - Established new connection (671e647b-2d72-4851-8abf-7d13677bcde5)
2026-08-17 23:46:28 - com.zaxxer.hikari.pool.HikariPool - HikariPool-1 - Added connection com.mysql.cj.jdbc.ConnectionImpl@708fb6e1
2026-08-17 23:46:28 - com.zaxxer.hikari.pool.HikariPool - HikariPool-1 - After adding stats (total=6/10, idle=6/10, active=0, waiting=0)
2026-08-17 23:46:28 - com.zaxxer.hikari.pool.PoolBase - HikariPool-1 - Attempting to create/setup new connection (202a7762-def3-4d33-93a2-7db2b481d7d0)
2026-08-17 23:46:28 - com.zaxxer.hikari.pool.PoolBase - HikariPool-1 - Established new connection (202a7762-def3-4d33-93a2-7db2b481d7d0)
2026-08-17 23:46:28 - com.zaxxer.hikari.pool.HikariPool - HikariPool-1 - Added connection com.mysql.cj.jdbc.ConnectionImpl@61e96112
2026-08-17 23:46:28 - org.hibernate.orm.factory - HHH90020001: Instantiating factory [276747f6-b073-4728-af5f-6f0ce94b8d33] with settings: {hibernate.format_sql=true, java.specification.version=25, hibernate.resource.beans.container=org.springframework.orm.jpa.hibernate.SpringBeanContainer@7ebaf0d, hibernate.connection.handling_mode=DELAYED_ACQUISITION_AND_HOLD, sun.jnu.encoding=UTF-8, hibernate.dialect=org.hibernate.dialect.MySQLDialect, hibernate.implicit_naming_strategy=org.springframework.boot.hibernate.SpringImplicitNamingStrategy, java.class.path=/Users/rakeshkuratti/Desktop/Projcts/ExpenseTracker/target/classes:/Users/rakeshkuratti/.m2/repository/org/springframework/boot/spring-boot-starter-data-jpa/4.1.0/spring-boot-starter-data-jpa-4.1.0.jar:/Users/rakeshkuratti/.m2/repository/org/springframework/boot/spring-boot-starter/4.1.0/spring-boot-starter-4.1.0.jar:/Users/rakeshkuratti/.m2/repository/org/springframework/boot/spring-boot-starter-logging/4.1.0/spring-boot-starter-logging-4.1.0.jar:/Users/rakeshkuratti/.m2/repository/ch/qos/logback/logback-classic/1.5.34/logback-classic-1.5.34.jar:/Users/rakeshkuratti/.m2/repository/ch/qos/logback/logback-core/1.5.34/logback-core-1.5.34.jar:/Users/rakeshkuratti/.m2/repository/org/apache/logging/log4j/log4j-to-slf4j/2.25.4/log4j-to-slf4j-2.25.4.jar:/Users/rakeshkuratti/.m2/repository/org/apache/logging/log4j/log4j-api/2.25.4/log4j-api-2.25.4.jar:/Users/rakeshkuratti/.m2/repository/org/slf4j/jul-to-slf4j/2.0.18/jul-to-slf4j-2.0.18.jar:/Users/rakeshkuratti/.m2/repository/org/springframework/boot/spring-boot-autoconfigure/4.1.0/spring-boot-autoconfigure-4.1.0.jar:/Users/rakeshkuratti/.m2/repository/jakarta/annotation/jakarta.annotation-api/3.0.0/jakarta.annotation-api-3.0.0.jar:/Users/rakeshkuratti/.m2/repository/org/yaml/snakeyaml/2.6/snakeyaml-2.6.jar:/Users/rakeshkuratti/.m2/repository/org/springframework/boot/spring-boot-starter-jdbc/4.1.0/spring-boot-starter-jdbc-4.1.0.jar:/Users/rakeshkuratti/.m2/repository/com/zaxxer/HikariCP/7.0.2/HikariCP-7.0.2.jar:/Users/rakeshkuratti/.m2/repository/org/slf4j/slf4j-api/2.0.18/slf4j-api-2.0.18.jar:/Users/rakeshkuratti/.m2/repository/org/springframework/boot/spring-boot-data-jpa/4.1.0/spring-boot-data-jpa-4.1.0.jar:/Users/rakeshkuratti/.m2/repository/org/springframework/boot/spring-boot-data-commons/4.1.0/spring-boot-data-commons-4.1.0.jar:/Users/rakeshkuratti/.m2/repository/org/springframework/boot/spring-boot-persistence/4.1.0/spring-boot-persistence-4.1.0.jar:/Users/rakeshkuratti/.m2/repository/org/springframework/data/spring-data-commons/4.1.0/spring-data-commons-4.1.0.jar:/Users/rakeshkuratti/.m2/repository/org/springframework/boot/spring-boot-hibernate/4.1.0/spring-boot-hibernate-4.1.0.jar:/Users/rakeshkuratti/.m2/repository/org/springframework/boot/spring-boot-jpa/4.1.0/spring-boot-jpa-4.1.0.jar:/Users/rakeshkuratti/.m2/repository/jakarta/persistence/jakarta.persistence-api/3.2.0/jakarta.persistence-api-3.2.0.jar:/Users/rakeshkuratti/.m2/repository/org/hibernate/orm/hibernate-core/7.4.1.Final/hibernate-core-7.4.1.Final.jar:/Users/rakeshkuratti/.m2/repository/jakarta/transaction/jakarta.transaction-api/2.0.1/jakarta.transaction-api-2.0.1.jar:/Users/rakeshkuratti/.m2/repository/org/hibernate/models/hibernate-models/1.1.1/hibernate-models-1.1.1.jar:/Users/rakeshkuratti/.m2/repository/org/glassfish/jaxb/jaxb-runtime/4.0.9/jaxb-runtime-4.0.9.jar:/Users/rakeshkuratti/.m2/repository/org/glassfish/jaxb/jaxb-core/4.0.9/jaxb-core-4.0.9.jar:/Users/rakeshkuratti/.m2/repository/org/eclipse/angus/angus-activation/2.0.3/angus-activation-2.0.3.jar:/Users/rakeshkuratti/.m2/repository/org/glassfish/jaxb/txw2/4.0.9/txw2-4.0.9.jar:/Users/rakeshkuratti/.m2/repository/com/sun/istack/istack-commons-runtime/4.1.2/istack-commons-runtime-4.1.2.jar:/Users/rakeshkuratti/.m2/repository/jakarta/inject/jakarta.inject-api/2.0.1/jakarta.inject-api-2.0.1.jar:/Users/rakeshkuratti/.m2/repository/org/springframework/spring-orm/7.0.8/spring-orm-7.0.8.jar:/Users/rakeshkuratti/.m2/repository/org/springframework/data/spring-data-jpa/4.1.0/spring-data-jpa-4.1.0.jar:/Users/rakeshkuratti/.m2/repository/org/springframework/spring-context/7.0.8/spring-context-7.0.8.jar:/Users/rakeshkuratti/.m2/repository/org/springframework/spring-aop/7.0.8/spring-aop-7.0.8.jar:/Users/rakeshkuratti/.m2/repository/org/springframework/spring-tx/7.0.8/spring-tx-7.0.8.jar:/Users/rakeshkuratti/.m2/repository/org/springframework/spring-beans/7.0.8/spring-beans-7.0.8.jar:/Users/rakeshkuratti/.m2/repository/org/antlr/antlr4-runtime/4.13.2/antlr4-runtime-4.13.2.jar:/Users/rakeshkuratti/.m2/repository/org/springframework/spring-aspects/7.0.8/spring-aspects-7.0.8.jar:/Users/rakeshkuratti/.m2/repository/org/aspectj/aspectjweaver/1.9.25.1/aspectjweaver-1.9.25.1.jar:/Users/rakeshkuratti/.m2/repository/org/springframework/boot/spring-boot-jdbc/4.1.0/spring-boot-jdbc-4.1.0.jar:/Users/rakeshkuratti/.m2/repository/org/springframework/boot/spring-boot/4.1.0/spring-boot-4.1.0.jar:/Users/rakeshkuratti/.m2/repository/org/springframework/boot/spring-boot-sql/4.1.0/spring-boot-sql-4.1.0.jar:/Users/rakeshkuratti/.m2/repository/org/springframework/boot/spring-boot-transaction/4.1.0/spring-boot-transaction-4.1.0.jar:/Users/rakeshkuratti/.m2/repository/org/springframework/spring-jdbc/7.0.8/spring-jdbc-7.0.8.jar:/Users/rakeshkuratti/.m2/repository/org/springframework/boot/spring-boot-starter-validation/4.1.0/spring-boot-starter-validation-4.1.0.jar:/Users/rakeshkuratti/.m2/repository/org/springframework/boot/spring-boot-validation/4.1.0/spring-boot-validation-4.1.0.jar:/Users/rakeshkuratti/.m2/repository/org/apache/tomcat/embed/tomcat-embed-el/11.0.22/tomcat-embed-el-11.0.22.jar:/Users/rakeshkuratti/.m2/repository/org/hibernate/validator/hibernate-validator/9.1.0.Final/hibernate-validator-9.1.0.Final.jar:/Users/rakeshkuratti/.m2/repository/jakarta/validation/jakarta.validation-api/3.1.1/jakarta.validation-api-3.1.1.jar:/Users/rakeshkuratti/.m2/repository/org/jboss/logging/jboss-logging/3.6.3.Final/jboss-logging-3.6.3.Final.jar:/Users/rakeshkuratti/.m2/repository/com/fasterxml/classmate/1.7.3/classmate-1.7.3.jar:/Users/rakeshkuratti/.m2/repository/org/springframework/boot/spring-boot-starter-webmvc/4.1.0/spring-boot-starter-webmvc-4.1.0.jar:/Users/rakeshkuratti/.m2/repository/org/springframework/boot/spring-boot-starter-jackson/4.1.0/spring-boot-starter-jackson-4.1.0.jar:/Users/rakeshkuratti/.m2/repository/org/springframework/boot/spring-boot-jackson/4.1.0/spring-boot-jackson-4.1.0.jar:/Users/rakeshkuratti/.m2/repository/tools/jackson/core/jackson-databind/3.1.4/jackson-databind-3.1.4.jar:/Users/rakeshkuratti/.m2/repository/com/fasterxml/jackson/core/jackson-annotations/2.21/jackson-annotations-2.21.jar:/Users/rakeshkuratti/.m2/repository/tools/jackson/core/jackson-core/3.1.4/jackson-core-3.1.4.jar:/Users/rakeshkuratti/.m2/repository/org/springframework/boot/spring-boot-starter-tomcat/4.1.0/spring-boot-starter-tomcat-4.1.0.jar:/Users/rakeshkuratti/.m2/repository/org/springframework/boot/spring-boot-starter-tomcat-runtime/4.1.0/spring-boot-starter-tomcat-runtime-4.1.0.jar:/Users/rakeshkuratti/.m2/repository/org/apache/tomcat/embed/tomcat-embed-core/11.0.22/tomcat-embed-core-11.0.22.jar:/Users/rakeshkuratti/.m2/repository/org/apache/tomcat/embed/tomcat-embed-websocket/11.0.22/tomcat-embed-websocket-11.0.22.jar:/Users/rakeshkuratti/.m2/repository/org/springframework/boot/spring-boot-tomcat/4.1.0/spring-boot-tomcat-4.1.0.jar:/Users/rakeshkuratti/.m2/repository/org/springframework/boot/spring-boot-http-converter/4.1.0/spring-boot-http-converter-4.1.0.jar:/Users/rakeshkuratti/.m2/repository/org/springframework/spring-web/7.0.8/spring-web-7.0.8.jar:/Users/rakeshkuratti/.m2/repository/io/micrometer/micrometer-observation/1.17.0/micrometer-observation-1.17.0.jar:/Users/rakeshkuratti/.m2/repository/io/micrometer/micrometer-commons/1.17.0/micrometer-commons-1.17.0.jar:/Users/rakeshkuratti/.m2/repository/org/springframework/boot/spring-boot-webmvc/4.1.0/spring-boot-webmvc-4.1.0.jar:/Users/rakeshkuratti/.m2/repository/org/springframework/boot/spring-boot-servlet/4.1.0/spring-boot-servlet-4.1.0.jar:/Users/rakeshkuratti/.m2/repository/org/springframework/spring-webmvc/7.0.8/spring-webmvc-7.0.8.jar:/Users/rakeshkuratti/.m2/repository/org/springframework/spring-expression/7.0.8/spring-expression-7.0.8.jar:/Users/rakeshkuratti/.m2/repository/com/mysql/mysql-connector-j/9.7.0/mysql-connector-j-9.7.0.jar:/Users/rakeshkuratti/.m2/repository/org/projectlombok/lombok/1.18.46/lombok-1.18.46.jar:/Users/rakeshkuratti/.m2/repository/jakarta/xml/bind/jakarta.xml.bind-api/4.0.5/jakarta.xml.bind-api-4.0.5.jar:/Users/rakeshkuratti/.m2/repository/jakarta/activation/jakarta.activation-api/2.1.4/jakarta.activation-api-2.1.4.jar:/Users/rakeshkuratti/.m2/repository/net/bytebuddy/byte-buddy/1.18.10/byte-buddy-1.18.10.jar:/Users/rakeshkuratti/.m2/repository/org/springframework/spring-core/7.0.8/spring-core-7.0.8.jar:/Users/rakeshkuratti/.m2/repository/commons-logging/commons-logging/1.3.6/commons-logging-1.3.6.jar:/Users/rakeshkuratti/.m2/repository/org/jspecify/jspecify/1.0.0/jspecify-1.0.0.jar:/Users/rakeshkuratti/.m2/repository/org/springframework/boot/spring-boot-web-server/4.1.0/spring-boot-web-server-4.1.0.jar, java.vm.vendor=Oracle Corporation, sun.arch.data.model=64, catalina.useNaming=false, java.vendor.url=https://java.oracle.com/, user.timezone=Asia/Kolkata, jakarta.persistence.sharedCache.mode=UNSPECIFIED, org.jboss.logging.provider=slf4j, os.name=Mac OS X, java.vm.specification.version=25, APPLICATION_NAME=ExpenseTracker, jakarta.persistence.nonJtaDataSource=HikariDataSource (HikariPool-1), user.country=US, sun.java.launcher=SUN_STANDARD, sun.boot.library.path=/Library/Java/JavaVirtualMachines/jdk-25.jdk/Contents/Home/lib, sun.java.command=com.rakesh.ExpenseTracker.ExpenseTrackerApplication, javax.persistence.nonJtaDataSource=HikariDataSource (HikariPool-1), http.nonProxyHosts=local|*.local|169.254/16|*.169.254/16, jdk.debug=release, sun.cpu.endian=little, hibernate.cdi.extensions=true, user.home=/Users/rakeshkuratti, user.language=en, sun.stderr.encoding=UTF-8, java.specification.vendor=Oracle Corporation, java.version.date=2026-01-20, java.home=/Library/Java/JavaVirtualMachines/jdk-25.jdk/Contents/Home, file.separator=/, java.vm.compressedOopsMode=Zero based, sun.stdout.encoding=UTF-8, line.separator=
, hibernate.persistenceUnitName=default, java.vm.specification.vendor=Oracle Corporation, java.specification.name=Java Platform API Specification, FILE_LOG_CHARSET=UTF-8, hibernate.transaction.coordinator_class=class org.hibernate.resource.transaction.backend.jdbc.internal.JdbcResourceLocalTransactionCoordinatorBuilderImpl, java.awt.headless=true, apple.awt.application.name=ExpenseTrackerApplication, jakarta.persistence.validation.mode=AUTO, hibernate.hbm2ddl.auto=update, sun.management.compiler=HotSpot 64-Bit Tiered Compilers, ftp.nonProxyHosts=local|*.local|169.254/16|*.169.254/16, java.runtime.version=25.0.2+10-LTS-69, user.name=rakeshkuratti, stdout.encoding=UTF-8, path.separator=:, os.version=26.6, java.runtime.name=Java(TM) SE Runtime Environment, file.encoding=UTF-8, java.vm.name=Java HotSpot(TM) 64-Bit Server VM, hibernate.show_sql=true, LOG_FILE=myapp.log, java.vendor.url.bug=https://bugreport.java.com/bugreport/, java.io.tmpdir=/var/folders/d9/17yqn9653js4rz2_zfr7c15m0000gn/T/, catalina.home=/private/var/folders/d9/17yqn9653js4rz2_zfr7c15m0000gn/T/tomcat.8082.15394029622609927949, java.version=25.0.2, hibernate.physical_naming_strategy=org.hibernate.boot.model.naming.PhysicalNamingStrategySnakeCaseImpl, user.dir=/Users/rakeshkuratti/Desktop/Projcts/ExpenseTracker, os.arch=x86_64, java.vm.specification.name=Java Virtual Machine Specification, PID=8275, CONSOLE_LOG_CHARSET=UTF-8, catalina.base=/private/var/folders/d9/17yqn9653js4rz2_zfr7c15m0000gn/T/tomcat.8082.15394029622609927949, hibernate.boot.CfgXmlAccessService.key=org.hibernate.boot.registry.StandardServiceRegistryBuilder$1@694b1ddb, native.encoding=UTF-8, java.library.path=/Users/rakeshkuratti/Library/Java/Extensions:/Library/Java/Extensions:/Network/Library/Java/Extensions:/System/Library/Java/Extensions:/usr/lib/java:., stderr.encoding=UTF-8, java.vendor=Oracle Corporation, java.vm.info=mixed mode, sharing, java.vm.version=25.0.2+10-LTS-69, stdin.encoding=UTF-8, sun.io.unicode.encoding=UnicodeBig, hibernate.archive.scanner=org.hibernate.boot.archive.scan.internal.DisabledScanner, hibernate.connection.datasource=HikariDataSource (HikariPool-1), socksNonProxyHosts=local|*.local|169.254/16|*.169.254/16, java.class.version=69.0, LOGGED_APPLICATION_NAME=[ExpenseTracker] }
2026-08-17 23:46:28 - o.h.v.i.x.config.ValidationXmlParser - Trying to load META-INF/validation.xml for XML based Validator configuration.
2026-08-17 23:46:28 - o.h.v.i.x.c.ResourceLoaderHelper - Trying to load META-INF/validation.xml via TCCL
2026-08-17 23:46:28 - o.h.v.i.x.c.ResourceLoaderHelper - Trying to load META-INF/validation.xml via Hibernate Validator's class loader
2026-08-17 23:46:28 - o.h.v.i.x.config.ValidationXmlParser - No META-INF/validation.xml found. Using annotation based configuration only.
2026-08-17 23:46:28 - o.h.v.i.e.r.TraversableResolvers - Found jakarta.persistence.Persistence on classpath containing 'getPersistenceUtil'. Assuming Jakarta Persistence environment. Trying to instantiate Jakarta Persistence aware TraversableResolver
2026-08-17 23:46:28 - o.h.v.i.e.r.TraversableResolvers - Instantiated Jakarta Persistence aware TraversableResolver of type org.hibernate.validator.internal.engine.resolver.JPATraversableResolver.
2026-08-17 23:46:28 - o.h.v.m.ResourceBundleMessageInterpolator - Loaded expression factory via original TCCL
2026-08-17 23:46:28 - o.h.v.i.e.ValidatorFactoryConfigurationHelper - HV000252: Using org.hibernate.validator.internal.engine.DefaultPropertyNodeNameProvider as property node name provider.
2026-08-17 23:46:28 - o.h.v.i.e.ValidatorFactoryConfigurationHelper - HV000234: Using org.hibernate.validator.messageinterpolation.ResourceBundleMessageInterpolator as ValidatorFactory-scoped message interpolator.
2026-08-17 23:46:28 - o.h.v.i.e.ValidatorFactoryConfigurationHelper - HV000234: Using org.hibernate.validator.internal.engine.resolver.JPATraversableResolver as ValidatorFactory-scoped traversable resolver.
2026-08-17 23:46:28 - o.h.v.i.e.ValidatorFactoryConfigurationHelper - HV000234: Using org.hibernate.validator.internal.util.ExecutableParameterNameProvider as ValidatorFactory-scoped parameter name provider.
2026-08-17 23:46:28 - o.h.v.i.e.ValidatorFactoryConfigurationHelper - HV000234: Using org.hibernate.validator.internal.engine.DefaultClockProvider as ValidatorFactory-scoped clock provider.
2026-08-17 23:46:28 - o.h.v.i.e.ValidatorFactoryConfigurationHelper - HV000234: Using org.hibernate.validator.internal.engine.scripting.DefaultScriptEvaluatorFactory as ValidatorFactory-scoped script evaluator factory.
2026-08-17 23:46:28 - com.zaxxer.hikari.pool.HikariPool - HikariPool-1 - After adding stats (total=7/10, idle=7/10, active=0, waiting=0)
2026-08-17 23:46:28 - com.zaxxer.hikari.pool.PoolBase - HikariPool-1 - Attempting to create/setup new connection (fb348178-9fe1-464e-b733-e25cb9f7f4a7)
2026-08-17 23:46:28 - com.zaxxer.hikari.pool.PoolBase - HikariPool-1 - Established new connection (fb348178-9fe1-464e-b733-e25cb9f7f4a7)
2026-08-17 23:46:28 - com.zaxxer.hikari.pool.HikariPool - HikariPool-1 - Added connection com.mysql.cj.jdbc.ConnectionImpl@16cb53df
2026-08-17 23:46:28 - com.zaxxer.hikari.pool.HikariPool - HikariPool-1 - After adding stats (total=8/10, idle=8/10, active=0, waiting=0)
2026-08-17 23:46:28 - com.zaxxer.hikari.pool.PoolBase - HikariPool-1 - Attempting to create/setup new connection (9745d6b1-2e45-41c9-94c3-f87014d1bbfa)
2026-08-17 23:46:28 - com.zaxxer.hikari.pool.PoolBase - HikariPool-1 - Established new connection (9745d6b1-2e45-41c9-94c3-f87014d1bbfa)
2026-08-17 23:46:28 - com.zaxxer.hikari.pool.HikariPool - HikariPool-1 - Added connection com.mysql.cj.jdbc.ConnectionImpl@4999f3a6
2026-08-17 23:46:28 - com.zaxxer.hikari.pool.HikariPool - HikariPool-1 - After adding stats (total=9/10, idle=9/10, active=0, waiting=0)
2026-08-17 23:46:28 - com.zaxxer.hikari.pool.PoolBase - HikariPool-1 - Attempting to create/setup new connection (b3dd7381-61d0-4c31-91ed-94fa4abc8bd0)
2026-08-17 23:46:28 - com.zaxxer.hikari.pool.PoolBase - HikariPool-1 - Established new connection (b3dd7381-61d0-4c31-91ed-94fa4abc8bd0)
2026-08-17 23:46:28 - com.zaxxer.hikari.pool.HikariPool - HikariPool-1 - Added connection com.mysql.cj.jdbc.ConnectionImpl@68a4f727
2026-08-17 23:46:28 - org.hibernate.HQL_FUNCTIONS - Available HQL Functions:
	abs(NUMERIC arg)
	Double acos(NUMERIC arg)
	adddate(DATE datetime, INTEGER days)
	addtime(TIME datetime, TIME time)
	Boolean any(BOOLEAN arg)
	Integer ascii(STRING arg)
	Double asin(NUMERIC arg)
	Double atan(NUMERIC arg)
	Double atan2(NUMERIC arg0, NUMERIC arg1)
	avg(arg)
	bit_and(arg)
	Integer bit_length(STRING_OR_CLOB arg)
	bit_or(arg)
	bitand(arg0, arg1)
	bitnot(arg)
	bitor(arg0, arg1)
	bitxor(arg0, arg1)
	cast(arg as Type)
	ceiling(NUMERIC arg)
	Object changesetid(arg)
	Character char(INTEGER arg)
	Integer character_length(STRING_OR_CLOB arg)
	Character chr(INTEGER arg)
	coalesce(arg0[, arg1[, ...]])
	String collate(STRING string as COLLATION collation)
	String concat(STRING string0[, STRING string1[, ...]])
	Double cos(NUMERIC arg)
	Double cosh(NUMERIC arg)
	Double cot(NUMERIC arg)
	Long count([distinct ]{arg|*})
	Integer crc32(arg)
	Double cume_dist([arg0[, ...]])
	Date curdate()
	Date current date
	Date current time
	Date current timestamp
	Date current_date
	Instant current_instant
	Date current_time
	Date current_timestamp
	Date curtime()
	Date date(arg)
	dateadd(TEMPORAL_UNIT field, INTEGER magnitude, TEMPORAL datetime)
	Integer datediff(DATE end, DATE start)
	Integer day(DATE arg)
	String dayname(DATE arg)
	Integer dayofmonth(DATE arg)
	Integer dayofweek(DATE arg)
	Integer dayofyear(DATE arg)
	Double degrees(NUMERIC arg)
	Long dense_rank([arg0[, ...]])
	Boolean every(BOOLEAN arg)
	Double exp(NUMERIC arg)
	extract(TEMPORAL_UNIT field from TEMPORAL arg)
	first_valueANY value
	floor(NUMERIC arg)
	String format(TEMPORAL datetime as STRING pattern)
	greatest(COMPARABLE arg0, COMPARABLE arg1[, arg2[, ...]])
	String hex(arg)
	Integer hour(TIME arg)
	ifnull(arg0, arg1)
	String insert(STRING string, INTEGER start, INTEGER length, STRING replacement)
	Instant instant
	Integer instr(STRING string, STRING pattern[, INTEGER start[, INTEGER occurrence]])
	String json_array([arg0[, ...]])
	String json_array_append(IMPLICIT_JSON arg0, STRING arg1, ANY arg2)
	String json_array_insert(IMPLICIT_JSON arg0, STRING arg1, ANY arg2)
	String json_arrayagg(arg0[, arg1])
	Boolean json_exists(IMPLICIT_JSON arg0, STRING arg1)
	String json_insert(IMPLICIT_JSON arg0, STRING arg1, ANY arg2)
	String json_mergepatch(IMPLICIT_JSON arg0, IMPLICIT_JSON arg1[, arg2[, ...]])
	String json_object( ... )
	String json_objectagg(arg0, arg1[, arg2, arg3])
	String json_query( ... )
	String json_remove(IMPLICIT_JSON arg0, STRING arg1)
	String json_replace(IMPLICIT_JSON arg0, STRING arg1, ANY arg2)
	String json_set(IMPLICIT_JSON arg0, STRING arg1, ANY arg2)
	json_value( ... )
	lagANY value[, INTEGER offset[, ANY default]]
	Date last_day(DATE arg)
	last_valueANY value
	leadANY value[, INTEGER offset[, ANY default]]
	least(COMPARABLE arg0, COMPARABLE arg1[, arg2[, ...]])
	String left(STRING string, INTEGER length)
	Integer length(STRING_OR_CLOB arg)
	String listagg(STRING arg0, STRING arg1)
	Double ln(NUMERIC arg)
	LocalDate local date
	LocalDateTime local datetime
	LocalTime local time
	LocalDate local_date
	LocalDateTime local_datetime
	LocalTime local_time
	Date localtime
	Date localtimestamp
	Integer locate(STRING pattern, STRING string[, INTEGER start])
	Double log(NUMERIC arg0[, NUMERIC arg1])
	Double log10(NUMERIC arg)
	Double log2(NUMERIC arg)
	String lower(STRING string)
	String lpad(string, length[, padding])
	String ltrim(STRING string[, STRING characters])
	Date makedate(INTEGER year, INTEGER dayofyear)
	Date maketime(INTEGER hour, INTEGER min, INTEGER sec)
	max(COMPARABLE arg)
	byte[] md5(arg)
	Integer microsecond(TIME arg)
	min(COMPARABLE arg)
	Integer minute(TIME arg)
	Integer mod(INTEGER arg0, INTEGER arg1)
	ModificationType modificationtype(arg)
	Integer month(DATE arg)
	String monthname(DATE arg)
	Date now()
	nth_valueANY value, INTEGER nth
	nullif(arg0, arg1)
	Integer octet_length(STRING_OR_CLOB arg)
	OffsetDateTime offset datetime
	OffsetDateTime offset_datetime
	Integer ordinal(ENUM arg)
	String overlay(STRING string placing STRING replacement from INTEGER start[ for INTEGER length])
	String pad(STRING string with INTEGER length {leading|trailing}[ STRING character])
	Double percent_rank([arg0[, ...]])
	Double pi
	Integer position(STRING pattern in STRING string)
	Double power(NUMERIC arg0, NUMERIC arg1)
	Integer quarter(DATE arg)
	Double radians(NUMERIC arg)
	Double rand([INTEGER seed])
	Long rank([arg0[, ...]])
	Boolean regexp_like(STRING arg0, STRING arg1[, STRING arg2])
	String repeat(STRING string, INTEGER times)
	String replace(STRING string, STRING pattern, STRING replacement)
	String reverse(STRING arg)
	String right(STRING string, INTEGER length)
	round(NUMERIC number[, INTEGER places])
	Long row_number()
	String rpad(string, length[, padding])
	String rtrim(STRING string[, STRING characters])
	Integer second(TIME arg)
	byte[] sha(arg)
	String sha1(arg)
	String sha2(arg0, arg1)
	Integer sign(NUMERIC arg)
	Double sin(NUMERIC arg)
	Double sinh(NUMERIC arg)
	String soundex(arg)
	String space(INTEGER arg)
	sql
	Double sqrt(NUMERIC arg)
	Double stddev(NUMERIC arg)
	Double stddev_pop(NUMERIC arg)
	Double stddev_samp(NUMERIC arg)
	String str(arg)
	String string(ENUM arg)
	subdate(DATE datetime, INTEGER days)
	String substr(STRING string, INTEGER start[, INTEGER length])
	String substring(STRING string{ from|,} INTEGER start[{ for|,} INTEGER length])
	subtime(TIME datetime, TIME time)
	sum(arg)
	Date sysdate()
	Double tan(NUMERIC arg)
	Double tanh(NUMERIC arg)
	String time(arg)
	Date timestamp(arg0[, arg1])
	timestampadd(TEMPORAL_UNIT field, INTEGER magnitude, TEMPORAL datetime)
	Long|Double timestampdiff(TEMPORAL_UNIT field, TEMPORAL start, TEMPORAL end)
	String trim([[{leading|trailing|both} ][STRING arg0 ]from] STRING arg1)
	trunc( ... )
	truncate( ... )
	String upper(STRING string)
	Date utc_date
	Date utc_time
	Date utc_timestamp
	Double var_pop(NUMERIC arg)
	Double var_samp(NUMERIC arg)
	Double variance(NUMERIC arg)
	Integer week(DATE arg)
	Integer year(DATE arg)

2026-08-17 23:46:28 - com.zaxxer.hikari.pool.HikariPool - HikariPool-1 - After adding stats (total=10/10, idle=10/10, active=0, waiting=0)
2026-08-17 23:46:28 - org.hibernate.orm.core - HHH000513: Unable to create the ReflectionOptimizer for [com.rakesh.ExpenseTracker.entity.Expense]: private accessor [amount]
2026-08-17 23:46:28 - org.hibernate.orm.core - HHH000489: No JTA platform available (set 'hibernate.transaction.jta.platform' to enable JTA platform integration)
2026-08-17 23:46:28 - org.hibernate.orm.service - HHH010454: EventListenerRegistry access via ServiceRegistry is deprecated - use 'sessionFactory.getEventEngine().getListenerRegistry()' instead
2026-08-17 23:46:28 - org.hibernate.mapping.Table - No alter strings for table: expense
2026-08-17 23:46:28 - org.hibernate.mapping.Table - No alter strings for table: expense_seq
2026-08-17 23:46:28 - org.hibernate.orm.factoryRegistry - HHH020384: Registering SessionFactory [276747f6-b073-4728-af5f-6f0ce94b8d33] (default)
2026-08-17 23:46:28 - o.s.o.j.LocalContainerEntityManagerFactoryBean - Initialized JPA EntityManagerFactory for persistence unit 'default'
2026-08-17 23:46:28 - o.s.b.f.s.DefaultListableBeanFactory - Creating shared instance of singleton bean 'expenseTrackerApplication'
2026-08-17 23:46:28 - o.s.b.f.s.DefaultListableBeanFactory - Creating shared instance of singleton bean 'expenseController'
2026-08-17 23:46:28 - o.s.b.f.s.DefaultListableBeanFactory - Creating shared instance of singleton bean 'expenseServiceImpl'
2026-08-17 23:46:28 - o.s.b.f.s.DefaultListableBeanFactory - Creating shared instance of singleton bean 'expenseRepository'
2026-08-17 23:46:28 - o.s.b.f.s.DefaultListableBeanFactory - Creating shared instance of singleton bean 'jpa.named-queries#0'
2026-08-17 23:46:28 - o.s.b.f.s.DefaultListableBeanFactory - Creating shared instance of singleton bean 'jpa.ExpenseRepository.fragments#0'
2026-08-17 23:46:28 - o.s.b.f.s.DefaultListableBeanFactory - Creating shared instance of singleton bean 'jpaSharedEM_entityManagerFactory'
2026-08-17 23:46:28 - o.s.b.f.s.DefaultListableBeanFactory - Creating shared instance of singleton bean 'jpaMappingContext'
2026-08-17 23:46:28 - o.s.d.j.r.c.JpaMetamodelMappingContextFactoryBean - Initializing JpaMetamodelMappingContext…
2026-08-17 23:46:28 - o.s.d.j.r.c.JpaMetamodelMappingContextFactoryBean - Finished initializing JpaMetamodelMappingContext
2026-08-17 23:46:28 - o.s.d.j.r.q.QueryEnhancerFactories - Hibernate is in classpath; If applicable, HQL parser will be used.
2026-08-17 23:46:28 - o.s.d.r.c.s.RepositoryFactorySupport - Initializing repository instance for com.rakesh.ExpenseTracker.repository.ExpenseRepository…
2026-08-17 23:46:29 - o.s.d.r.c.s.RepositoryFactorySupport - Finished creation of repository instance for com.rakesh.ExpenseTracker.repository.ExpenseRepository.
2026-08-17 23:46:29 - o.s.b.f.s.DefaultListableBeanFactory - Autowiring by type from bean name 'expenseController' via constructor to bean named 'expenseServiceImpl'
2026-08-17 23:46:29 - o.s.b.f.s.DefaultListableBeanFactory - Creating shared instance of singleton bean 'org.springframework.boot.autoconfigure.context.PropertyPlaceholderAutoConfiguration'
2026-08-17 23:46:29 - o.s.b.f.s.DefaultListableBeanFactory - Creating shared instance of singleton bean 'org.springframework.boot.webmvc.autoconfigure.DispatcherServletAutoConfiguration'
2026-08-17 23:46:29 - o.s.b.f.s.DefaultListableBeanFactory - Creating shared instance of singleton bean 'org.springframework.boot.autoconfigure.task.TaskExecutorConfigurations$SimpleAsyncTaskExecutorBuilderConfiguration'
2026-08-17 23:46:29 - o.s.b.f.s.DefaultListableBeanFactory - Autowiring by type from bean name 'org.springframework.boot.autoconfigure.task.TaskExecutorConfigurations$SimpleAsyncTaskExecutorBuilderConfiguration' via constructor to bean named 'spring.task.execution-org.springframework.boot.autoconfigure.task.TaskExecutionProperties'
2026-08-17 23:46:29 - o.s.b.f.s.DefaultListableBeanFactory - Creating shared instance of singleton bean 'simpleAsyncTaskExecutorBuilder'
2026-08-17 23:46:29 - o.s.b.f.s.DefaultListableBeanFactory - Creating shared instance of singleton bean 'org.springframework.boot.autoconfigure.task.TaskExecutorConfigurations$AsyncConfigurerConfiguration'
2026-08-17 23:46:29 - o.s.b.f.s.DefaultListableBeanFactory - Creating shared instance of singleton bean 'applicationTaskExecutorAsyncConfigurer'
2026-08-17 23:46:29 - o.s.b.f.s.DefaultListableBeanFactory - Autowiring by type from bean name 'applicationTaskExecutorAsyncConfigurer' via factory method to bean named 'org.springframework.beans.factory.support.DefaultListableBeanFactory@47874b25'
2026-08-17 23:46:29 - o.s.b.f.s.DefaultListableBeanFactory - Creating shared instance of singleton bean 'org.springframework.boot.autoconfigure.task.TaskExecutorConfigurations$BootstrapExecutorConfiguration'
2026-08-17 23:46:29 - o.s.b.f.s.DefaultListableBeanFactory - Creating shared instance of singleton bean 'org.springframework.boot.autoconfigure.task.TaskExecutionAutoConfiguration'
2026-08-17 23:46:29 - o.s.b.f.s.DefaultListableBeanFactory - Creating shared instance of singleton bean 'org.springframework.boot.validation.autoconfigure.ValidationAutoConfiguration'
2026-08-17 23:46:29 - o.s.b.f.s.DefaultListableBeanFactory - Creating shared instance of singleton bean 'defaultValidator'
2026-08-17 23:46:29 - o.s.b.f.s.DefaultListableBeanFactory - Autowiring by type from bean name 'defaultValidator' via factory method to bean named 'org.springframework.boot.web.server.servlet.context.AnnotationConfigServletWebServerApplicationContext@1951b871'
2026-08-17 23:46:29 - o.h.v.m.ResourceBundleMessageInterpolator - Loaded expression factory via original TCCL
2026-08-17 23:46:29 - o.h.v.i.e.AbstractConfigurationImpl - Setting custom MessageInterpolator of type org.springframework.validation.beanvalidation.LocaleContextMessageInterpolator
2026-08-17 23:46:29 - o.h.v.i.e.AbstractConfigurationImpl - Setting custom ConstraintValidatorFactory of type org.springframework.validation.beanvalidation.SpringConstraintValidatorFactory
2026-08-17 23:46:29 - o.h.v.i.x.config.ValidationXmlParser - Trying to load META-INF/validation.xml for XML based Validator configuration.
2026-08-17 23:46:29 - o.h.v.i.x.c.ResourceLoaderHelper - Trying to load META-INF/validation.xml via user class loader
2026-08-17 23:46:29 - o.h.v.i.x.c.ResourceLoaderHelper - Trying to load META-INF/validation.xml via TCCL
2026-08-17 23:46:29 - o.h.v.i.x.c.ResourceLoaderHelper - Trying to load META-INF/validation.xml via Hibernate Validator's class loader
2026-08-17 23:46:29 - o.h.v.i.x.config.ValidationXmlParser - No META-INF/validation.xml found. Using annotation based configuration only.
2026-08-17 23:46:29 - o.h.v.i.e.r.TraversableResolvers - Found jakarta.persistence.Persistence on classpath containing 'getPersistenceUtil'. Assuming Jakarta Persistence environment. Trying to instantiate Jakarta Persistence aware TraversableResolver
2026-08-17 23:46:29 - o.h.v.i.e.r.TraversableResolvers - Instantiated Jakarta Persistence aware TraversableResolver of type org.hibernate.validator.internal.engine.resolver.JPATraversableResolver.
2026-08-17 23:46:29 - o.h.v.i.e.ValidatorFactoryConfigurationHelper - HV000252: Using org.hibernate.validator.internal.engine.DefaultPropertyNodeNameProvider as property node name provider.
2026-08-17 23:46:29 - o.h.v.i.e.ValidatorFactoryConfigurationHelper - HV000234: Using org.springframework.validation.beanvalidation.LocaleContextMessageInterpolator as ValidatorFactory-scoped message interpolator.
2026-08-17 23:46:29 - o.h.v.i.e.ValidatorFactoryConfigurationHelper - HV000234: Using org.hibernate.validator.internal.engine.resolver.JPATraversableResolver as ValidatorFactory-scoped traversable resolver.
2026-08-17 23:46:29 - o.h.v.i.e.ValidatorFactoryConfigurationHelper - HV000234: Using org.hibernate.validator.internal.util.ExecutableParameterNameProvider as ValidatorFactory-scoped parameter name provider.
2026-08-17 23:46:29 - o.h.v.i.e.ValidatorFactoryConfigurationHelper - HV000234: Using org.hibernate.validator.internal.engine.DefaultClockProvider as ValidatorFactory-scoped clock provider.
2026-08-17 23:46:29 - o.h.v.i.e.ValidatorFactoryConfigurationHelper - HV000234: Using org.hibernate.validator.internal.engine.scripting.DefaultScriptEvaluatorFactory as ValidatorFactory-scoped script evaluator factory.
2026-08-17 23:46:29 - o.s.b.f.s.DefaultListableBeanFactory - Creating shared instance of singleton bean 'org.springframework.boot.webmvc.autoconfigure.error.ErrorMvcAutoConfiguration$WhitelabelErrorViewConfiguration'
2026-08-17 23:46:29 - o.s.b.f.s.DefaultListableBeanFactory - Creating shared instance of singleton bean 'error'
2026-08-17 23:46:29 - o.s.b.f.s.DefaultListableBeanFactory - Creating shared instance of singleton bean 'beanNameViewResolver'
2026-08-17 23:46:29 - o.s.b.f.s.DefaultListableBeanFactory - Creating shared instance of singleton bean 'org.springframework.boot.webmvc.autoconfigure.error.ErrorMvcAutoConfiguration$DefaultErrorViewResolverConfiguration'
2026-08-17 23:46:29 - o.s.b.f.s.DefaultListableBeanFactory - Autowiring by type from bean name 'org.springframework.boot.webmvc.autoconfigure.error.ErrorMvcAutoConfiguration$DefaultErrorViewResolverConfiguration' via constructor to bean named 'org.springframework.boot.web.server.servlet.context.AnnotationConfigServletWebServerApplicationContext@1951b871'
2026-08-17 23:46:29 - o.s.b.f.s.DefaultListableBeanFactory - Autowiring by type from bean name 'org.springframework.boot.webmvc.autoconfigure.error.ErrorMvcAutoConfiguration$DefaultErrorViewResolverConfiguration' via constructor to bean named 'spring.web-org.springframework.boot.autoconfigure.web.WebProperties'
2026-08-17 23:46:29 - o.s.b.f.s.DefaultListableBeanFactory - Creating shared instance of singleton bean 'conventionErrorViewResolver'
2026-08-17 23:46:29 - o.s.b.f.s.DefaultListableBeanFactory - Creating shared instance of singleton bean 'errorAttributes'
2026-08-17 23:46:29 - o.s.b.f.s.DefaultListableBeanFactory - Creating shared instance of singleton bean 'basicErrorController'
2026-08-17 23:46:29 - o.s.b.f.s.DefaultListableBeanFactory - Autowiring by type from bean name 'basicErrorController' via factory method to bean named 'errorAttributes'
2026-08-17 23:46:29 - o.s.b.f.s.DefaultListableBeanFactory - Creating shared instance of singleton bean 'org.springframework.boot.webmvc.autoconfigure.WebMvcAutoConfiguration$EnableWebMvcConfiguration'
2026-08-17 23:46:29 - o.s.b.f.s.DefaultListableBeanFactory - Autowiring by type from bean name 'org.springframework.boot.webmvc.autoconfigure.WebMvcAutoConfiguration$EnableWebMvcConfiguration' via constructor to bean named 'spring.mvc-org.springframework.boot.webmvc.autoconfigure.WebMvcProperties'
2026-08-17 23:46:29 - o.s.b.f.s.DefaultListableBeanFactory - Autowiring by type from bean name 'org.springframework.boot.webmvc.autoconfigure.WebMvcAutoConfiguration$EnableWebMvcConfiguration' via constructor to bean named 'spring.web-org.springframework.boot.autoconfigure.web.WebProperties'
2026-08-17 23:46:29 - o.s.b.f.s.DefaultListableBeanFactory - Autowiring by type from bean name 'org.springframework.boot.webmvc.autoconfigure.WebMvcAutoConfiguration$EnableWebMvcConfiguration' via constructor to bean named 'org.springframework.beans.factory.support.DefaultListableBeanFactory@47874b25'
2026-08-17 23:46:29 - o.s.b.f.s.DefaultListableBeanFactory - Creating shared instance of singleton bean 'org.springframework.boot.webmvc.autoconfigure.WebMvcAutoConfiguration$WebMvcAutoConfigurationAdapter'
2026-08-17 23:46:29 - o.s.b.f.s.DefaultListableBeanFactory - Autowiring by type from bean name 'org.springframework.boot.webmvc.autoconfigure.WebMvcAutoConfiguration$WebMvcAutoConfigurationAdapter' via constructor to bean named 'spring.web-org.springframework.boot.autoconfigure.web.WebProperties'
2026-08-17 23:46:29 - o.s.b.f.s.DefaultListableBeanFactory - Autowiring by type from bean name 'org.springframework.boot.webmvc.autoconfigure.WebMvcAutoConfiguration$WebMvcAutoConfigurationAdapter' via constructor to bean named 'spring.mvc-org.springframework.boot.webmvc.autoconfigure.WebMvcProperties'
2026-08-17 23:46:29 - o.s.b.f.s.DefaultListableBeanFactory - Autowiring by type from bean name 'org.springframework.boot.webmvc.autoconfigure.WebMvcAutoConfiguration$WebMvcAutoConfigurationAdapter' via constructor to bean named 'org.springframework.beans.factory.support.DefaultListableBeanFactory@47874b25'
2026-08-17 23:46:29 - o.s.b.f.s.DefaultListableBeanFactory - Creating shared instance of singleton bean 'org.springframework.data.web.config.SpringDataWebConfiguration'
2026-08-17 23:46:29 - o.s.b.f.s.DefaultListableBeanFactory - Autowiring by type from bean name 'org.springframework.data.web.config.SpringDataWebConfiguration' via constructor to bean named 'org.springframework.boot.web.server.servlet.context.AnnotationConfigServletWebServerApplicationContext@1951b871'
2026-08-17 23:46:29 - o.s.b.f.s.DefaultListableBeanFactory - Creating shared instance of singleton bean 'openEntityManagerInViewInterceptorConfigurer'
2026-08-17 23:46:29 - o.s.b.f.s.DefaultListableBeanFactory - Creating shared instance of singleton bean 'org.springframework.boot.jpa.autoconfigure.JpaBaseConfiguration$JpaWebConfiguration'
2026-08-17 23:46:29 - o.s.b.f.s.DefaultListableBeanFactory - Autowiring by type from bean name 'org.springframework.boot.jpa.autoconfigure.JpaBaseConfiguration$JpaWebConfiguration' via constructor to bean named 'spring.jpa-org.springframework.boot.jpa.autoconfigure.JpaProperties'
2026-08-17 23:46:29 - o.s.b.f.s.DefaultListableBeanFactory - Creating shared instance of singleton bean 'openEntityManagerInViewInterceptor'
2026-08-17 23:46:29 - o.s.b.j.a.JpaBaseConfiguration$JpaWebConfiguration - spring.jpa.open-in-view is enabled by default. Therefore, database queries may be performed during view rendering. Explicitly configure spring.jpa.open-in-view to disable this warning
2026-08-17 23:46:29 - o.s.b.f.s.DefaultListableBeanFactory - Autowiring by type from bean name 'openEntityManagerInViewInterceptorConfigurer' via factory method to bean named 'openEntityManagerInViewInterceptor'
2026-08-17 23:46:29 - o.s.b.f.s.DefaultListableBeanFactory - Creating shared instance of singleton bean 'welcomePageHandlerMapping'
2026-08-17 23:46:29 - o.s.b.f.s.DefaultListableBeanFactory - Creating shared instance of singleton bean 'mvcConversionService'
2026-08-17 23:46:29 - o.s.b.f.s.DefaultListableBeanFactory - Creating shared instance of singleton bean 'mvcResourceUrlProvider'
2026-08-17 23:46:29 - o.s.b.f.s.DefaultListableBeanFactory - Autowiring by type from bean name 'welcomePageHandlerMapping' via factory method to bean named 'org.springframework.boot.web.server.servlet.context.AnnotationConfigServletWebServerApplicationContext@1951b871'
2026-08-17 23:46:29 - o.s.b.f.s.DefaultListableBeanFactory - Autowiring by type from bean name 'welcomePageHandlerMapping' via factory method to bean named 'mvcConversionService'
2026-08-17 23:46:29 - o.s.b.f.s.DefaultListableBeanFactory - Autowiring by type from bean name 'welcomePageHandlerMapping' via factory method to bean named 'mvcResourceUrlProvider'
2026-08-17 23:46:29 - o.s.b.f.s.DefaultListableBeanFactory - Creating shared instance of singleton bean 'welcomePageNotAcceptableHandlerMapping'
2026-08-17 23:46:29 - o.s.b.f.s.DefaultListableBeanFactory - Autowiring by type from bean name 'welcomePageNotAcceptableHandlerMapping' via factory method to bean named 'org.springframework.boot.web.server.servlet.context.AnnotationConfigServletWebServerApplicationContext@1951b871'
2026-08-17 23:46:29 - o.s.b.f.s.DefaultListableBeanFactory - Autowiring by type from bean name 'welcomePageNotAcceptableHandlerMapping' via factory method to bean named 'mvcConversionService'
2026-08-17 23:46:29 - o.s.b.f.s.DefaultListableBeanFactory - Autowiring by type from bean name 'welcomePageNotAcceptableHandlerMapping' via factory method to bean named 'mvcResourceUrlProvider'
2026-08-17 23:46:29 - o.s.b.f.s.DefaultListableBeanFactory - Creating shared instance of singleton bean 'localeResolver'
2026-08-17 23:46:29 - o.s.b.f.s.DefaultListableBeanFactory - Creating shared instance of singleton bean 'flashMapManager'
2026-08-17 23:46:29 - o.s.b.f.s.DefaultListableBeanFactory - Creating shared instance of singleton bean 'viewNameTranslator'
2026-08-17 23:46:29 - o.s.b.f.s.DefaultListableBeanFactory - Creating shared instance of singleton bean 'mvcValidator'
2026-08-17 23:46:29 - o.s.b.f.s.DefaultListableBeanFactory - Creating shared instance of singleton bean 'requestMappingHandlerMapping'
2026-08-17 23:46:29 - o.s.b.f.s.DefaultListableBeanFactory - Creating shared instance of singleton bean 'mvcContentNegotiationManager'
2026-08-17 23:46:29 - o.s.b.f.s.DefaultListableBeanFactory - Creating shared instance of singleton bean 'stringHttpMessageConvertersCustomizer'
2026-08-17 23:46:29 - o.s.b.f.s.DefaultListableBeanFactory - Creating shared instance of singleton bean 'org.springframework.boot.http.converter.autoconfigure.HttpMessageConvertersAutoConfiguration$StringHttpMessageConverterConfiguration'
2026-08-17 23:46:29 - o.s.b.f.s.DefaultListableBeanFactory - Creating shared instance of singleton bean 'spring.http.converters-org.springframework.boot.http.converter.autoconfigure.HttpMessageConvertersProperties'
2026-08-17 23:46:29 - o.s.b.f.s.DefaultListableBeanFactory - Autowiring by type from bean name 'stringHttpMessageConvertersCustomizer' via factory method to bean named 'spring.http.converters-org.springframework.boot.http.converter.autoconfigure.HttpMessageConvertersProperties'
2026-08-17 23:46:29 - o.s.b.f.s.DefaultListableBeanFactory - Creating shared instance of singleton bean 'jacksonJsonHttpMessageConvertersCustomizer'
2026-08-17 23:46:29 - o.s.b.f.s.DefaultListableBeanFactory - Creating shared instance of singleton bean 'org.springframework.boot.http.converter.autoconfigure.JacksonHttpMessageConvertersConfiguration$JacksonJsonHttpMessageConverterConfiguration'
2026-08-17 23:46:29 - o.s.b.f.s.DefaultListableBeanFactory - Creating shared instance of singleton bean 'jacksonJsonMapper'
2026-08-17 23:46:29 - o.s.b.f.s.DefaultListableBeanFactory - Creating shared instance of singleton bean 'org.springframework.boot.jackson.autoconfigure.JacksonAutoConfiguration'
2026-08-17 23:46:29 - o.s.b.f.s.DefaultListableBeanFactory - Creating shared instance of singleton bean 'problemDetailJsonMapperBuilderCustomizer'
2026-08-17 23:46:29 - o.s.b.f.s.DefaultListableBeanFactory - Creating shared instance of singleton bean 'org.springframework.boot.jackson.autoconfigure.JacksonAutoConfiguration$JsonProblemDetailsConfiguration'
2026-08-17 23:46:29 - o.s.b.f.s.DefaultListableBeanFactory - Creating shared instance of singleton bean 'standardJsonMapperBuilderCustomizer'
2026-08-17 23:46:29 - o.s.b.f.s.DefaultListableBeanFactory - Creating shared instance of singleton bean 'org.springframework.boot.jackson.autoconfigure.JacksonAutoConfiguration$JacksonJsonCustomizerConfiguration'
2026-08-17 23:46:29 - o.s.b.f.s.DefaultListableBeanFactory - Creating shared instance of singleton bean 'spring.jackson-org.springframework.boot.jackson.autoconfigure.JacksonProperties'
2026-08-17 23:46:29 - o.s.b.f.s.DefaultListableBeanFactory - Autowiring by type from bean name 'org.springframework.boot.jackson.autoconfigure.JacksonAutoConfiguration$JacksonJsonCustomizerConfiguration' via constructor to bean named 'spring.jackson-org.springframework.boot.jackson.autoconfigure.JacksonProperties'
2026-08-17 23:46:29 - o.s.b.f.s.DefaultListableBeanFactory - Autowiring by type from bean name 'standardJsonMapperBuilderCustomizer' via factory method to bean named 'org.springframework.beans.factory.support.DefaultListableBeanFactory@47874b25'
2026-08-17 23:46:29 - o.s.b.f.s.DefaultListableBeanFactory - Creating shared instance of singleton bean 'jackson3GeoModule'
2026-08-17 23:46:29 - o.s.b.f.s.DefaultListableBeanFactory - Creating shared instance of singleton bean 'org.springframework.data.web.config.SpringDataJackson3Configuration'
2026-08-17 23:46:29 - o.s.b.f.s.DefaultListableBeanFactory - Creating shared instance of singleton bean 'springDataWebSettings'
2026-08-17 23:46:29 - o.s.b.f.s.DefaultListableBeanFactory - Creating shared instance of singleton bean 'org.springframework.boot.data.autoconfigure.web.DataWebAutoConfiguration'
2026-08-17 23:46:29 - o.s.b.f.s.DefaultListableBeanFactory - Creating shared instance of singleton bean 'spring.data.web-org.springframework.boot.data.autoconfigure.web.DataWebProperties'
2026-08-17 23:46:29 - o.s.b.f.s.DefaultListableBeanFactory - Autowiring by type from bean name 'org.springframework.boot.data.autoconfigure.web.DataWebAutoConfiguration' via constructor to bean named 'spring.data.web-org.springframework.boot.data.autoconfigure.web.DataWebProperties'
2026-08-17 23:46:29 - o.s.b.f.s.DefaultListableBeanFactory - Creating shared instance of singleton bean 'jackson3pageModule'
2026-08-17 23:46:29 - o.s.b.f.s.DefaultListableBeanFactory - Creating shared instance of singleton bean 'jacksonMixinModule'
2026-08-17 23:46:29 - o.s.b.f.s.DefaultListableBeanFactory - Creating shared instance of singleton bean 'org.springframework.boot.jackson.autoconfigure.JacksonAutoConfiguration$JacksonMixinConfiguration'
2026-08-17 23:46:29 - o.s.b.f.s.DefaultListableBeanFactory - Creating shared instance of singleton bean 'jacksonMixinModuleEntries'
2026-08-17 23:46:29 - o.s.b.f.s.DefaultListableBeanFactory - Autowiring by type from bean name 'jacksonMixinModuleEntries' via factory method to bean named 'org.springframework.boot.web.server.servlet.context.AnnotationConfigServletWebServerApplicationContext@1951b871'
2026-08-17 23:46:29 - o.s.b.f.s.DefaultListableBeanFactory - Autowiring by type from bean name 'jacksonMixinModule' via factory method to bean named 'org.springframework.boot.web.server.servlet.context.AnnotationConfigServletWebServerApplicationContext@1951b871'
2026-08-17 23:46:29 - o.s.b.f.s.DefaultListableBeanFactory - Autowiring by type from bean name 'jacksonMixinModule' via factory method to bean named 'jacksonMixinModuleEntries'
2026-08-17 23:46:29 - o.s.b.f.s.DefaultListableBeanFactory - Creating shared instance of singleton bean 'jsonComponentModule'
2026-08-17 23:46:29 - o.s.b.f.s.DefaultListableBeanFactory - Creating shared instance of singleton bean 'jsonFactory'
2026-08-17 23:46:29 - o.s.b.f.s.DefaultListableBeanFactory - Creating shared instance of singleton bean 'standardJsonFactoryBuilderCustomizer'
2026-08-17 23:46:29 - o.s.b.f.s.DefaultListableBeanFactory - Autowiring by type from bean name 'jsonFactory' via factory method to bean named 'standardJsonFactoryBuilderCustomizer'
2026-08-17 23:46:29 - o.s.b.f.s.DefaultListableBeanFactory - Autowiring by type from bean name 'jsonMapperBuilder' via factory method to bean named 'problemDetailJsonMapperBuilderCustomizer'
2026-08-17 23:46:29 - o.s.b.f.s.DefaultListableBeanFactory - Autowiring by type from bean name 'jsonMapperBuilder' via factory method to bean named 'standardJsonMapperBuilderCustomizer'
2026-08-17 23:46:29 - o.s.b.f.s.DefaultListableBeanFactory - Autowiring by type from bean name 'jsonMapperBuilder' via factory method to bean named 'jsonFactory'
2026-08-17 23:46:29 - o.s.b.f.s.DefaultListableBeanFactory - Autowiring by type from bean name 'jacksonJsonMapper' via factory method to bean named 'jsonMapperBuilder'
2026-08-17 23:46:29 - o.s.b.f.s.DefaultListableBeanFactory - Autowiring by type from bean name 'jacksonJsonHttpMessageConvertersCustomizer' via factory method to bean named 'jacksonJsonMapper'
2026-08-17 23:46:29 - o.s.b.f.s.DefaultListableBeanFactory - Creating shared instance of singleton bean 'serverConvertersCustomizer'
2026-08-17 23:46:29 - o.s.b.f.s.DefaultListableBeanFactory - Creating shared instance of singleton bean 'org.springframework.boot.http.converter.autoconfigure.HttpMessageConvertersAutoConfiguration'
2026-08-17 23:46:29 - o.s.b.f.s.DefaultListableBeanFactory - Creating shared instance of singleton bean 'mvcApiVersionStrategy'
2026-08-17 23:46:29 - o.s.b.f.s.DefaultListableBeanFactory - Autowiring by type from bean name 'requestMappingHandlerMapping' via factory method to bean named 'mvcContentNegotiationManager'
2026-08-17 23:46:29 - o.s.b.f.s.DefaultListableBeanFactory - Autowiring by type from bean name 'requestMappingHandlerMapping' via factory method to bean named 'mvcApiVersionStrategy'
2026-08-17 23:46:29 - o.s.b.f.s.DefaultListableBeanFactory - Autowiring by type from bean name 'requestMappingHandlerMapping' via factory method to bean named 'mvcConversionService'
2026-08-17 23:46:29 - o.s.b.f.s.DefaultListableBeanFactory - Autowiring by type from bean name 'requestMappingHandlerMapping' via factory method to bean named 'mvcResourceUrlProvider'
2026-08-17 23:46:29 - _.s.w.s.HandlerMapping.Mappings - 
	c.r.E.c.ExpenseController:
	{GET [/Expense]}: getAllExpenses()
	{POST [/Expense]}: saveExpense(ExpenseRequestDTO)
2026-08-17 23:46:29 - _.s.w.s.HandlerMapping.Mappings - 
	o.s.b.w.a.e.BasicErrorController:
	{ [/error]}: error(HttpServletRequest)
	{ [/error], produces [text/html]}: errorHtml(HttpServletRequest,HttpServletResponse)
2026-08-17 23:46:29 - o.s.w.s.m.m.a.RequestMappingHandlerMapping - 4 mappings in 'requestMappingHandlerMapping'
2026-08-17 23:46:29 - o.s.b.f.s.DefaultListableBeanFactory - Creating shared instance of singleton bean 'mvcPatternParser'
2026-08-17 23:46:29 - o.s.b.f.s.DefaultListableBeanFactory - Creating shared instance of singleton bean 'mvcUrlPathHelper'
2026-08-17 23:46:29 - o.s.b.f.s.DefaultListableBeanFactory - Creating shared instance of singleton bean 'mvcPathMatcher'
2026-08-17 23:46:29 - o.s.b.f.s.DefaultListableBeanFactory - Creating shared instance of singleton bean 'viewControllerHandlerMapping'
2026-08-17 23:46:29 - o.s.b.f.s.DefaultListableBeanFactory - Autowiring by type from bean name 'viewControllerHandlerMapping' via factory method to bean named 'mvcConversionService'
2026-08-17 23:46:29 - o.s.b.f.s.DefaultListableBeanFactory - Autowiring by type from bean name 'viewControllerHandlerMapping' via factory method to bean named 'mvcResourceUrlProvider'
2026-08-17 23:46:29 - o.s.b.f.s.DefaultListableBeanFactory - Creating shared instance of singleton bean 'beanNameHandlerMapping'
2026-08-17 23:46:29 - o.s.b.f.s.DefaultListableBeanFactory - Autowiring by type from bean name 'beanNameHandlerMapping' via factory method to bean named 'mvcConversionService'
2026-08-17 23:46:29 - o.s.b.f.s.DefaultListableBeanFactory - Autowiring by type from bean name 'beanNameHandlerMapping' via factory method to bean named 'mvcResourceUrlProvider'
2026-08-17 23:46:29 - _.s.w.s.HandlerMapping.Mappings - 'beanNameHandlerMapping' {}
2026-08-17 23:46:29 - o.s.b.f.s.DefaultListableBeanFactory - Creating shared instance of singleton bean 'routerFunctionMapping'
2026-08-17 23:46:29 - o.s.b.f.s.DefaultListableBeanFactory - Autowiring by type from bean name 'routerFunctionMapping' via factory method to bean named 'mvcConversionService'
2026-08-17 23:46:29 - o.s.b.f.s.DefaultListableBeanFactory - Autowiring by type from bean name 'routerFunctionMapping' via factory method to bean named 'mvcResourceUrlProvider'
2026-08-17 23:46:29 - o.s.b.f.s.DefaultListableBeanFactory - Autowiring by type from bean name 'routerFunctionMapping' via factory method to bean named 'mvcApiVersionStrategy'
2026-08-17 23:46:29 - o.s.b.f.s.DefaultListableBeanFactory - Creating shared instance of singleton bean 'resourceHandlerMapping'
2026-08-17 23:46:29 - o.s.b.f.s.DefaultListableBeanFactory - Autowiring by type from bean name 'resourceHandlerMapping' via factory method to bean named 'mvcContentNegotiationManager'
2026-08-17 23:46:29 - o.s.b.f.s.DefaultListableBeanFactory - Autowiring by type from bean name 'resourceHandlerMapping' via factory method to bean named 'mvcConversionService'
2026-08-17 23:46:29 - o.s.b.f.s.DefaultListableBeanFactory - Autowiring by type from bean name 'resourceHandlerMapping' via factory method to bean named 'mvcResourceUrlProvider'
2026-08-17 23:46:29 - _.s.w.s.HandlerMapping.Mappings - 'resourceHandlerMapping' {/webjars/**=ResourceHttpRequestHandler [classpath [META-INF/resources/webjars/]], /**=ResourceHttpRequestHandler [classpath [META-INF/resources/], classpath [resources/], classpath [static/], classpath [public/], ServletContext [/]]}
2026-08-17 23:46:29 - o.s.b.f.s.DefaultListableBeanFactory - Creating shared instance of singleton bean 'defaultServletHandlerMapping'
2026-08-17 23:46:29 - o.s.b.f.s.DefaultListableBeanFactory - Creating shared instance of singleton bean 'requestMappingHandlerAdapter'
2026-08-17 23:46:29 - o.s.b.f.s.DefaultListableBeanFactory - Autowiring by type from bean name 'requestMappingHandlerAdapter' via factory method to bean named 'mvcContentNegotiationManager'
2026-08-17 23:46:29 - o.s.b.f.s.DefaultListableBeanFactory - Autowiring by type from bean name 'requestMappingHandlerAdapter' via factory method to bean named 'mvcConversionService'
2026-08-17 23:46:29 - o.s.b.f.s.DefaultListableBeanFactory - Autowiring by type from bean name 'requestMappingHandlerAdapter' via factory method to bean named 'mvcValidator'
2026-08-17 23:46:29 - o.s.b.f.s.DefaultListableBeanFactory - Creating shared instance of singleton bean 'sortResolver'
2026-08-17 23:46:29 - o.s.b.f.s.DefaultListableBeanFactory - Creating shared instance of singleton bean 'sortCustomizer'
2026-08-17 23:46:29 - o.s.b.f.s.DefaultListableBeanFactory - Creating shared instance of singleton bean 'pageableResolver'
2026-08-17 23:46:29 - o.s.b.f.s.DefaultListableBeanFactory - Creating shared instance of singleton bean 'pageableCustomizer'
2026-08-17 23:46:29 - o.s.w.s.m.m.a.RequestMappingHandlerAdapter - ControllerAdvice beans: 0 @ModelAttribute, 0 @InitBinder, 2 RequestBodyAdvice, 1 ResponseBodyAdvice
2026-08-17 23:46:29 - o.s.b.f.s.DefaultListableBeanFactory - Creating shared instance of singleton bean 'mvcViewResolver'
2026-08-17 23:46:29 - o.s.b.f.s.DefaultListableBeanFactory - Autowiring by type from bean name 'mvcViewResolver' via factory method to bean named 'mvcContentNegotiationManager'
2026-08-17 23:46:29 - o.s.b.f.s.DefaultListableBeanFactory - Creating shared instance of singleton bean 'defaultViewResolver'
2026-08-17 23:46:29 - o.s.b.f.s.DefaultListableBeanFactory - Creating shared instance of singleton bean 'viewResolver'
2026-08-17 23:46:29 - o.s.b.f.s.DefaultListableBeanFactory - Autowiring by type from bean name 'viewResolver' via factory method to bean named 'org.springframework.beans.factory.support.DefaultListableBeanFactory@47874b25'
2026-08-17 23:46:29 - o.s.b.f.s.DefaultListableBeanFactory - Creating shared instance of singleton bean 'viewResolver'
2026-08-17 23:46:29 - o.s.b.f.s.DefaultListableBeanFactory - Creating shared instance of singleton bean 'handlerFunctionAdapter'
2026-08-17 23:46:29 - o.s.b.f.s.DefaultListableBeanFactory - Creating shared instance of singleton bean 'mvcUriComponentsContributor'
2026-08-17 23:46:29 - o.s.b.f.s.DefaultListableBeanFactory - Autowiring by type from bean name 'mvcUriComponentsContributor' via factory method to bean named 'mvcConversionService'
2026-08-17 23:46:29 - o.s.b.f.s.DefaultListableBeanFactory - Autowiring by type from bean name 'mvcUriComponentsContributor' via factory method to bean named 'requestMappingHandlerAdapter'
2026-08-17 23:46:29 - o.s.b.f.s.DefaultListableBeanFactory - Creating shared instance of singleton bean 'httpRequestHandlerAdapter'
2026-08-17 23:46:29 - o.s.b.f.s.DefaultListableBeanFactory - Creating shared instance of singleton bean 'simpleControllerHandlerAdapter'
2026-08-17 23:46:29 - o.s.b.f.s.DefaultListableBeanFactory - Creating shared instance of singleton bean 'handlerExceptionResolver'
2026-08-17 23:46:29 - o.s.b.f.s.DefaultListableBeanFactory - Autowiring by type from bean name 'handlerExceptionResolver' via factory method to bean named 'mvcContentNegotiationManager'
2026-08-17 23:46:29 - o.s.w.s.m.m.a.ExceptionHandlerExceptionResolver - ControllerAdvice beans: 0 @ExceptionHandler, 1 ResponseBodyAdvice
2026-08-17 23:46:29 - o.s.b.f.s.DefaultListableBeanFactory - Creating shared instance of singleton bean 'org.springframework.boot.autoconfigure.aop.AopAutoConfiguration$AspectJAutoProxyingConfiguration$CglibAutoProxyConfiguration'
2026-08-17 23:46:29 - o.s.b.f.s.DefaultListableBeanFactory - Creating shared instance of singleton bean 'org.springframework.boot.autoconfigure.aop.AopAutoConfiguration$AspectJAutoProxyingConfiguration'
2026-08-17 23:46:29 - o.s.b.f.s.DefaultListableBeanFactory - Creating shared instance of singleton bean 'org.springframework.boot.autoconfigure.aop.AopAutoConfiguration'
2026-08-17 23:46:29 - o.s.b.f.s.DefaultListableBeanFactory - Creating shared instance of singleton bean 'org.springframework.boot.autoconfigure.availability.ApplicationAvailabilityAutoConfiguration'
2026-08-17 23:46:29 - o.s.b.f.s.DefaultListableBeanFactory - Creating shared instance of singleton bean 'applicationAvailability'
2026-08-17 23:46:29 - o.s.b.f.s.DefaultListableBeanFactory - Creating shared instance of singleton bean 'org.springframework.boot.autoconfigure.context.ConfigurationPropertiesAutoConfiguration'
2026-08-17 23:46:29 - o.s.b.f.s.DefaultListableBeanFactory - Creating shared instance of singleton bean 'org.springframework.boot.autoconfigure.context.LifecycleAutoConfiguration'
2026-08-17 23:46:29 - o.s.b.f.s.DefaultListableBeanFactory - Creating shared instance of singleton bean 'lifecycleProcessor'
2026-08-17 23:46:29 - o.s.b.f.s.DefaultListableBeanFactory - Creating shared instance of singleton bean 'spring.lifecycle-org.springframework.boot.autoconfigure.context.LifecycleProperties'
2026-08-17 23:46:29 - o.s.b.f.s.DefaultListableBeanFactory - Autowiring by type from bean name 'lifecycleProcessor' via factory method to bean named 'spring.lifecycle-org.springframework.boot.autoconfigure.context.LifecycleProperties'
2026-08-17 23:46:29 - o.s.b.f.s.DefaultListableBeanFactory - Creating shared instance of singleton bean 'org.springframework.boot.autoconfigure.info.ProjectInfoAutoConfiguration'
2026-08-17 23:46:29 - o.s.b.f.s.DefaultListableBeanFactory - Creating shared instance of singleton bean 'spring.info-org.springframework.boot.autoconfigure.info.ProjectInfoProperties'
2026-08-17 23:46:29 - o.s.b.f.s.DefaultListableBeanFactory - Autowiring by type from bean name 'org.springframework.boot.autoconfigure.info.ProjectInfoAutoConfiguration' via constructor to bean named 'spring.info-org.springframework.boot.autoconfigure.info.ProjectInfoProperties'
2026-08-17 23:46:29 - o.s.b.f.s.DefaultListableBeanFactory - Creating shared instance of singleton bean 'org.springframework.boot.autoconfigure.task.TaskSchedulingConfigurations$ThreadPoolTaskSchedulerBuilderConfiguration'
2026-08-17 23:46:29 - o.s.b.f.s.DefaultListableBeanFactory - Creating shared instance of singleton bean 'threadPoolTaskSchedulerBuilder'
2026-08-17 23:46:29 - o.s.b.f.s.DefaultListableBeanFactory - Creating shared instance of singleton bean 'spring.task.scheduling-org.springframework.boot.autoconfigure.task.TaskSchedulingProperties'
2026-08-17 23:46:29 - o.s.b.f.s.DefaultListableBeanFactory - Autowiring by type from bean name 'threadPoolTaskSchedulerBuilder' via factory method to bean named 'spring.task.scheduling-org.springframework.boot.autoconfigure.task.TaskSchedulingProperties'
2026-08-17 23:46:29 - o.s.b.f.s.DefaultListableBeanFactory - Creating shared instance of singleton bean 'org.springframework.boot.autoconfigure.task.TaskSchedulingConfigurations$SimpleAsyncTaskSchedulerBuilderConfiguration'
2026-08-17 23:46:29 - o.s.b.f.s.DefaultListableBeanFactory - Autowiring by type from bean name 'org.springframework.boot.autoconfigure.task.TaskSchedulingConfigurations$SimpleAsyncTaskSchedulerBuilderConfiguration' via constructor to bean named 'spring.task.scheduling-org.springframework.boot.autoconfigure.task.TaskSchedulingProperties'
2026-08-17 23:46:29 - o.s.b.f.s.DefaultListableBeanFactory - Creating shared instance of singleton bean 'simpleAsyncTaskSchedulerBuilder'
2026-08-17 23:46:29 - o.s.b.f.s.DefaultListableBeanFactory - Creating shared instance of singleton bean 'org.springframework.boot.autoconfigure.task.TaskSchedulingAutoConfiguration'
2026-08-17 23:46:29 - o.s.b.f.s.DefaultListableBeanFactory - Creating shared instance of singleton bean 'org.springframework.data.web.config.ProjectingArgumentResolverRegistrar'
2026-08-17 23:46:29 - o.s.b.f.s.DefaultListableBeanFactory - Creating shared instance of singleton bean 'offsetResolver'
2026-08-17 23:46:29 - o.s.b.f.s.DefaultListableBeanFactory - Creating shared instance of singleton bean 'org.springframework.boot.transaction.jta.autoconfigure.JtaAutoConfiguration'
2026-08-17 23:46:29 - o.s.b.f.s.DefaultListableBeanFactory - Creating shared instance of singleton bean 'org.springframework.boot.jdbc.autoconfigure.DataSourcePoolMetadataProvidersConfiguration'
2026-08-17 23:46:29 - o.s.b.f.s.DefaultListableBeanFactory - Creating shared instance of singleton bean 'org.springframework.boot.jdbc.autoconfigure.DataSourceAutoConfiguration'
2026-08-17 23:46:29 - o.s.b.f.s.DefaultListableBeanFactory - Creating shared instance of singleton bean 'org.springframework.boot.transaction.autoconfigure.TransactionManagerCustomizationAutoConfiguration'
2026-08-17 23:46:29 - o.s.b.f.s.DefaultListableBeanFactory - Creating shared instance of singleton bean 'platformTransactionManagerCustomizers'
2026-08-17 23:46:29 - o.s.b.f.s.DefaultListableBeanFactory - Creating shared instance of singleton bean 'transactionExecutionListeners'
2026-08-17 23:46:29 - o.s.b.f.s.DefaultListableBeanFactory - Creating shared instance of singleton bean 'spring.transaction-org.springframework.boot.transaction.autoconfigure.TransactionProperties'
2026-08-17 23:46:29 - o.s.b.f.s.DefaultListableBeanFactory - Creating shared instance of singleton bean 'org.springframework.boot.jpa.autoconfigure.JpaBaseConfiguration$PersistenceManagedTypesConfiguration'
2026-08-17 23:46:29 - o.s.b.f.s.DefaultListableBeanFactory - Creating shared instance of singleton bean 'transactionManager'
2026-08-17 23:46:29 - o.s.b.f.s.DefaultListableBeanFactory - Creating shared instance of singleton bean 'org.springframework.boot.hibernate.autoconfigure.HibernateJpaAutoConfiguration'
2026-08-17 23:46:29 - o.s.b.f.s.DefaultListableBeanFactory - Creating shared instance of singleton bean 'org.springframework.boot.data.jpa.autoconfigure.DataJpaRepositoriesAutoConfiguration'
2026-08-17 23:46:29 - o.s.b.f.s.DefaultListableBeanFactory - Creating shared instance of singleton bean 'eagerJpaMetamodelCacheCleanup'
2026-08-17 23:46:29 - o.s.b.f.s.DefaultListableBeanFactory - Creating shared instance of singleton bean 'org.springframework.data.jpa.util.JpaMetamodelCacheCleanup'
2026-08-17 23:46:29 - o.s.b.f.s.DefaultListableBeanFactory - Creating shared instance of singleton bean 'org.springframework.data.jpa.repository.support.JpaEvaluationContextExtension'
2026-08-17 23:46:29 - o.s.b.f.s.DefaultListableBeanFactory - Creating shared instance of singleton bean 'data-jpa.repository-aot-processor#0'
2026-08-17 23:46:29 - o.s.b.f.s.DefaultListableBeanFactory - Creating shared instance of singleton bean 'org.springframework.boot.http.converter.autoconfigure.JacksonHttpMessageConvertersConfiguration'
2026-08-17 23:46:29 - o.s.b.f.s.DefaultListableBeanFactory - Creating shared instance of singleton bean 'org.springframework.boot.http.converter.autoconfigure.Jackson2HttpMessageConvertersConfiguration'
2026-08-17 23:46:29 - o.s.b.f.s.DefaultListableBeanFactory - Creating shared instance of singleton bean 'clientConvertersCustomizer'
2026-08-17 23:46:29 - o.s.b.f.s.DefaultListableBeanFactory - Creating shared instance of singleton bean 'org.springframework.boot.jdbc.autoconfigure.JdbcTemplateConfiguration'
2026-08-17 23:46:29 - o.s.b.f.s.DefaultListableBeanFactory - Creating shared instance of singleton bean 'jdbcTemplate'
2026-08-17 23:46:29 - o.s.b.f.s.DefaultListableBeanFactory - Creating shared instance of singleton bean 'spring.jdbc-org.springframework.boot.jdbc.autoconfigure.JdbcProperties'
2026-08-17 23:46:29 - o.s.b.f.s.DefaultListableBeanFactory - Autowiring by type from bean name 'jdbcTemplate' via factory method to bean named 'dataSource'
2026-08-17 23:46:29 - o.s.b.f.s.DefaultListableBeanFactory - Autowiring by type from bean name 'jdbcTemplate' via factory method to bean named 'spring.jdbc-org.springframework.boot.jdbc.autoconfigure.JdbcProperties'
2026-08-17 23:46:29 - o.s.b.f.s.DefaultListableBeanFactory - Creating shared instance of singleton bean 'org.springframework.boot.jdbc.autoconfigure.NamedParameterJdbcTemplateConfiguration'
2026-08-17 23:46:29 - o.s.b.f.s.DefaultListableBeanFactory - Creating shared instance of singleton bean 'namedParameterJdbcTemplate'
2026-08-17 23:46:29 - o.s.b.f.s.DefaultListableBeanFactory - Autowiring by type from bean name 'namedParameterJdbcTemplate' via factory method to bean named 'jdbcTemplate'
2026-08-17 23:46:29 - o.s.b.f.s.DefaultListableBeanFactory - Creating shared instance of singleton bean 'org.springframework.boot.jdbc.autoconfigure.JdbcTemplateAutoConfiguration'
2026-08-17 23:46:29 - o.s.b.f.s.DefaultListableBeanFactory - Creating shared instance of singleton bean 'org.springframework.boot.jdbc.autoconfigure.JdbcClientAutoConfiguration'
2026-08-17 23:46:29 - o.s.b.f.s.DefaultListableBeanFactory - Creating shared instance of singleton bean 'jdbcClient'
2026-08-17 23:46:29 - o.s.b.f.s.DefaultListableBeanFactory - Autowiring by type from bean name 'jdbcClient' via factory method to bean named 'namedParameterJdbcTemplate'
2026-08-17 23:46:29 - o.s.b.f.s.DefaultListableBeanFactory - Creating shared instance of singleton bean 'org.springframework.boot.persistence.autoconfigure.PersistenceExceptionTranslationAutoConfiguration'
2026-08-17 23:46:29 - o.s.b.f.s.DefaultListableBeanFactory - Creating shared instance of singleton bean 'multipartResolver'
2026-08-17 23:46:29 - o.s.b.f.s.DefaultListableBeanFactory - Creating shared instance of singleton bean 'org.springframework.boot.jdbc.autoconfigure.DataSourceTransactionManagerAutoConfiguration$JdbcTransactionManagerConfiguration'
2026-08-17 23:46:29 - o.s.b.f.s.DefaultListableBeanFactory - Creating shared instance of singleton bean 'org.springframework.boot.jdbc.autoconfigure.DataSourceTransactionManagerAutoConfiguration'
2026-08-17 23:46:29 - o.s.b.f.s.DefaultListableBeanFactory - Creating shared instance of singleton bean 'org.springframework.boot.transaction.autoconfigure.TransactionAutoConfiguration$EnableTransactionManagementConfiguration$CglibAutoProxyConfiguration'
2026-08-17 23:46:29 - o.s.b.f.s.DefaultListableBeanFactory - Creating shared instance of singleton bean 'org.springframework.boot.transaction.autoconfigure.TransactionAutoConfiguration$EnableTransactionManagementConfiguration'
2026-08-17 23:46:29 - o.s.b.f.s.DefaultListableBeanFactory - Creating shared instance of singleton bean 'org.springframework.boot.transaction.autoconfigure.TransactionAutoConfiguration$TransactionTemplateConfiguration'
2026-08-17 23:46:29 - o.s.b.f.s.DefaultListableBeanFactory - Creating shared instance of singleton bean 'transactionTemplate'
2026-08-17 23:46:29 - o.s.b.f.s.DefaultListableBeanFactory - Autowiring by type from bean name 'transactionTemplate' via factory method to bean named 'transactionManager'
2026-08-17 23:46:29 - o.s.b.f.s.DefaultListableBeanFactory - Creating shared instance of singleton bean 'org.springframework.boot.transaction.autoconfigure.TransactionAutoConfiguration'
2026-08-17 23:46:29 - o.s.c.s.DefaultLifecycleProcessor - Starting beans in phase -2147483647
2026-08-17 23:46:29 - o.s.c.s.DefaultLifecycleProcessor - Successfully started bean 'springBootLoggingLifecycle'
2026-08-17 23:46:29 - o.s.c.s.DefaultLifecycleProcessor - Starting beans in phase 1073741823
2026-08-17 23:46:29 - o.s.c.s.DefaultLifecycleProcessor - Starting beans in phase 2147481599
2026-08-17 23:46:29 - o.a.coyote.http11.Http11NioProtocol - Starting ProtocolHandler ["http-nio-8082"]
2026-08-17 23:46:29 - o.s.boot.tomcat.TomcatWebServer - Tomcat started on port 8082 (http) with context path '/'
2026-08-17 23:46:29 - o.s.c.s.DefaultLifecycleProcessor - Successfully started bean 'webServerStartStop'
2026-08-17 23:46:29 - o.s.c.s.DefaultLifecycleProcessor - Starting beans in phase 2147482623
2026-08-17 23:46:29 - o.s.c.s.DefaultLifecycleProcessor - Successfully started bean 'webServerGracefulShutdown'
2026-08-17 23:46:29 - o.s.b.a.l.ConditionEvaluationReportLogger - 


============================
CONDITIONS EVALUATION REPORT
============================


Positive matches:
-----------------

   AopAutoConfiguration matched:
      - @ConditionalOnBooleanProperty (spring.aop.auto=true) matched (OnPropertyCondition)

   AopAutoConfiguration.AspectJAutoProxyingConfiguration matched:
      - @ConditionalOnClass found required class 'org.aspectj.weaver.Advice' (OnClassCondition)

   AopAutoConfiguration.AspectJAutoProxyingConfiguration.CglibAutoProxyConfiguration matched:
      - @ConditionalOnBooleanProperty (spring.aop.proxy-target-class=true) matched (OnPropertyCondition)

   ApplicationAvailabilityAutoConfiguration#applicationAvailability matched:
      - @ConditionalOnMissingBean (types: org.springframework.boot.availability.ApplicationAvailability; SearchStrategy: all) did not find any beans (OnBeanCondition)

   DataJpaRepositoriesAutoConfiguration matched:
      - @ConditionalOnClass found required class 'org.springframework.data.jpa.repository.JpaRepository' (OnClassCondition)
      - @ConditionalOnBooleanProperty (spring.data.jpa.repositories.enabled=true) matched (OnPropertyCondition)
      - @ConditionalOnBean (types: javax.sql.DataSource; SearchStrategy: all) found bean 'dataSource'; @ConditionalOnMissingBean (types: org.springframework.data.jpa.repository.support.JpaRepositoryFactoryBean,org.springframework.data.jpa.repository.config.JpaRepositoryConfigExtension; SearchStrategy: all) did not find any beans (OnBeanCondition)

   DataSourceAutoConfiguration matched:
      - @ConditionalOnClass found required classes 'javax.sql.DataSource', 'org.springframework.jdbc.datasource.embedded.EmbeddedDatabaseType' (OnClassCondition)
      - @ConditionalOnMissingBean (types: io.r2dbc.spi.ConnectionFactory; SearchStrategy: all) did not find any beans (OnBeanCondition)

   DataSourceAutoConfiguration.PooledDataSourceConfiguration matched:
      - AnyNestedCondition 1 matched 1 did not; NestedCondition on DataSourceAutoConfiguration.PooledDataSourceCondition.PooledDataSourceAvailable PooledDataSource found supported DataSource; NestedCondition on DataSourceAutoConfiguration.PooledDataSourceCondition.ExplicitType @ConditionalOnProperty (spring.datasource.type) did not find property 'spring.datasource.type' (DataSourceAutoConfiguration.PooledDataSourceCondition)
      - @ConditionalOnMissingBean (types: javax.sql.DataSource,javax.sql.XADataSource; SearchStrategy: all) did not find any beans (OnBeanCondition)

   DataSourceAutoConfiguration.PooledDataSourceConfiguration#jdbcConnectionDetails matched:
      - @ConditionalOnMissingBean (types: org.springframework.boot.jdbc.autoconfigure.JdbcConnectionDetails; SearchStrategy: all) did not find any beans (OnBeanCondition)

   DataSourceConfiguration.Hikari matched:
      - @ConditionalOnClass found required class 'com.zaxxer.hikari.HikariDataSource' (OnClassCondition)
      - @ConditionalOnProperty (spring.datasource.type=com.zaxxer.hikari.HikariDataSource) matched (OnPropertyCondition)
      - @ConditionalOnMissingBean (types: javax.sql.DataSource; SearchStrategy: all) did not find any beans (OnBeanCondition)

   DataSourceInitializationAutoConfiguration matched:
      - @ConditionalOnClass found required class 'org.springframework.jdbc.datasource.init.DatabasePopulator' (OnClassCondition)
      - SQL InitializationDatabase Initialization default value is EMBEDDED (OnSqlInitializationCondition)
      - @ConditionalOnSingleCandidate (types: javax.sql.DataSource; SearchStrategy: all) found a single bean 'dataSource'; @ConditionalOnMissingBean (types: org.springframework.boot.sql.autoconfigure.init.ApplicationScriptDatabaseInitializer; SearchStrategy: all) did not find any beans (OnBeanCondition)

   DataSourcePoolMetadataProvidersConfiguration.HikariPoolDataSourceMetadataProviderConfiguration matched:
      - @ConditionalOnClass found required class 'com.zaxxer.hikari.HikariDataSource' (OnClassCondition)

   DataSourceTransactionManagerAutoConfiguration matched:
      - @ConditionalOnClass found required classes 'javax.sql.DataSource', 'org.springframework.jdbc.core.JdbcTemplate', 'org.springframework.transaction.TransactionManager' (OnClassCondition)

   DataSourceTransactionManagerAutoConfiguration.JdbcTransactionManagerConfiguration matched:
      - @ConditionalOnSingleCandidate (types: javax.sql.DataSource; SearchStrategy: all) found a single bean 'dataSource' (OnBeanCondition)

   DataWebAutoConfiguration matched:
      - @ConditionalOnClass found required classes 'org.springframework.data.web.PageableHandlerMethodArgumentResolver', 'org.springframework.web.servlet.config.annotation.WebMvcConfigurer' (OnClassCondition)
      - found 'session' scope (OnWebApplicationCondition)
      - @ConditionalOnMissingBean (types: org.springframework.data.web.PageableHandlerMethodArgumentResolver; SearchStrategy: all) did not find any beans (OnBeanCondition)

   DataWebAutoConfiguration#pageableCustomizer matched:
      - @ConditionalOnMissingBean (types: org.springframework.data.web.config.PageableHandlerMethodArgumentResolverCustomizer; SearchStrategy: all) did not find any beans (OnBeanCondition)

   DataWebAutoConfiguration#sortCustomizer matched:
      - @ConditionalOnMissingBean (types: org.springframework.data.web.config.SortHandlerMethodArgumentResolverCustomizer; SearchStrategy: all) did not find any beans (OnBeanCondition)

   DataWebAutoConfiguration#springDataWebSettings matched:
      - @ConditionalOnMissingBean (types: org.springframework.data.web.config.SpringDataWebSettings; SearchStrategy: all) did not find any beans (OnBeanCondition)

   DispatcherServletAutoConfiguration matched:
      - @ConditionalOnClass found required class 'org.springframework.web.servlet.DispatcherServlet' (OnClassCondition)
      - found 'session' scope (OnWebApplicationCondition)

   DispatcherServletAutoConfiguration.DispatcherServletConfiguration matched:
      - @ConditionalOnClass found required class 'jakarta.servlet.ServletRegistration' (OnClassCondition)
      - Default DispatcherServlet did not find dispatcher servlet beans (DispatcherServletAutoConfiguration.DefaultDispatcherServletCondition)

   DispatcherServletAutoConfiguration.DispatcherServletRegistrationConfiguration matched:
      - @ConditionalOnClass found required class 'jakarta.servlet.ServletRegistration' (OnClassCondition)
      - DispatcherServlet Registration did not find servlet registration bean (DispatcherServletAutoConfiguration.DispatcherServletRegistrationCondition)

   DispatcherServletAutoConfiguration.DispatcherServletRegistrationConfiguration#dispatcherServletRegistration matched:
      - @ConditionalOnBean (names: dispatcherServlet types: org.springframework.web.servlet.DispatcherServlet; SearchStrategy: all) found bean 'dispatcherServlet' (OnBeanCondition)

   ErrorMvcAutoConfiguration matched:
      - @ConditionalOnClass found required classes 'jakarta.servlet.Servlet', 'org.springframework.web.servlet.DispatcherServlet' (OnClassCondition)
      - found 'session' scope (OnWebApplicationCondition)

   ErrorMvcAutoConfiguration#basicErrorController matched:
      - @ConditionalOnMissingBean (types: org.springframework.boot.webmvc.error.ErrorController; SearchStrategy: current) did not find any beans (OnBeanCondition)

   ErrorMvcAutoConfiguration#errorAttributes matched:
      - @ConditionalOnMissingBean (types: org.springframework.boot.webmvc.error.ErrorAttributes; SearchStrategy: current) did not find any beans (OnBeanCondition)

   ErrorMvcAutoConfiguration.DefaultErrorViewResolverConfiguration#conventionErrorViewResolver matched:
      - @ConditionalOnBean (types: org.springframework.web.servlet.DispatcherServlet; SearchStrategy: all) found bean 'dispatcherServlet'; @ConditionalOnMissingBean (types: org.springframework.boot.webmvc.autoconfigure.error.ErrorViewResolver; SearchStrategy: all) did not find any beans (OnBeanCondition)

   ErrorMvcAutoConfiguration.WhitelabelErrorViewConfiguration matched:
      - @ConditionalOnBooleanProperty (spring.web.error.whitelabel.enabled=true) matched (OnPropertyCondition)
      - ErrorTemplate Missing did not find error template view (ErrorMvcAutoConfiguration.ErrorTemplateMissingCondition)

   ErrorMvcAutoConfiguration.WhitelabelErrorViewConfiguration#beanNameViewResolver matched:
      - @ConditionalOnMissingBean (types: org.springframework.web.servlet.view.BeanNameViewResolver; SearchStrategy: all) did not find any beans (OnBeanCondition)

   ErrorMvcAutoConfiguration.WhitelabelErrorViewConfiguration#defaultErrorView matched:
      - @ConditionalOnMissingBean (names: error; SearchStrategy: all) did not find any beans (OnBeanCondition)

   HibernateJpaAutoConfiguration matched:
      - @ConditionalOnClass found required classes 'org.springframework.orm.jpa.LocalContainerEntityManagerFactoryBean', 'jakarta.persistence.EntityManager', 'org.hibernate.engine.spi.SessionImplementor' (OnClassCondition)

   HibernateJpaConfiguration matched:
      - @ConditionalOnSingleCandidate (types: javax.sql.DataSource; SearchStrategy: all) found a single bean 'dataSource' (OnBeanCondition)

   HttpEncodingAutoConfiguration matched:
      - @ConditionalOnClass found required class 'org.springframework.web.filter.CharacterEncodingFilter' (OnClassCondition)
      - found 'session' scope (OnWebApplicationCondition)
      - @ConditionalOnBooleanProperty (spring.servlet.encoding.enabled=true) matched (OnPropertyCondition)

   HttpEncodingAutoConfiguration#characterEncodingFilter matched:
      - @ConditionalOnMissingBean (types: org.springframework.web.filter.CharacterEncodingFilter; SearchStrategy: all) did not find any beans (OnBeanCondition)

   HttpMessageConvertersAutoConfiguration matched:
      - @ConditionalOnClass found required class 'org.springframework.http.converter.HttpMessageConverter' (OnClassCondition)
      - NoneNestedConditions 0 matched 1 did not; NestedCondition on HttpMessageConvertersAutoConfiguration.NotReactiveWebApplicationCondition.ReactiveWebApplication did not find reactive web application classes (HttpMessageConvertersAutoConfiguration.NotReactiveWebApplicationCondition)

   HttpMessageConvertersAutoConfiguration.StringHttpMessageConverterConfiguration#stringHttpMessageConvertersCustomizer matched:
      - @ConditionalOnMissingBean (types: org.springframework.http.converter.StringHttpMessageConverter; SearchStrategy: all) did not find any beans (OnBeanCondition)

   JacksonAutoConfiguration matched:
      - @ConditionalOnClass found required class 'tools.jackson.databind.json.JsonMapper' (OnClassCondition)

   JacksonAutoConfiguration#jacksonJsonMapper matched:
      - @ConditionalOnMissingBean (types: tools.jackson.databind.json.JsonMapper; SearchStrategy: all) did not find any beans (OnBeanCondition)

   JacksonAutoConfiguration#jsonFactory matched:
      - @ConditionalOnMissingBean (types: tools.jackson.core.json.JsonFactory; SearchStrategy: all) did not find any beans (OnBeanCondition)

   JacksonAutoConfiguration#jsonMapperBuilder matched:
      - @ConditionalOnMissingBean (types: tools.jackson.databind.json.JsonMapper$Builder; SearchStrategy: all) did not find any beans (OnBeanCondition)

   JacksonAutoConfiguration.JsonProblemDetailsConfiguration matched:
      - @ConditionalOnClass found required class 'org.springframework.http.ProblemDetail' (OnClassCondition)

   JacksonHttpMessageConvertersConfiguration.JacksonJsonHttpMessageConverterConfiguration matched:
      - @ConditionalOnClass found required class 'tools.jackson.databind.json.JsonMapper' (OnClassCondition)
      - @ConditionalOnProperty (spring.http.converters.preferred-json-mapper=jackson) matched (OnPropertyCondition)
      - @ConditionalOnBean (types: tools.jackson.databind.json.JsonMapper; SearchStrategy: all) found bean 'jacksonJsonMapper' (OnBeanCondition)

   JacksonHttpMessageConvertersConfiguration.JacksonJsonHttpMessageConverterConfiguration#jacksonJsonHttpMessageConvertersCustomizer matched:
      - @ConditionalOnMissingBean (types: org.springframework.http.converter.json.JacksonJsonHttpMessageConverter ignored: org.springframework.hateoas.server.mvc.TypeConstrainedJacksonJsonHttpMessageConverter,org.springframework.data.rest.webmvc.alps.AlpsJacksonJsonHttpMessageConverter; SearchStrategy: all) did not find any beans (OnBeanCondition)

   JdbcClientAutoConfiguration matched:
      - @ConditionalOnSingleCandidate (types: org.springframework.jdbc.core.namedparam.NamedParameterJdbcTemplate; SearchStrategy: all) found a single bean 'namedParameterJdbcTemplate'; @ConditionalOnMissingBean (types: org.springframework.jdbc.core.simple.JdbcClient; SearchStrategy: all) did not find any beans (OnBeanCondition)

   JdbcTemplateAutoConfiguration matched:
      - @ConditionalOnClass found required classes 'javax.sql.DataSource', 'org.springframework.jdbc.core.JdbcTemplate' (OnClassCondition)
      - @ConditionalOnSingleCandidate (types: javax.sql.DataSource; SearchStrategy: all) found a single bean 'dataSource' (OnBeanCondition)

   JdbcTemplateConfiguration matched:
      - @ConditionalOnMissingBean (types: org.springframework.jdbc.core.JdbcOperations; SearchStrategy: all) did not find any beans (OnBeanCondition)

   JpaBaseConfiguration#entityManagerFactory matched:
      - @ConditionalOnMissingBean (types: org.springframework.orm.jpa.LocalContainerEntityManagerFactoryBean,jakarta.persistence.EntityManagerFactory; SearchStrategy: all) did not find any beans (OnBeanCondition)

   JpaBaseConfiguration#entityManagerFactoryBuilder matched:
      - @ConditionalOnMissingBean (types: org.springframework.boot.jpa.EntityManagerFactoryBuilder; SearchStrategy: all) did not find any beans (OnBeanCondition)

   JpaBaseConfiguration#jpaVendorAdapter matched:
      - @ConditionalOnMissingBean (types: org.springframework.orm.jpa.JpaVendorAdapter; SearchStrategy: all) did not find any beans (OnBeanCondition)

   JpaBaseConfiguration#transactionManager matched:
      - @ConditionalOnMissingBean (types: org.springframework.transaction.TransactionManager; SearchStrategy: all) did not find any beans (OnBeanCondition)

   JpaBaseConfiguration.JpaWebConfiguration matched:
      - @ConditionalOnClass found required class 'org.springframework.web.servlet.config.annotation.WebMvcConfigurer' (OnClassCondition)
      - found 'session' scope (OnWebApplicationCondition)
      - @ConditionalOnBooleanProperty (spring.jpa.open-in-view=true) matched (OnPropertyCondition)
      - @ConditionalOnMissingBean (types: org.springframework.orm.jpa.support.OpenEntityManagerInViewInterceptor,org.springframework.orm.jpa.support.OpenEntityManagerInViewFilter; SearchStrategy: all) did not find any beans (OnBeanCondition)

   JpaBaseConfiguration.PersistenceManagedTypesConfiguration matched:
      - @ConditionalOnMissingBean (types: org.springframework.orm.jpa.LocalContainerEntityManagerFactoryBean,jakarta.persistence.EntityManagerFactory; SearchStrategy: all) did not find any beans (OnBeanCondition)

   JpaBaseConfiguration.PersistenceManagedTypesConfiguration#persistenceManagedTypes matched:
      - @ConditionalOnMissingBean (types: org.springframework.orm.jpa.persistenceunit.PersistenceManagedTypes; SearchStrategy: all) did not find any beans (OnBeanCondition)

   JtaAutoConfiguration matched:
      - @ConditionalOnClass found required class 'jakarta.transaction.Transaction' (OnClassCondition)
      - @ConditionalOnBooleanProperty (spring.jta.enabled=true) matched (OnPropertyCondition)

   LifecycleAutoConfiguration#defaultLifecycleProcessor matched:
      - @ConditionalOnMissingBean (names: lifecycleProcessor; SearchStrategy: current) did not find any beans (OnBeanCondition)

   MultipartAutoConfiguration matched:
      - @ConditionalOnClass found required classes 'jakarta.servlet.Servlet', 'org.springframework.web.multipart.support.StandardServletMultipartResolver', 'jakarta.servlet.MultipartConfigElement' (OnClassCondition)
      - found 'session' scope (OnWebApplicationCondition)
      - @ConditionalOnBooleanProperty (spring.servlet.multipart.enabled=true) matched (OnPropertyCondition)

   MultipartAutoConfiguration#multipartConfigElement matched:
      - @ConditionalOnMissingBean (types: jakarta.servlet.MultipartConfigElement; SearchStrategy: all) did not find any beans (OnBeanCondition)

   MultipartAutoConfiguration#multipartResolver matched:
      - @ConditionalOnMissingBean (types: org.springframework.web.multipart.MultipartResolver; SearchStrategy: all) did not find any beans (OnBeanCondition)

   NamedParameterJdbcTemplateConfiguration matched:
      - @ConditionalOnSingleCandidate (types: org.springframework.jdbc.core.JdbcTemplate; SearchStrategy: all) found a single bean 'jdbcTemplate'; @ConditionalOnMissingBean (types: org.springframework.jdbc.core.namedparam.NamedParameterJdbcOperations; SearchStrategy: all) did not find any beans (OnBeanCondition)

   PersistenceExceptionTranslationAutoConfiguration matched:
      - @ConditionalOnClass found required class 'org.springframework.dao.annotation.PersistenceExceptionTranslationPostProcessor' (OnClassCondition)

   PersistenceExceptionTranslationAutoConfiguration#persistenceExceptionTranslationPostProcessor matched:
      - @ConditionalOnBooleanProperty (spring.persistence.exceptiontranslation.enabled=true) matched (OnPropertyCondition)
      - @ConditionalOnMissingBean (types: org.springframework.dao.annotation.PersistenceExceptionTranslationPostProcessor; SearchStrategy: all) did not find any beans (OnBeanCondition)

   PropertyPlaceholderAutoConfiguration#propertySourcesPlaceholderConfigurer matched:
      - @ConditionalOnMissingBean (types: org.springframework.context.support.PropertySourcesPlaceholderConfigurer; SearchStrategy: current) did not find any beans (OnBeanCondition)

   SslAutoConfiguration#sslBundleRegistry matched:
      - @ConditionalOnMissingBean (types: org.springframework.boot.ssl.SslBundleRegistry,org.springframework.boot.ssl.SslBundles; SearchStrategy: all) did not find any beans (OnBeanCondition)

   TaskExecutionAutoConfiguration matched:
      - @ConditionalOnClass found required class 'org.springframework.scheduling.concurrent.ThreadPoolTaskExecutor' (OnClassCondition)

   TaskExecutorConfigurations.AsyncConfigurerConfiguration matched:
      - @ConditionalOnMissingBean (types: org.springframework.scheduling.annotation.AsyncConfigurer; SearchStrategy: all) did not find any beans (OnBeanCondition)

   TaskExecutorConfigurations.SimpleAsyncTaskExecutorBuilderConfiguration#simpleAsyncTaskExecutorBuilder matched:
      - @ConditionalOnMissingBean (types: org.springframework.boot.task.SimpleAsyncTaskExecutorBuilder; SearchStrategy: all) did not find any beans (OnBeanCondition)
      - @ConditionalOnThreading found PLATFORM (OnThreadingCondition)

   TaskExecutorConfigurations.TaskExecutorConfiguration matched:
      - AnyNestedCondition 1 matched 1 did not; NestedCondition on TaskExecutorConfigurations.OnExecutorCondition.ModelCondition @ConditionalOnProperty (spring.task.execution.mode=force) did not find property 'spring.task.execution.mode'; NestedCondition on TaskExecutorConfigurations.OnExecutorCondition.ExecutorBeanCondition @ConditionalOnMissingBean (types: java.util.concurrent.Executor; SearchStrategy: all) did not find any beans (TaskExecutorConfigurations.OnExecutorCondition)

   TaskExecutorConfigurations.TaskExecutorConfiguration#applicationTaskExecutor matched:
      - @ConditionalOnThreading found PLATFORM (OnThreadingCondition)

   TaskExecutorConfigurations.ThreadPoolTaskExecutorBuilderConfiguration#threadPoolTaskExecutorBuilder matched:
      - @ConditionalOnMissingBean (types: org.springframework.boot.task.ThreadPoolTaskExecutorBuilder; SearchStrategy: all) did not find any beans (OnBeanCondition)

   TaskSchedulingAutoConfiguration matched:
      - @ConditionalOnClass found required class 'org.springframework.scheduling.concurrent.ThreadPoolTaskScheduler' (OnClassCondition)

   TaskSchedulingConfigurations.SimpleAsyncTaskSchedulerBuilderConfiguration#simpleAsyncTaskSchedulerBuilder matched:
      - @ConditionalOnMissingBean (types: org.springframework.boot.task.SimpleAsyncTaskSchedulerBuilder; SearchStrategy: all) did not find any beans (OnBeanCondition)
      - @ConditionalOnThreading found PLATFORM (OnThreadingCondition)

   TaskSchedulingConfigurations.ThreadPoolTaskSchedulerBuilderConfiguration#threadPoolTaskSchedulerBuilder matched:
      - @ConditionalOnMissingBean (types: org.springframework.boot.task.ThreadPoolTaskSchedulerBuilder; SearchStrategy: all) did not find any beans (OnBeanCondition)

   TomcatServletWebServerAutoConfiguration matched:
      - @ConditionalOnClass found required classes 'jakarta.servlet.ServletRequest', 'org.apache.catalina.startup.Tomcat', 'org.apache.coyote.UpgradeProtocol', 'org.springframework.boot.tomcat.servlet.TomcatServletWebServerFactory' (OnClassCondition)
      - found 'session' scope (OnWebApplicationCondition)

   TomcatServletWebServerAutoConfiguration#tomcatServletWebServerFactory matched:
      - @ConditionalOnMissingBean (types: org.springframework.boot.web.server.servlet.ServletWebServerFactory; SearchStrategy: current) did not find any beans (OnBeanCondition)

   TomcatWebServerConfiguration matched:
      - @ConditionalOnWarDeployment the application is not deployed as a WAR file. (OnWarDeploymentCondition)

   TomcatWebServerConfiguration.TomcatWebSocketConfiguration matched:
      - @ConditionalOnClass found required class 'org.apache.tomcat.websocket.server.WsSci' (OnClassCondition)

   TransactionAutoConfiguration matched:
      - @ConditionalOnClass found required class 'org.springframework.transaction.PlatformTransactionManager' (OnClassCondition)

   TransactionAutoConfiguration.EnableTransactionManagementConfiguration matched:
      - @ConditionalOnBean (types: org.springframework.transaction.TransactionManager; SearchStrategy: all) found bean 'transactionManager'; @ConditionalOnMissingBean (types: org.springframework.transaction.annotation.AbstractTransactionManagementConfiguration; SearchStrategy: all) did not find any beans (OnBeanCondition)

   TransactionAutoConfiguration.EnableTransactionManagementConfiguration.CglibAutoProxyConfiguration matched:
      - @ConditionalOnBooleanProperty (spring.aop.proxy-target-class=true) matched (OnPropertyCondition)

   TransactionAutoConfiguration.TransactionTemplateConfiguration matched:
      - @ConditionalOnSingleCandidate (types: org.springframework.transaction.PlatformTransactionManager; SearchStrategy: all) found a single bean 'transactionManager' (OnBeanCondition)

   TransactionAutoConfiguration.TransactionTemplateConfiguration#transactionTemplate matched:
      - @ConditionalOnMissingBean (types: org.springframework.transaction.support.TransactionOperations; SearchStrategy: all) did not find any beans (OnBeanCondition)

   TransactionManagerCustomizationAutoConfiguration matched:
      - @ConditionalOnClass found required class 'org.springframework.transaction.PlatformTransactionManager' (OnClassCondition)

   TransactionManagerCustomizationAutoConfiguration#platformTransactionManagerCustomizers matched:
      - @ConditionalOnMissingBean (types: org.springframework.boot.transaction.autoconfigure.TransactionManagerCustomizers; SearchStrategy: all) did not find any beans (OnBeanCondition)

   ValidationAutoConfiguration matched:
      - @ConditionalOnClass found required class 'jakarta.validation.executable.ExecutableValidator' (OnClassCondition)
      - @ConditionalOnResource found location classpath:META-INF/services/jakarta.validation.spi.ValidationProvider (OnResourceCondition)

   ValidationAutoConfiguration#defaultValidator matched:
      - @ConditionalOnMissingBean (types: jakarta.validation.Validator; SearchStrategy: all) did not find any beans (OnBeanCondition)

   ValidationAutoConfiguration#methodValidationPostProcessor matched:
      - @ConditionalOnMissingBean (types: org.springframework.validation.beanvalidation.MethodValidationPostProcessor; SearchStrategy: current) did not find any beans (OnBeanCondition)

   WebMvcAutoConfiguration matched:
      - @ConditionalOnClass found required classes 'jakarta.servlet.Servlet', 'org.springframework.web.servlet.DispatcherServlet', 'org.springframework.web.servlet.config.annotation.WebMvcConfigurer' (OnClassCondition)
      - found 'session' scope (OnWebApplicationCondition)
      - @ConditionalOnMissingBean (types: org.springframework.web.servlet.config.annotation.WebMvcConfigurationSupport; SearchStrategy: all) did not find any beans (OnBeanCondition)

   WebMvcAutoConfiguration#formContentFilter matched:
      - @ConditionalOnBooleanProperty (spring.mvc.formcontent.filter.enabled=true) matched (OnPropertyCondition)
      - @ConditionalOnMissingBean (types: org.springframework.web.filter.FormContentFilter; SearchStrategy: all) did not find any beans (OnBeanCondition)

   WebMvcAutoConfiguration.EnableWebMvcConfiguration#flashMapManager matched:
      - @ConditionalOnMissingBean (names: flashMapManager; SearchStrategy: all) did not find any beans (OnBeanCondition)

   WebMvcAutoConfiguration.EnableWebMvcConfiguration#localeResolver matched:
      - @ConditionalOnMissingBean (names: localeResolver; SearchStrategy: all) did not find any beans (OnBeanCondition)

   WebMvcAutoConfiguration.EnableWebMvcConfiguration#viewNameTranslator matched:
      - @ConditionalOnMissingBean (names: viewNameTranslator; SearchStrategy: all) did not find any beans (OnBeanCondition)

   WebMvcAutoConfiguration.WebMvcAutoConfigurationAdapter#defaultViewResolver matched:
      - @ConditionalOnMissingBean (types: org.springframework.web.servlet.view.InternalResourceViewResolver; SearchStrategy: all) did not find any beans (OnBeanCondition)

   WebMvcAutoConfiguration.WebMvcAutoConfigurationAdapter#requestContextFilter matched:
      - @ConditionalOnMissingBean (types: org.springframework.web.context.request.RequestContextListener,org.springframework.web.filter.RequestContextFilter; SearchStrategy: all) did not find any beans (OnBeanCondition)

   WebMvcAutoConfiguration.WebMvcAutoConfigurationAdapter#viewResolver matched:
      - @ConditionalOnBean (types: org.springframework.web.servlet.ViewResolver; SearchStrategy: all) found beans 'defaultViewResolver', 'beanNameViewResolver', 'mvcViewResolver'; @ConditionalOnMissingBean (names: viewResolver types: org.springframework.web.servlet.view.ContentNegotiatingViewResolver; SearchStrategy: all) did not find any beans (OnBeanCondition)


Negative matches:
-----------------

   AopAutoConfiguration.AspectJAutoProxyingConfiguration.JdkDynamicAutoProxyConfiguration:
      Did not match:
         - @ConditionalOnBooleanProperty (spring.aop.proxy-target-class=false) did not find property 'spring.aop.proxy-target-class' (OnPropertyCondition)

   AopAutoConfiguration.ClassProxyingConfiguration:
      Did not match:
         - @ConditionalOnMissingClass found unwanted class 'org.aspectj.weaver.Advice' (OnClassCondition)

   DataJpaRepositoriesAutoConfiguration#entityManagerFactoryBootstrapExecutorCustomizer:
      Did not match:
         - @ConditionalOnProperty (spring.data.jpa.repositories.bootstrap-mode=deferred) did not find property 'spring.data.jpa.repositories.bootstrap-mode' (OnPropertyCondition)

   DataRepositoryMetricsAutoConfiguration:
      Did not match:
         - @ConditionalOnBean did not find required type 'io.micrometer.core.instrument.MeterRegistry' (OnBeanCondition)

   DataSourceAutoConfiguration.EmbeddedDatabaseConfiguration:
      Did not match:
         - EmbeddedDataSource spring.datasource.url is set (DataSourceAutoConfiguration.EmbeddedDatabaseCondition)

   DataSourceCheckpointRestoreConfiguration:
      Did not match:
         - @ConditionalOnClass did not find required class 'org.crac.Resource' (OnClassCondition)

   DataSourceConfiguration.Dbcp2:
      Did not match:
         - @ConditionalOnClass did not find required class 'org.apache.commons.dbcp2.BasicDataSource' (OnClassCondition)

   DataSourceConfiguration.Generic:
      Did not match:
         - @ConditionalOnProperty (spring.datasource.type) did not find property 'spring.datasource.type' (OnPropertyCondition)

   DataSourceConfiguration.OracleUcp:
      Did not match:
         - @ConditionalOnClass did not find required classes 'oracle.ucp.jdbc.PoolDataSourceImpl', 'oracle.jdbc.OracleConnection' (OnClassCondition)

   DataSourceConfiguration.Tomcat:
      Did not match:
         - @ConditionalOnClass did not find required class 'org.apache.tomcat.jdbc.pool.DataSource' (OnClassCondition)

   DataSourceHealthContributorAutoConfiguration:
      Did not match:
         - @ConditionalOnClass did not find required class 'org.springframework.boot.health.autoconfigure.contributor.ConditionalOnEnabledHealthIndicator' (OnClassCondition)

   DataSourceJmxConfiguration:
      Did not match:
         - @ConditionalOnBooleanProperty (spring.jmx.enabled=true) did not find property 'spring.jmx.enabled' (OnPropertyCondition)

   DataSourcePoolMetadataProvidersConfiguration.CommonsDbcp2PoolDataSourceMetadataProviderConfiguration:
      Did not match:
         - @ConditionalOnClass did not find required class 'org.apache.commons.dbcp2.BasicDataSource' (OnClassCondition)

   DataSourcePoolMetadataProvidersConfiguration.OracleUcpPoolDataSourceMetadataProviderConfiguration:
      Did not match:
         - @ConditionalOnClass did not find required classes 'oracle.ucp.jdbc.PoolDataSource', 'oracle.jdbc.OracleConnection' (OnClassCondition)

   DataSourcePoolMetadataProvidersConfiguration.TomcatDataSourcePoolMetadataProviderConfiguration:
      Did not match:
         - @ConditionalOnClass did not find required class 'org.apache.tomcat.jdbc.pool.DataSource' (OnClassCondition)

   DataSourcePoolMetricsAutoConfiguration:
      Did not match:
         - @ConditionalOnClass did not find required class 'io.micrometer.core.instrument.MeterRegistry' (OnClassCondition)

   DataSourceTransactionManagerAutoConfiguration.JdbcTransactionManagerConfiguration#transactionManager:
      Did not match:
         - @ConditionalOnMissingBean (types: org.springframework.transaction.TransactionManager; SearchStrategy: all) found beans of type 'org.springframework.transaction.TransactionManager' transactionManager (OnBeanCondition)

   DispatcherServletAutoConfiguration.DispatcherServletConfiguration#multipartResolver:
      Did not match:
         - @ConditionalOnBean (types: org.springframework.web.multipart.MultipartResolver; SearchStrategy: all) did not find any beans of type org.springframework.web.multipart.MultipartResolver (OnBeanCondition)

   GsonHttpMessageConvertersConfiguration:
      Did not match:
         - @ConditionalOnClass did not find required class 'com.google.gson.Gson' (OnClassCondition)

   HibernateMetricsAutoConfiguration:
      Did not match:
         - @ConditionalOnClass did not find required class 'io.micrometer.core.instrument.MeterRegistry' (OnClassCondition)

   Jackson2HttpMessageConvertersConfiguration.MappingJackson2HttpMessageConverterConfiguration:
      Did not match:
         - @ConditionalOnClass did not find required class 'com.fasterxml.jackson.databind.ObjectMapper' (OnClassCondition)

   Jackson2HttpMessageConvertersConfiguration.MappingJackson2XmlHttpMessageConverterConfiguration:
      Did not match:
         - @ConditionalOnClass did not find required class 'com.fasterxml.jackson.dataformat.xml.XmlMapper' (OnClassCondition)

   JacksonAutoConfiguration.CborConfiguration:
      Did not match:
         - @ConditionalOnClass did not find required class 'tools.jackson.dataformat.cbor.CBORMapper' (OnClassCondition)

   JacksonAutoConfiguration.XmlConfiguration:
      Did not match:
         - @ConditionalOnClass did not find required class 'tools.jackson.dataformat.xml.XmlMapper' (OnClassCondition)

   JacksonHttpMessageConvertersConfiguration.JacksonXmlHttpMessageConverterConfiguration:
      Did not match:
         - @ConditionalOnClass did not find required class 'tools.jackson.dataformat.xml.XmlMapper' (OnClassCondition)

   JmxAutoConfiguration:
      Did not match:
         - @ConditionalOnBooleanProperty (spring.jmx.enabled=true) did not find property 'spring.jmx.enabled' (OnPropertyCondition)
      Matched:
         - @ConditionalOnClass found required class 'org.springframework.jmx.export.MBeanExporter' (OnClassCondition)

   JndiDataSourceAutoConfiguration:
      Did not match:
         - @ConditionalOnProperty (spring.datasource.jndi-name) did not find property 'spring.datasource.jndi-name' (OnPropertyCondition)
      Matched:
         - @ConditionalOnClass found required classes 'javax.sql.DataSource', 'org.springframework.jdbc.datasource.embedded.EmbeddedDatabaseType' (OnClassCondition)

   JndiJtaConfiguration:
      Did not match:
         - @ConditionalOnJndi JNDI environment is not available (OnJndiCondition)
      Matched:
         - @ConditionalOnClass found required class 'org.springframework.transaction.jta.JtaTransactionManager' (OnClassCondition)

   JsonbHttpMessageConvertersConfiguration:
      Did not match:
         - @ConditionalOnClass did not find required class 'jakarta.json.bind.Jsonb' (OnClassCondition)

   KotlinSerializationHttpMessageConvertersConfiguration:
      Did not match:
         - @ConditionalOnClass did not find required classes 'kotlinx.serialization.Serializable', 'kotlinx.serialization.json.Json' (OnClassCondition)

   LazyConnectionDataSourceConfiguration:
      Did not match:
         - @ConditionalOnProperty (spring.datasource.connection-fetch=lazy) did not find property 'spring.datasource.connection-fetch' (OnPropertyCondition)

   MessageSourceAutoConfiguration:
      Did not match:
         - ResourceBundle did not find bundle with basename messages (MessageSourceAutoConfiguration.ResourceBundleCondition)

   ProjectInfoAutoConfiguration#buildProperties:
      Did not match:
         - @ConditionalOnResource did not find resource '${spring.info.build.location:classpath:META-INF/build-info.properties}' (OnResourceCondition)

   ProjectInfoAutoConfiguration#gitProperties:
      Did not match:
         - GitResource did not find git info at classpath:git.properties (ProjectInfoAutoConfiguration.GitResourceAvailableCondition)

   ServletHttpExchangesAutoConfiguration:
      Did not match:
         - @ConditionalOnBean did not find required type 'org.springframework.boot.actuate.web.exchanges.HttpExchangeRepository' (OnBeanCondition)

   ServletManagementContextAutoConfiguration:
      Did not match:
         - @ConditionalOnClass did not find required class 'org.springframework.boot.actuate.autoconfigure.endpoint.web.WebEndpointProperties' (OnClassCondition)

   ServletMappingsAutoConfiguration:
      Did not match:
         - @ConditionalOnClass did not find required class 'org.springframework.boot.actuate.autoconfigure.endpoint.condition.ConditionalOnAvailableEndpoint' (OnClassCondition)

   ServletWebServerConfiguration#forwardedHeaderFilter:
      Did not match:
         - @ConditionalOnProperty (server.forward-headers-strategy=framework) did not find property 'server.forward-headers-strategy' (OnPropertyCondition)

   SpringApplicationAdminJmxAutoConfiguration:
      Did not match:
         - @ConditionalOnBooleanProperty (spring.application.admin.enabled=true) did not find property 'spring.application.admin.enabled' (OnPropertyCondition)

   TaskExecutorConfigurations.AsyncConfigurerWrapperConfiguration:
      Did not match:
         - @ConditionalOnBean (types: org.springframework.scheduling.annotation.AsyncConfigurer; SearchStrategy: all) did not find any beans of type org.springframework.scheduling.annotation.AsyncConfigurer (OnBeanCondition)

   TaskExecutorConfigurations.SimpleAsyncTaskExecutorBuilderConfiguration#simpleAsyncTaskExecutorBuilderVirtualThreads:
      Did not match:
         - @ConditionalOnMissingBean (types: org.springframework.boot.task.SimpleAsyncTaskExecutorBuilder; SearchStrategy: all) found beans of type 'org.springframework.boot.task.SimpleAsyncTaskExecutorBuilder' simpleAsyncTaskExecutorBuilder (OnBeanCondition)

   TaskExecutorConfigurations.TaskExecutorConfiguration#applicationTaskExecutorVirtualThreads:
      Did not match:
         - @ConditionalOnThreading did not find VIRTUAL (OnThreadingCondition)

   TaskExecutorConfigurations.TaskExecutorContextPropagationConfiguration:
      Did not match:
         - @ConditionalOnClass did not find required class 'io.micrometer.context.ContextSnapshot' (OnClassCondition)

   TaskSchedulingAutoConfiguration#scheduledBeanLazyInitializationExcludeFilter:
      Did not match:
         - @ConditionalOnBean (names: org.springframework.scheduling.config.internalScheduledAnnotationProcessor; SearchStrategy: all) did not find any beans named org.springframework.scheduling.config.internalScheduledAnnotationProcessor (OnBeanCondition)

   TaskSchedulingConfigurations.SimpleAsyncTaskSchedulerBuilderConfiguration#simpleAsyncTaskSchedulerBuilderVirtualThreads:
      Did not match:
         - @ConditionalOnMissingBean (types: org.springframework.boot.task.SimpleAsyncTaskSchedulerBuilder; SearchStrategy: all) found beans of type 'org.springframework.boot.task.SimpleAsyncTaskSchedulerBuilder' simpleAsyncTaskSchedulerBuilder (OnBeanCondition)

   TaskSchedulingConfigurations.TaskSchedulerConfiguration:
      Did not match:
         - @ConditionalOnBean (names: org.springframework.scheduling.config.internalScheduledAnnotationProcessor; SearchStrategy: all) did not find any beans named org.springframework.scheduling.config.internalScheduledAnnotationProcessor (OnBeanCondition)

   TomcatMetricsAutoConfiguration:
      Did not match:
         - @ConditionalOnClass did not find required class 'io.micrometer.core.instrument.binder.tomcat.TomcatMetrics' (OnClassCondition)

   TomcatReactiveManagementContextAutoConfiguration:
      Did not match:
         - @ConditionalOnClass did not find required class 'org.springframework.boot.actuate.autoconfigure.web.server.ManagementContextFactory' (OnClassCondition)

   TomcatReactiveWebServerAutoConfiguration:
      Did not match:
         - @ConditionalOnWebApplication did not find reactive web application classes (OnWebApplicationCondition)

   TomcatServletManagementContextAutoConfiguration:
      Did not match:
         - @ConditionalOnClass did not find required class 'org.springframework.boot.actuate.autoconfigure.web.server.ManagementContextFactory' (OnClassCondition)

   TomcatServletWebServerAutoConfiguration#tomcatForwardedHeaderFilterCustomizer:
      Did not match:
         - @ConditionalOnProperty (server.forward-headers-strategy=framework) did not find property 'server.forward-headers-strategy' (OnPropertyCondition)

   TomcatWebServerConfiguration#tomcatVirtualThreadsProtocolHandlerCustomizer:
      Did not match:
         - @ConditionalOnThreading did not find VIRTUAL (OnThreadingCondition)

   TransactionAutoConfiguration#transactionalOperator:
      Did not match:
         - @ConditionalOnSingleCandidate (types: org.springframework.transaction.ReactiveTransactionManager; SearchStrategy: all) did not find any beans (OnBeanCondition)

   TransactionAutoConfiguration.AspectJTransactionManagementConfiguration:
      Did not match:
         - @ConditionalOnBean (types: org.springframework.transaction.aspectj.AbstractTransactionAspect; SearchStrategy: all) did not find any beans of type org.springframework.transaction.aspectj.AbstractTransactionAspect (OnBeanCondition)

   TransactionAutoConfiguration.EnableTransactionManagementConfiguration.JdkDynamicAutoProxyConfiguration:
      Did not match:
         - @ConditionalOnBooleanProperty (spring.aop.proxy-target-class=false) did not find property 'spring.aop.proxy-target-class' (OnPropertyCondition)

   WebMvcAutoConfiguration#hiddenHttpMethodFilter:
      Did not match:
         - @ConditionalOnBooleanProperty (spring.mvc.hiddenmethod.filter.enabled=true) did not find property 'spring.mvc.hiddenmethod.filter.enabled' (OnPropertyCondition)

   WebMvcAutoConfiguration.ProblemDetailsErrorHandlingConfiguration:
      Did not match:
         - @ConditionalOnBooleanProperty (spring.mvc.problemdetails.enabled=true) did not find property 'spring.mvc.problemdetails.enabled' (OnPropertyCondition)

   WebMvcAutoConfiguration.ResourceChainCustomizerConfiguration:
      Did not match:
         - @ConditionalOnEnabledResourceChain did not find class org.webjars.WebJarVersionLocator (OnEnabledResourceChainCondition)

   WebMvcAutoConfiguration.WebMvcAutoConfigurationAdapter#beanNameViewResolver:
      Did not match:
         - @ConditionalOnMissingBean (types: org.springframework.web.servlet.view.BeanNameViewResolver; SearchStrategy: all) found beans of type 'org.springframework.web.servlet.view.BeanNameViewResolver' beanNameViewResolver (OnBeanCondition)

   WebMvcHealthEndpointExtensionAutoConfiguration:
      Did not match:
         - @ConditionalOnClass did not find required class 'org.springframework.boot.health.actuate.endpoint.HealthEndpoint' (OnClassCondition)

   WebMvcMappingsAutoConfiguration:
      Did not match:
         - @ConditionalOnClass did not find required class 'org.springframework.boot.actuate.autoconfigure.endpoint.condition.ConditionalOnAvailableEndpoint' (OnClassCondition)

   WebMvcObservationAutoConfiguration:
      Did not match:
         - @ConditionalOnClass did not find required class 'org.springframework.boot.micrometer.observation.autoconfigure.ObservationProperties' (OnClassCondition)

   XADataSourceAutoConfiguration:
      Did not match:
         - @ConditionalOnBean (types: org.springframework.boot.jdbc.XADataSourceWrapper; SearchStrategy: all) did not find any beans of type org.springframework.boot.jdbc.XADataSourceWrapper (OnBeanCondition)
      Matched:
         - @ConditionalOnClass found required classes 'javax.sql.DataSource', 'jakarta.transaction.TransactionManager', 'org.springframework.jdbc.datasource.embedded.EmbeddedDatabaseType' (OnClassCondition)


Exclusions:
-----------

    None


Unconditional classes:
----------------------

    org.springframework.boot.autoconfigure.context.ConfigurationPropertiesAutoConfiguration

    org.springframework.boot.autoconfigure.ssl.SslAutoConfiguration

    org.springframework.boot.autoconfigure.context.LifecycleAutoConfiguration

    org.springframework.boot.autoconfigure.context.PropertyPlaceholderAutoConfiguration

    org.springframework.boot.autoconfigure.availability.ApplicationAvailabilityAutoConfiguration

    org.springframework.boot.autoconfigure.info.ProjectInfoAutoConfiguration



2026-08-17 23:46:29 - c.r.E.ExpenseTrackerApplication - Started ExpenseTrackerApplication in 4.758 seconds (process running for 5.288)
2026-08-17 23:46:29 - o.s.b.a.ApplicationAvailabilityBean - Application availability state LivenessState changed to CORRECT
2026-08-17 23:46:29 - o.s.b.a.ApplicationAvailabilityBean - Application availability state ReadinessState changed to ACCEPTING_TRAFFIC
2026-08-17 23:46:38 - o.a.c.c.C.[Tomcat].[localhost].[/] - Initializing Spring DispatcherServlet 'dispatcherServlet'
2026-08-17 23:46:38 - o.s.web.servlet.DispatcherServlet - Initializing Servlet 'dispatcherServlet'
2026-08-17 23:46:38 - o.s.web.servlet.DispatcherServlet - Detected StandardServletMultipartResolver
2026-08-17 23:46:38 - o.s.web.servlet.DispatcherServlet - Detected AcceptHeaderLocaleResolver
2026-08-17 23:46:38 - o.s.web.servlet.DispatcherServlet - Detected org.springframework.web.servlet.view.DefaultRequestToViewNameTranslator@220d7eb7
2026-08-17 23:46:38 - o.s.web.servlet.DispatcherServlet - Detected org.springframework.web.servlet.support.SessionFlashMapManager@4fccdd1d
2026-08-17 23:46:38 - o.s.web.servlet.DispatcherServlet - enableLoggingRequestDetails='false': request parameters and headers will be masked to prevent unsafe logging of potentially sensitive data
2026-08-17 23:46:38 - o.s.web.servlet.DispatcherServlet - Completed initialization in 1 ms
2026-08-17 23:46:38 - o.s.web.servlet.DispatcherServlet - GET "/Expense", parameters={}
2026-08-17 23:46:38 - o.s.w.s.m.m.a.RequestMappingHandlerMapping - Mapped to com.rakesh.ExpenseTracker.controller.ExpenseController#getAllExpenses()
2026-08-17 23:46:38 - o.s.o.j.s.OpenEntityManagerInViewInterceptor - Opening JPA EntityManager in OpenEntityManagerInViewInterceptor
2026-08-17 23:46:38 - org.hibernate.orm.core - HHH006588: Opening session [tenant=null]
2026-08-17 23:46:38 - c.r.E.controller.ExpenseController - getAllExpanses Controller entered
2026-08-17 23:46:38 - o.s.orm.jpa.JpaTransactionManager - Found thread-bound EntityManager [SessionImpl(1044319941<open>)] for JPA transaction
2026-08-17 23:46:38 - o.s.orm.jpa.JpaTransactionManager - Creating new transaction with name [org.springframework.data.jpa.repository.support.SimpleJpaRepository.findAll]: PROPAGATION_REQUIRED,ISOLATION_DEFAULT,readOnly
2026-08-17 23:46:38 - o.s.jdbc.datasource.DataSourceUtils - Setting JDBC Connection [HikariProxyConnection@378227690 wrapping com.mysql.cj.jdbc.ConnectionImpl@39a865c1] read-only
2026-08-17 23:46:38 - org.hibernate.orm.core - HHH006583: Beginning transaction
2026-08-17 23:46:38 - o.s.orm.jpa.JpaTransactionManager - Exposing JPA transaction as JDBC [org.springframework.orm.jpa.vendor.HibernateJpaDialect$HibernateConnectionHandle@647fbd00]
2026-08-17 23:46:38 - org.hibernate.SQL - 
    select
        e1_0.id,
        e1_0.amount,
        e1_0.expense_date_time,
        e1_0.spend_on 
    from
        expense e1_0
2026-08-17 23:46:38 - o.s.orm.jpa.JpaTransactionManager - Initiating transaction commit
2026-08-17 23:46:38 - o.s.orm.jpa.JpaTransactionManager - Committing JPA transaction on EntityManager [SessionImpl(1044319941<open>)]
2026-08-17 23:46:38 - org.hibernate.orm.core - HHH006584: Committing transaction
2026-08-17 23:46:38 - o.s.jdbc.datasource.DataSourceUtils - Resetting read-only flag of JDBC Connection [HikariProxyConnection@378227690 wrapping com.mysql.cj.jdbc.ConnectionImpl@39a865c1]
2026-08-17 23:46:38 - o.s.orm.jpa.JpaTransactionManager - Not closing pre-bound JPA EntityManager after transaction
2026-08-17 23:46:38 - o.s.w.s.m.m.a.HttpEntityMethodProcessor - Using 'application/json', given [*/*] and supported [application/json, application/*+json]
2026-08-17 23:46:38 - o.s.w.s.m.m.a.HttpEntityMethodProcessor - Writing [[com.rakesh.ExpenseTracker.dto.ExpenseResponseDTO@aa9de6f]]
2026-08-17 23:46:38 - o.s.o.j.s.OpenEntityManagerInViewInterceptor - Closing JPA EntityManager in OpenEntityManagerInViewInterceptor
2026-08-17 23:46:38 - org.hibernate.session.metrics - HHH000401: Logging session metrics:
	453537 ns acquiring 1 JDBC connections
	0 ns releasing 0 JDBC connections
	2706682 ns preparing 1 JDBC statements
	829369 ns executing 1 JDBC statements
	0 ns executing 0 JDBC batches
	0 ns performing 0 second-level cache puts
	0 ns performing 0 second-level cache hits
	0 ns performing 0 second-level cache misses
	0 ns executing 0 flushes (flushing a total of 0 entities and 0 collections)
	148387 ns executing 1 pre-partial-flushes
	143271 ns executing 1 partial-flushes (flushing a total of 0 entities and 0 collections)

2026-08-17 23:46:38 - o.s.web.servlet.DispatcherServlet - Completed 200 OK
2026-08-17 23:46:48 - o.s.web.servlet.DispatcherServlet - POST "/Expense", parameters={}
2026-08-17 23:46:48 - o.s.w.s.m.m.a.RequestMappingHandlerMapping - Mapped to com.rakesh.ExpenseTracker.controller.ExpenseController#saveExpense(ExpenseRequestDTO)
2026-08-17 23:46:48 - o.s.o.j.s.OpenEntityManagerInViewInterceptor - Opening JPA EntityManager in OpenEntityManagerInViewInterceptor
2026-08-17 23:46:48 - org.hibernate.orm.core - HHH006588: Opening session [tenant=null]
2026-08-17 23:46:48 - o.s.w.s.m.m.a.RequestResponseBodyMethodProcessor - Read "application/json;charset=UTF-8" to [com.rakesh.ExpenseTracker.dto.ExpenseRequestDTO@50c81abe]
2026-08-17 23:46:48 - o.s.orm.jpa.JpaTransactionManager - Found thread-bound EntityManager [SessionImpl(1130998428<open>)] for JPA transaction
2026-08-17 23:46:48 - o.s.orm.jpa.JpaTransactionManager - Creating new transaction with name [org.springframework.data.jpa.repository.support.SimpleJpaRepository.save]: PROPAGATION_REQUIRED,ISOLATION_DEFAULT
2026-08-17 23:46:48 - org.hibernate.orm.core - HHH006583: Beginning transaction
2026-08-17 23:46:48 - o.s.orm.jpa.JpaTransactionManager - Exposing JPA transaction as JDBC [org.springframework.orm.jpa.vendor.HibernateJpaDialect$HibernateConnectionHandle@f3b8d0]
2026-08-17 23:46:48 - org.hibernate.SQL - 
    select
        next_val as id_val 
    from
        expense_seq 
    for
        update
2026-08-17 23:46:48 - org.hibernate.SQL - 
    update
        expense_seq 
    set
        next_val= ? 
    where
        next_val=?
2026-08-17 23:46:48 - o.s.orm.jpa.JpaTransactionManager - Initiating transaction commit
2026-08-17 23:46:48 - o.s.orm.jpa.JpaTransactionManager - Committing JPA transaction on EntityManager [SessionImpl(1130998428<open>)]
2026-08-17 23:46:48 - org.hibernate.orm.core - HHH006584: Committing transaction
2026-08-17 23:46:48 - org.hibernate.orm.event - HHH90060071: Flushed: 1 insertions, 0 updates, 0 deletions to 1 objects
2026-08-17 23:46:48 - org.hibernate.orm.event - HHH90060072: Flushed: 0 (re)creations, 0 updates, 0 removals to 0 collections
2026-08-17 23:46:48 - org.hibernate.orm.core - Listing entities:
2026-08-17 23:46:48 - org.hibernate.orm.core - com.rakesh.ExpenseTracker.entity.Expense{amount=500.0, dateAndTime=2026-08-17T23:46:48.412406, spendOn=Dinner, id=2}
2026-08-17 23:46:48 - org.hibernate.SQL - 
    insert 
    into
        expense
        (amount, expense_date_time, spend_on, id) 
    values
        (?, ?, ?, ?)
2026-08-17 23:46:48 - o.s.orm.jpa.JpaTransactionManager - Not closing pre-bound JPA EntityManager after transaction
2026-08-17 23:46:48 - o.s.w.s.m.m.a.HttpEntityMethodProcessor - Using 'application/json', given [*/*] and supported [application/json, application/*+json]
2026-08-17 23:46:48 - o.s.w.s.m.m.a.HttpEntityMethodProcessor - Writing [com.rakesh.ExpenseTracker.dto.ExpenseResponseDTO@453e42d2]
2026-08-17 23:46:48 - o.s.o.j.s.OpenEntityManagerInViewInterceptor - Closing JPA EntityManager in OpenEntityManagerInViewInterceptor
2026-08-17 23:46:48 - org.hibernate.session.metrics - HHH000401: Logging session metrics:
	797427 ns acquiring 2 JDBC connections
	14992 ns releasing 1 JDBC connections
	607241 ns preparing 3 JDBC statements
	6569217 ns executing 3 JDBC statements
	0 ns executing 0 JDBC batches
	0 ns performing 0 second-level cache puts
	0 ns performing 0 second-level cache hits
	0 ns performing 0 second-level cache misses
	14113672 ns executing 1 flushes (flushing a total of 1 entities and 0 collections)
	0 ns executing 0 pre-partial-flushes
	0 ns executing 0 partial-flushes (flushing a total of 0 entities and 0 collections)

2026-08-17 23:46:48 - o.s.web.servlet.DispatcherServlet - Completed 201 CREATED
2026-08-17 23:46:53 - o.s.b.a.ApplicationAvailabilityBean - Application availability state ReadinessState changed from ACCEPTING_TRAFFIC to REFUSING_TRAFFIC
2026-08-17 23:46:53 - o.s.b.w.s.s.c.AnnotationConfigServletWebServerApplicationContext - Closing org.springframework.boot.web.server.servlet.context.AnnotationConfigServletWebServerApplicationContext@1951b871, started on Mon Aug 17 23:46:25 IST 2026
2026-08-17 23:46:53 - o.s.c.s.DefaultLifecycleProcessor - Stopping beans in phase 2147482623
2026-08-17 23:46:53 - o.s.boot.tomcat.GracefulShutdown - Commencing graceful shutdown. Waiting for active requests to complete
2026-08-17 23:46:55 - o.s.boot.tomcat.GracefulShutdown - Graceful shutdown complete
2026-08-17 23:46:55 - o.s.c.s.DefaultLifecycleProcessor - Stopping beans in phase 2147481599
2026-08-17 23:46:55 - o.s.c.s.DefaultLifecycleProcessor - Bean 'webServerGracefulShutdown' completed its stop procedure
2026-08-17 23:46:55 - o.s.c.s.DefaultLifecycleProcessor - Bean 'webServerStartStop' completed its stop procedure
2026-08-17 23:46:55 - o.s.c.s.DefaultLifecycleProcessor - Stopping beans in phase 1073741823
2026-08-17 23:46:55 - o.s.c.s.DefaultLifecycleProcessor - Bean 'applicationTaskExecutor' completed its stop procedure
2026-08-17 23:46:55 - o.s.c.s.DefaultLifecycleProcessor - Stopping beans in phase -2147483647
2026-08-17 23:46:55 - o.s.c.s.DefaultLifecycleProcessor - Bean 'springBootLoggingLifecycle' completed its stop procedure
2026-08-17 23:46:55 - o.s.o.j.LocalContainerEntityManagerFactoryBean - Closing JPA EntityManagerFactory for persistence unit 'default'
2026-08-17 23:46:55 - org.hibernate.orm.factory - HHH90020005: Closing factory [276747f6-b073-4728-af5f-6f0ce94b8d33]
2026-08-17 23:46:55 - com.zaxxer.hikari.HikariDataSource - HikariPool-1 - Shutdown initiated...
2026-08-17 23:46:55 - com.zaxxer.hikari.pool.HikariPool - HikariPool-1 - Before shutdown stats (total=10/10, idle=10/10, active=0, waiting=0)
2026-08-17 23:46:55 - com.zaxxer.hikari.pool.PoolBase - HikariPool-1 - Closing connection com.mysql.cj.jdbc.ConnectionImpl@39a865c1: (connection evicted)
2026-08-17 23:46:55 - com.zaxxer.hikari.pool.PoolBase - HikariPool-1 - Closing connection com.mysql.cj.jdbc.ConnectionImpl@3081fe40: (connection evicted)
2026-08-17 23:46:55 - com.zaxxer.hikari.pool.PoolBase - HikariPool-1 - Closing connection com.mysql.cj.jdbc.ConnectionImpl@71bcf47b: (connection evicted)
2026-08-17 23:46:55 - com.zaxxer.hikari.pool.PoolBase - HikariPool-1 - Closing connection com.mysql.cj.jdbc.ConnectionImpl@40874624: (connection evicted)
2026-08-17 23:46:55 - com.zaxxer.hikari.pool.PoolBase - HikariPool-1 - Closing connection com.mysql.cj.jdbc.ConnectionImpl@305abda9: (connection evicted)
2026-08-17 23:46:55 - com.zaxxer.hikari.pool.PoolBase - HikariPool-1 - Closing connection com.mysql.cj.jdbc.ConnectionImpl@708fb6e1: (connection evicted)
2026-08-17 23:46:55 - com.zaxxer.hikari.pool.PoolBase - HikariPool-1 - Closing connection com.mysql.cj.jdbc.ConnectionImpl@61e96112: (connection evicted)
2026-08-17 23:46:55 - com.zaxxer.hikari.pool.PoolBase - HikariPool-1 - Closing connection com.mysql.cj.jdbc.ConnectionImpl@16cb53df: (connection evicted)
2026-08-17 23:46:55 - com.zaxxer.hikari.pool.PoolBase - HikariPool-1 - Closing connection com.mysql.cj.jdbc.ConnectionImpl@4999f3a6: (connection evicted)
2026-08-17 23:46:55 - com.zaxxer.hikari.pool.PoolBase - HikariPool-1 - Closing connection com.mysql.cj.jdbc.ConnectionImpl@68a4f727: (connection evicted)
2026-08-17 23:46:55 - com.zaxxer.hikari.pool.HikariPool - HikariPool-1 - After  shutdown stats (total=0/10, idle=0/10, active=0, waiting=0)
2026-08-17 23:46:55 - com.zaxxer.hikari.HikariDataSource - HikariPool-1 - Shutdown completed.
2026-08-17 23:46:55 - o.s.s.c.ThreadPoolTaskExecutor - Shutting down ExecutorService 'applicationTaskExecutor'
